con_type,name,id,iso_code,gwno,iso_n,gwc,Tracker,tracker_country,tracker_url,search_pax,total_agreements,unique_processes,peace_process_text,ucdp_country_id,ucdp_country,ucdp_fatalities_last_12,ucdp_events_last_12,ucdp_fatalities_last_month,ucdp_events_last_month,ucdp_fatalities_prev_month,ucdp_events_prev_month,ucdp_fatalities_prev_12_months,ucdp_events_prev_12_months,ucdp_change_in_events_last_month,ucdp_change_in_fatalities_last_month,ucdp_change_in_events_last_12_months,ucdp_change_in_fatalities_last_12_months,ucdp_percent_change_in_events_last_month,ucdp_percent_change_in_fatalities_last_month,ucdp_percent_change_in_events_last_12_months,ucdp_percent_change_in_fatalities_last_12_months,ucdp_last_updated,acled_iso_n,acled_Country,acled_fatalities_last_12,acled_events_last_12,acled_fatalities_last_month,acled_events_last_month,acled_fatalities_prev_month,acled_events_prev_month,acled_fatalities_prev_12_months,acled_events_prev_12_months,acled_change_in_events_last_month,acled_change_in_fatalities_last_month,acled_change_in_events_last_12_months,acled_change_in_fatalities_last_12_months,acled_percent_change_in_events_last_month,acled_percent_change_in_fatalities_last_month,acled_percent_change_in_events_last_12_months,acled_percent_change_in_fatalities_last_12_months,acled_last_updated,gpi_rank_value,gpi_total_con,gpi_summary,cpi_rank_value,cpi_total_con,cpi_summary,ipc_summary,idmc_summary,inform_summary,nap_summary,sm_general_updates,general_updates
pax,Afghanistan,5.0,AFG,700.0,4.0,AFG,1.0,Afghanistan,https://www.peaceagreements.org/tracker/afghanistan,https://www.peaceagreements.org/agreements/search/?search_type=basic-search&countries=5&match_any_issues=True&name=&text=&signed_after=&signed_before=,29,5,"<ul><li>The most recent agreement signed in Afghanistan was <a href=""https://www.peaceagreements.org/agreements/2879/"" target=""_blank"">Joint Statement on the Talks Between Afghanistan and Pakistan Through the Mediation of Türkiye and Qatar (30/10/2025)</a>, as part of the Afghanistan-Pakistan: border incursions process.</li><li>There has been a total of 29 agreements in Afghanistan, since the first agreement was signed in 1992 (<a href=""https://www.peaceagreements.org/agreements/482/"" target=""_blank"">Peshawar Accord (24/04/1992)</a>), in 5 peace processes (Afghanistan: 1990s Taliban process, Afghanistan: 2000s Post-intervention process, Afghanistan Islamic-Emirates-intra-Afghan, Afghanistan-Pakistan: border incursions process, Pakistan-Taliban process).</li></ul>",700.0,Afghanistan,98.0,51.0,0.0,0.0,0.0,0.0,328.0,154.0,0.0,0.0,-103.0,-230.0,0.0,0.0,-66.88311688311688,-70.1219512195122,2026-01-31,4.0,Afghanistan,1146,884,355,192,116,95,1390,1115,97,239,-231,-244,102.10526315789474,206.0344827586207,-20.717488789237667,-17.553956834532375,2026-03-31,158.0,165,Afghanistan ranked 158 out of 165 countries in the Global Peace Index (2025).,169.0,182,Afghanistan ranked 169 out of 182 countries in the Corruption Perception Index (2025).,"In the current period of analysis (Oct 2025) by the <a href='https://data.humdata.org/dataset/global-acute-food-insecurity-country-data', target='_blank'>IPC</a>, 28% of the population of Afghanistan are in IPC Phase 3+ (in food crisis), an estimated 13775635 people. 6% (2865558 people) are estimated to be in Phase 4 (emergency).","In Afghanistan there has been a total of 4,186,882 people displaced, with 3,219 new displacements in 2024 [<a href='https://data.humdata.org/dataset/idmc-internal-displacements-new-displacements-idps', target='_blank'>IDMC</a>].","There are 2 current crises and severity categories listed in the <a href=""https://www.acaps.org/en/thematics/all-topics/inform-severity-index"" target=""_blank"">INFORM Severity Index</a> for Afghanistan: 2025 Earthquake in Eastern Provinces (High), Complex crisis in Afghanistan (Very High), as of 31/03/26.","Afghanistan is one of 12 focus countries in the UK's WPS <a href='https://assets.publishing.service.gov.uk/government/uploads/system/uploads/attachment_data/file/1156085/uk-women-peace-security-national-action-plan-2023-2027.pdf', target='_blank'>National Action Plan</a> for 2023-2027. ","<ul><li>In the current period of analysis (Oct 2025) by the <a href='https://data.humdata.org/dataset/global-acute-food-insecurity-country-data', target='_blank'>IPC</a>, 28% of the population of Afghanistan are in IPC Phase 3+ (in food crisis), an estimated 13775635 people. 6% (2865558 people) are estimated to be in Phase 4 (emergency).</li><li>In Afghanistan there has been a total of 4,186,882 people displaced, with 3,219 new displacements in 2024 [<a href='https://data.humdata.org/dataset/idmc-internal-displacements-new-displacements-idps', target='_blank'>IDMC</a>].</li><li>There are 2 current crises and severity categories listed in the <a href=""https://www.acaps.org/en/thematics/all-topics/inform-severity-index"" target=""_blank"">INFORM Severity Index</a> for Afghanistan: 2025 Earthquake in Eastern Provinces (High), Complex crisis in Afghanistan (Very High), as of 31/03/26.</li><li>Afghanistan is one of 12 focus countries in the UK's WPS <a href='https://assets.publishing.service.gov.uk/government/uploads/system/uploads/attachment_data/file/1156085/uk-women-peace-security-national-action-plan-2023-2027.pdf', target='_blank'>National Action Plan</a> for 2023-2027.</li></ul>","<ul><li>Afghanistan ranked 158 out of 165 countries in the Global Peace Index (2025).</li><li>Afghanistan ranked 169 out of 182 countries in the Corruption Perception Index (2025).</li><li>In the current period of analysis (Oct 2025) by the <a href='https://data.humdata.org/dataset/global-acute-food-insecurity-country-data', target='_blank'>IPC</a>, 28% of the population of Afghanistan are in IPC Phase 3+ (in food crisis), an estimated 13775635 people. 6% (2865558 people) are estimated to be in Phase 4 (emergency).</li><li>In Afghanistan there has been a total of 4,186,882 people displaced, with 3,219 new displacements in 2024 [<a href='https://data.humdata.org/dataset/idmc-internal-displacements-new-displacements-idps', target='_blank'>IDMC</a>].</li><li>There are 2 current crises and severity categories listed in the <a href=""https://www.acaps.org/en/thematics/all-topics/inform-severity-index"" target=""_blank"">INFORM Severity Index</a> for Afghanistan: 2025 Earthquake in Eastern Provinces (High), Complex crisis in Afghanistan (Very High), as of 31/03/26.</li><li>Afghanistan is one of 12 focus countries in the UK's WPS <a href='https://assets.publishing.service.gov.uk/government/uploads/system/uploads/attachment_data/file/1156085/uk-women-peace-security-national-action-plan-2023-2027.pdf', target='_blank'>National Action Plan</a> for 2023-2027.</li></ul>"
pax,Afghanistan,5.0,AFG,700.0,4.0,AFG,1.0,Afghanistan,https://www.peaceagreements.org/tracker/afghanistan,https://www.peaceagreements.org/agreements/search/?search_type=basic-search&countries=5&match_any_issues=True&name=&text=&signed_after=&signed_before=,29,5,"<ul><li>The most recent agreement signed in Afghanistan was <a href=""https://www.peaceagreements.org/agreements/2879/"" target=""_blank"">Joint Statement on the Talks Between Afghanistan and Pakistan Through the Mediation of Türkiye and Qatar (30/10/2025)</a>, as part of the Afghanistan-Pakistan: border incursions process.</li><li>There has been a total of 29 agreements in Afghanistan, since the first agreement was signed in 1992 (<a href=""https://www.peaceagreements.org/agreements/482/"" target=""_blank"">Peshawar Accord (24/04/1992)</a>), in 5 peace processes (Afghanistan: 1990s Taliban process, Afghanistan: 2000s Post-intervention process, Afghanistan Islamic-Emirates-intra-Afghan, Afghanistan-Pakistan: border incursions process, Pakistan-Taliban process).</li></ul>",700.0,Afghanistan,98.0,51.0,0.0,0.0,0.0,0.0,328.0,154.0,0.0,0.0,-103.0,-230.0,0.0,0.0,-66.88311688311688,-70.1219512195122,2026-01-31,4.0,Afghanistan,1146,884,355,192,116,95,1390,1115,97,239,-231,-244,102.10526315789474,206.0344827586207,-20.717488789237667,-17.553956834532375,2026-03-31,3.229,165,Afghanistan ranked 3 out of 165 countries in the Global Peace Index (2025).,169.0,182,Afghanistan ranked 169 out of 182 countries in the Corruption Perception Index (2025).,"In the current period of analysis (Oct 2025) by the <a href='https://data.humdata.org/dataset/global-acute-food-insecurity-country-data', target='_blank'>IPC</a>, 28% of the population of Afghanistan are in IPC Phase 3+ (in food crisis), an estimated 13775635 people. 6% (2865558 people) are estimated to be in Phase 4 (emergency).","In Afghanistan there has been a total of 4,186,882 people displaced, with 3,219 new displacements in 2024 [<a href='https://data.humdata.org/dataset/idmc-internal-displacements-new-displacements-idps', target='_blank'>IDMC</a>].","There are 2 current crises and severity categories listed in the <a href=""https://www.acaps.org/en/thematics/all-topics/inform-severity-index"" target=""_blank"">INFORM Severity Index</a> for Afghanistan: 2025 Earthquake in Eastern Provinces (High), Complex crisis in Afghanistan (Very High), as of 31/03/26.","Afghanistan is one of 12 focus countries in the UK's WPS <a href='https://assets.publishing.service.gov.uk/government/uploads/system/uploads/attachment_data/file/1156085/uk-women-peace-security-national-action-plan-2023-2027.pdf', target='_blank'>National Action Plan</a> for 2023-2027. ","<ul><li>In the current period of analysis (Oct 2025) by the <a href='https://data.humdata.org/dataset/global-acute-food-insecurity-country-data', target='_blank'>IPC</a>, 28% of the population of Afghanistan are in IPC Phase 3+ (in food crisis), an estimated 13775635 people. 6% (2865558 people) are estimated to be in Phase 4 (emergency).</li><li>In Afghanistan there has been a total of 4,186,882 people displaced, with 3,219 new displacements in 2024 [<a href='https://data.humdata.org/dataset/idmc-internal-displacements-new-displacements-idps', target='_blank'>IDMC</a>].</li><li>There are 2 current crises and severity categories listed in the <a href=""https://www.acaps.org/en/thematics/all-topics/inform-severity-index"" target=""_blank"">INFORM Severity Index</a> for Afghanistan: 2025 Earthquake in Eastern Provinces (High), Complex crisis in Afghanistan (Very High), as of 31/03/26.</li><li>Afghanistan is one of 12 focus countries in the UK's WPS <a href='https://assets.publishing.service.gov.uk/government/uploads/system/uploads/attachment_data/file/1156085/uk-women-peace-security-national-action-plan-2023-2027.pdf', target='_blank'>National Action Plan</a> for 2023-2027.</li></ul>","<ul><li>Afghanistan ranked 3 out of 165 countries in the Global Peace Index (2025).</li><li>Afghanistan ranked 169 out of 182 countries in the Corruption Perception Index (2025).</li><li>In the current period of analysis (Oct 2025) by the <a href='https://data.humdata.org/dataset/global-acute-food-insecurity-country-data', target='_blank'>IPC</a>, 28% of the population of Afghanistan are in IPC Phase 3+ (in food crisis), an estimated 13775635 people. 6% (2865558 people) are estimated to be in Phase 4 (emergency).</li><li>In Afghanistan there has been a total of 4,186,882 people displaced, with 3,219 new displacements in 2024 [<a href='https://data.humdata.org/dataset/idmc-internal-displacements-new-displacements-idps', target='_blank'>IDMC</a>].</li><li>There are 2 current crises and severity categories listed in the <a href=""https://www.acaps.org/en/thematics/all-topics/inform-severity-index"" target=""_blank"">INFORM Severity Index</a> for Afghanistan: 2025 Earthquake in Eastern Provinces (High), Complex crisis in Afghanistan (Very High), as of 31/03/26.</li><li>Afghanistan is one of 12 focus countries in the UK's WPS <a href='https://assets.publishing.service.gov.uk/government/uploads/system/uploads/attachment_data/file/1156085/uk-women-peace-security-national-action-plan-2023-2027.pdf', target='_blank'>National Action Plan</a> for 2023-2027.</li></ul>"
pax,Algeria,8.0,DZA,615.0,12.0,ALG,2.0,All,https://www.peaceagreements.org/tracker/all,https://www.peaceagreements.org/agreements/search/?search_type=basic-search&countries=8&match_any_issues=True&name=&text=&signed_after=&signed_before=,6,1,"<ul><li>The most recent agreement signed in Algeria was <a href=""https://www.peaceagreements.org/agreements/1595/"" target=""_blank"">Project de charte pour la paix et la réconciliation nationale (14/08/2005)</a>, as part of the Algeria: Bouteflika Process.</li><li>There has been a total of 6 agreements in Algeria, since the first agreement was signed in 1994 (<a href=""https://www.peaceagreements.org/agreements/484/"" target=""_blank"">Plate-forme portant consensus national sur la période transitoire (26/01/1994)</a>), in 1 peace process (Algeria: Bouteflika Process).</li></ul>",,,,,,,,,,,,,,,,,,,,12.0,Algeria,50,25,12,3,6,3,39,23,0,6,2,11,0.0,100.0,8.695652173913043,28.205128205128204,2026-03-31,92.0,165,Algeria ranked 92 out of 165 countries in the Global Peace Index (2025).,109.0,182,Algeria ranked 109 out of 182 countries in the Corruption Perception Index (2025).,,,"There are 3 current crises and severity categories listed in the <a href=""https://www.acaps.org/en/thematics/all-topics/inform-severity-index"" target=""_blank"">INFORM Severity Index</a> for Algeria: Displacement of Sahrawi refugees to Tindouf (Medium), International displacement to Algeria (Medium), Multiple crises in Algeria (Medium), as of 25/03/26.",,"<ul><li>There are 3 current crises and severity categories listed in the <a href=""https://www.acaps.org/en/thematics/all-topics/inform-severity-index"" target=""_blank"">INFORM Severity Index</a> for Algeria: Displacement of Sahrawi refugees to Tindouf (Medium), International displacement to Algeria (Medium), Multiple crises in Algeria (Medium), as of 25/03/26.</li></ul>","<ul><li>Algeria ranked 92 out of 165 countries in the Global Peace Index (2025).</li><li>Algeria ranked 109 out of 182 countries in the Corruption Perception Index (2025).</li><li>There are 3 current crises and severity categories listed in the <a href=""https://www.acaps.org/en/thematics/all-topics/inform-severity-index"" target=""_blank"">INFORM Severity Index</a> for Algeria: Displacement of Sahrawi refugees to Tindouf (Medium), International displacement to Algeria (Medium), Multiple crises in Algeria (Medium), as of 25/03/26.</li></ul>"
pax,Algeria,8.0,DZA,615.0,12.0,ALG,2.0,All,https://www.peaceagreements.org/tracker/all,https://www.peaceagreements.org/agreements/search/?search_type=basic-search&countries=8&match_any_issues=True&name=&text=&signed_after=&signed_before=,6,1,"<ul><li>The most recent agreement signed in Algeria was <a href=""https://www.peaceagreements.org/agreements/1595/"" target=""_blank"">Project de charte pour la paix et la réconciliation nationale (14/08/2005)</a>, as part of the Algeria: Bouteflika Process.</li><li>There has been a total of 6 agreements in Algeria, since the first agreement was signed in 1994 (<a href=""https://www.peaceagreements.org/agreements/484/"" target=""_blank"">Plate-forme portant consensus national sur la période transitoire (26/01/1994)</a>), in 1 peace process (Algeria: Bouteflika Process).</li></ul>",,,,,,,,,,,,,,,,,,,,12.0,Algeria,50,25,12,3,6,3,39,23,0,6,2,11,0.0,100.0,8.695652173913043,28.205128205128204,2026-03-31,2.042,165,Algeria ranked 2 out of 165 countries in the Global Peace Index (2025).,109.0,182,Algeria ranked 109 out of 182 countries in the Corruption Perception Index (2025).,,,"There are 3 current crises and severity categories listed in the <a href=""https://www.acaps.org/en/thematics/all-topics/inform-severity-index"" target=""_blank"">INFORM Severity Index</a> for Algeria: Displacement of Sahrawi refugees to Tindouf (Medium), International displacement to Algeria (Medium), Multiple crises in Algeria (Medium), as of 25/03/26.",,"<ul><li>There are 3 current crises and severity categories listed in the <a href=""https://www.acaps.org/en/thematics/all-topics/inform-severity-index"" target=""_blank"">INFORM Severity Index</a> for Algeria: Displacement of Sahrawi refugees to Tindouf (Medium), International displacement to Algeria (Medium), Multiple crises in Algeria (Medium), as of 25/03/26.</li></ul>","<ul><li>Algeria ranked 2 out of 165 countries in the Global Peace Index (2025).</li><li>Algeria ranked 109 out of 182 countries in the Corruption Perception Index (2025).</li><li>There are 3 current crises and severity categories listed in the <a href=""https://www.acaps.org/en/thematics/all-topics/inform-severity-index"" target=""_blank"">INFORM Severity Index</a> for Algeria: Displacement of Sahrawi refugees to Tindouf (Medium), International displacement to Algeria (Medium), Multiple crises in Algeria (Medium), as of 25/03/26.</li></ul>"
pax,Angola,9.0,AGO,540.0,24.0,ANG,2.0,All,https://www.peaceagreements.org/tracker/all,https://www.peaceagreements.org/agreements/search/?search_type=basic-search&countries=9&match_any_issues=True&name=&text=&signed_after=&signed_before=,13,2,"<ul><li>The most recent agreement signed in Angola was <a href=""https://www.peaceagreements.org/agreements/1336/"" target=""_blank"">Memorandum of Peace and Understanding in Cabinda Province (01/08/2006)</a>, as part of the Cabinda process.</li><li>There has been a total of 13 agreements in Angola, since the first agreement was signed in 1991 (<a href=""https://www.peaceagreements.org/agreements/207/"" target=""_blank"">Peace Accords for Angola, Lisbon ('Bicesse Accords') (31/05/1991)</a>), in 2 peace processes (Angola: UNITA process, Cabinda process).</li></ul>",,,,,,,,,,,,,,,,,,,,24.0,Angola,118,53,5,6,3,3,145,49,3,2,4,-27,100.0,66.66666666666666,8.16326530612245,-18.620689655172416,2026-03-31,76.0,165,Angola ranked 76 out of 165 countries in the Global Peace Index (2025).,120.0,182,Angola ranked 120 out of 182 countries in the Corruption Perception Index (2025).,"In the current period of analysis (Jun 2021) by the <a href='https://data.humdata.org/dataset/global-acute-food-insecurity-country-data', target='_blank'>IPC</a>, 49% of the population of Angola are in IPC Phase 3+ (in food crisis), an estimated 1315532 people. 12% (307288 people) are estimated to be in Phase 4 (emergency).",,"There is 1 current crisis and severity category listed in the <a href=""https://www.acaps.org/en/thematics/all-topics/inform-severity-index"" target=""_blank"">INFORM Severity Index</a> for Angola: Drought in South-West Angola (High), as of 28/02/26.",,"<ul><li>In the current period of analysis (Jun 2021) by the <a href='https://data.humdata.org/dataset/global-acute-food-insecurity-country-data', target='_blank'>IPC</a>, 49% of the population of Angola are in IPC Phase 3+ (in food crisis), an estimated 1315532 people. 12% (307288 people) are estimated to be in Phase 4 (emergency).</li><li>There is 1 current crisis and severity category listed in the <a href=""https://www.acaps.org/en/thematics/all-topics/inform-severity-index"" target=""_blank"">INFORM Severity Index</a> for Angola: Drought in South-West Angola (High), as of 28/02/26.</li></ul>","<ul><li>Angola ranked 76 out of 165 countries in the Global Peace Index (2025).</li><li>Angola ranked 120 out of 182 countries in the Corruption Perception Index (2025).</li><li>In the current period of analysis (Jun 2021) by the <a href='https://data.humdata.org/dataset/global-acute-food-insecurity-country-data', target='_blank'>IPC</a>, 49% of the population of Angola are in IPC Phase 3+ (in food crisis), an estimated 1315532 people. 12% (307288 people) are estimated to be in Phase 4 (emergency).</li><li>There is 1 current crisis and severity category listed in the <a href=""https://www.acaps.org/en/thematics/all-topics/inform-severity-index"" target=""_blank"">INFORM Severity Index</a> for Angola: Drought in South-West Angola (High), as of 28/02/26.</li></ul>"
pax,Angola,9.0,AGO,540.0,24.0,ANG,2.0,All,https://www.peaceagreements.org/tracker/all,https://www.peaceagreements.org/agreements/search/?search_type=basic-search&countries=9&match_any_issues=True&name=&text=&signed_after=&signed_before=,13,2,"<ul><li>The most recent agreement signed in Angola was <a href=""https://www.peaceagreements.org/agreements/1336/"" target=""_blank"">Memorandum of Peace and Understanding in Cabinda Province (01/08/2006)</a>, as part of the Cabinda process.</li><li>There has been a total of 13 agreements in Angola, since the first agreement was signed in 1991 (<a href=""https://www.peaceagreements.org/agreements/207/"" target=""_blank"">Peace Accords for Angola, Lisbon ('Bicesse Accords') (31/05/1991)</a>), in 2 peace processes (Angola: UNITA process, Cabinda process).</li></ul>",,,,,,,,,,,,,,,,,,,,24.0,Angola,118,53,5,6,3,3,145,49,3,2,4,-27,100.0,66.66666666666666,8.16326530612245,-18.620689655172416,2026-03-31,1.987,165,Angola ranked 1 out of 165 countries in the Global Peace Index (2025).,120.0,182,Angola ranked 120 out of 182 countries in the Corruption Perception Index (2025).,"In the current period of analysis (Jun 2021) by the <a href='https://data.humdata.org/dataset/global-acute-food-insecurity-country-data', target='_blank'>IPC</a>, 49% of the population of Angola are in IPC Phase 3+ (in food crisis), an estimated 1315532 people. 12% (307288 people) are estimated to be in Phase 4 (emergency).",,"There is 1 current crisis and severity category listed in the <a href=""https://www.acaps.org/en/thematics/all-topics/inform-severity-index"" target=""_blank"">INFORM Severity Index</a> for Angola: Drought in South-West Angola (High), as of 28/02/26.",,"<ul><li>In the current period of analysis (Jun 2021) by the <a href='https://data.humdata.org/dataset/global-acute-food-insecurity-country-data', target='_blank'>IPC</a>, 49% of the population of Angola are in IPC Phase 3+ (in food crisis), an estimated 1315532 people. 12% (307288 people) are estimated to be in Phase 4 (emergency).</li><li>There is 1 current crisis and severity category listed in the <a href=""https://www.acaps.org/en/thematics/all-topics/inform-severity-index"" target=""_blank"">INFORM Severity Index</a> for Angola: Drought in South-West Angola (High), as of 28/02/26.</li></ul>","<ul><li>Angola ranked 1 out of 165 countries in the Global Peace Index (2025).</li><li>Angola ranked 120 out of 182 countries in the Corruption Perception Index (2025).</li><li>In the current period of analysis (Jun 2021) by the <a href='https://data.humdata.org/dataset/global-acute-food-insecurity-country-data', target='_blank'>IPC</a>, 49% of the population of Angola are in IPC Phase 3+ (in food crisis), an estimated 1315532 people. 12% (307288 people) are estimated to be in Phase 4 (emergency).</li><li>There is 1 current crisis and severity category listed in the <a href=""https://www.acaps.org/en/thematics/all-topics/inform-severity-index"" target=""_blank"">INFORM Severity Index</a> for Angola: Drought in South-West Angola (High), as of 28/02/26.</li></ul>"
pax,Argentina,11.0,ARG,160.0,32.0,ARG,2.0,All,https://www.peaceagreements.org/tracker/all,https://www.peaceagreements.org/agreements/search/?search_type=basic-search&countries=11&match_any_issues=True&name=&text=&signed_after=&signed_before=,2,1,"<ul><li>The most recent agreement signed in Argentina was <a href=""https://www.peaceagreements.org/agreements/423/"" target=""_blank"">Joint Declaration on Cooperation over Offshore Activities in the South West Atlantic (27/09/1995)</a>, as part of the Argentina-UK: Falklands process.</li><li>There has been a total of 2 agreements in Argentina, since the first agreement was signed in 1990 (<a href=""https://www.peaceagreements.org/agreements/431/"" target=""_blank"">Joint Statement of Confidence-Building Measures, including an Information and Consultation System and Safety Measures for Air and Maritime Navigation (15/02/1990)</a>), in 1 peace process (Argentina-UK: Falklands process).</li></ul>",,,,,,,,,,,,,,,,,,,,32.0,Argentina,9,19,0,1,0,1,4,16,0,0,3,5,0.0,0.0,18.75,125.0,2026-03-31,1.768,165,Argentina ranked 1 out of 165 countries in the Global Peace Index (2025).,104.0,182,Argentina ranked 104 out of 182 countries in the Corruption Perception Index (2025).,,,,, ,<ul><li>Argentina ranked 1 out of 165 countries in the Global Peace Index (2025).</li><li>Argentina ranked 104 out of 182 countries in the Corruption Perception Index (2025).</li></ul>
pax,Argentina,11.0,ARG,160.0,32.0,ARG,2.0,All,https://www.peaceagreements.org/tracker/all,https://www.peaceagreements.org/agreements/search/?search_type=basic-search&countries=11&match_any_issues=True&name=&text=&signed_after=&signed_before=,2,1,"<ul><li>The most recent agreement signed in Argentina was <a href=""https://www.peaceagreements.org/agreements/423/"" target=""_blank"">Joint Declaration on Cooperation over Offshore Activities in the South West Atlantic (27/09/1995)</a>, as part of the Argentina-UK: Falklands process.</li><li>There has been a total of 2 agreements in Argentina, since the first agreement was signed in 1990 (<a href=""https://www.peaceagreements.org/agreements/431/"" target=""_blank"">Joint Statement of Confidence-Building Measures, including an Information and Consultation System and Safety Measures for Air and Maritime Navigation (15/02/1990)</a>), in 1 peace process (Argentina-UK: Falklands process).</li></ul>",,,,,,,,,,,,,,,,,,,,32.0,Argentina,9,19,0,1,0,1,4,16,0,0,3,5,0.0,0.0,18.75,125.0,2026-03-31,46.0,165,Argentina ranked 46 out of 165 countries in the Global Peace Index (2025).,104.0,182,Argentina ranked 104 out of 182 countries in the Corruption Perception Index (2025).,,,,, ,<ul><li>Argentina ranked 46 out of 165 countries in the Global Peace Index (2025).</li><li>Argentina ranked 104 out of 182 countries in the Corruption Perception Index (2025).</li></ul>
pax,Armenia,12.0,ARM,371.0,51.0,ARM,2.0,All,https://www.peaceagreements.org/tracker/all,https://www.peaceagreements.org/agreements/search/?search_type=basic-search&countries=12&match_any_issues=True&name=&text=&signed_after=&signed_before=,33,4,"<ul><li>The most recent agreement signed in Armenia was <a href=""https://www.peaceagreements.org/agreements/2804/"" target=""_blank"">Joint Declaration by the President of the Republic of Azerbaijan, the Prime Minister of the Republic of Armenia and the President of the United States of America on the outcomes of their meeting in Washington D.C., United States of America (08/08/2025)</a>, as part of the Armenia-Azerbaijan-Nagorno Karabakh: US-led process.</li><li>There has been a total of 33 agreements in Armenia, since the first agreement was signed in 1991 (<a href=""https://www.peaceagreements.org/agreements/611/"" target=""_blank"">Zheleznovodsk Declaration (23/09/1991)</a>), in 4 peace processes (Armenia-Azerbaijan-Nagorno Karabakh: Process 2020, Armenia-Azerbaijan-Nagorno Karabakh: OSCE Minsk Process, Armenia-Azerbaijan-Nagorno Karabakh: US-led process, Armenia-Azerbaijan-Nagorno Karabakh: Process 1990s).</li></ul>",,,,,,,,,,,,,,,,,,,,51.0,Armenia,2,94,0,1,0,0,0,67,1,0,27,2,0.0,0.0,40.298507462686565,0.0,2026-03-31,58.0,165,Armenia ranked 58 out of 165 countries in the Global Peace Index (2025).,65.0,182,Armenia ranked 65 out of 182 countries in the Corruption Perception Index (2025).,,"In Armenia, there were no reported displacements in 2024 [<a href='https://data.humdata.org/dataset/idmc-internal-displacements-new-displacements-idps', target='_blank'>IDMC</a>].",,,"<ul><li>In Armenia, there were no reported displacements in 2024 [<a href='https://data.humdata.org/dataset/idmc-internal-displacements-new-displacements-idps', target='_blank'>IDMC</a>].</li></ul>","<ul><li>Armenia ranked 58 out of 165 countries in the Global Peace Index (2025).</li><li>Armenia ranked 65 out of 182 countries in the Corruption Perception Index (2025).</li><li>In Armenia, there were no reported displacements in 2024 [<a href='https://data.humdata.org/dataset/idmc-internal-displacements-new-displacements-idps', target='_blank'>IDMC</a>].</li></ul>"
pax,Armenia,12.0,ARM,371.0,51.0,ARM,2.0,All,https://www.peaceagreements.org/tracker/all,https://www.peaceagreements.org/agreements/search/?search_type=basic-search&countries=12&match_any_issues=True&name=&text=&signed_after=&signed_before=,33,4,"<ul><li>The most recent agreement signed in Armenia was <a href=""https://www.peaceagreements.org/agreements/2804/"" target=""_blank"">Joint Declaration by the President of the Republic of Azerbaijan, the Prime Minister of the Republic of Armenia and the President of the United States of America on the outcomes of their meeting in Washington D.C., United States of America (08/08/2025)</a>, as part of the Armenia-Azerbaijan-Nagorno Karabakh: US-led process.</li><li>There has been a total of 33 agreements in Armenia, since the first agreement was signed in 1991 (<a href=""https://www.peaceagreements.org/agreements/611/"" target=""_blank"">Zheleznovodsk Declaration (23/09/1991)</a>), in 4 peace processes (Armenia-Azerbaijan-Nagorno Karabakh: Process 2020, Armenia-Azerbaijan-Nagorno Karabakh: OSCE Minsk Process, Armenia-Azerbaijan-Nagorno Karabakh: US-led process, Armenia-Azerbaijan-Nagorno Karabakh: Process 1990s).</li></ul>",,,,,,,,,,,,,,,,,,,,51.0,Armenia,2,94,0,1,0,0,0,67,1,0,27,2,0.0,0.0,40.298507462686565,0.0,2026-03-31,1.893,165,Armenia ranked 1 out of 165 countries in the Global Peace Index (2025).,65.0,182,Armenia ranked 65 out of 182 countries in the Corruption Perception Index (2025).,,"In Armenia, there were no reported displacements in 2024 [<a href='https://data.humdata.org/dataset/idmc-internal-displacements-new-displacements-idps', target='_blank'>IDMC</a>].",,,"<ul><li>In Armenia, there were no reported displacements in 2024 [<a href='https://data.humdata.org/dataset/idmc-internal-displacements-new-displacements-idps', target='_blank'>IDMC</a>].</li></ul>","<ul><li>Armenia ranked 1 out of 165 countries in the Global Peace Index (2025).</li><li>Armenia ranked 65 out of 182 countries in the Corruption Perception Index (2025).</li><li>In Armenia, there were no reported displacements in 2024 [<a href='https://data.humdata.org/dataset/idmc-internal-displacements-new-displacements-idps', target='_blank'>IDMC</a>].</li></ul>"
pax,Azerbaijan,16.0,AZE,373.0,31.0,AZE,2.0,All,https://www.peaceagreements.org/tracker/all,https://www.peaceagreements.org/agreements/search/?search_type=basic-search&countries=16&match_any_issues=True&name=&text=&signed_after=&signed_before=,33,4,"<ul><li>The most recent agreement signed in Azerbaijan was <a href=""https://www.peaceagreements.org/agreements/2804/"" target=""_blank"">Joint Declaration by the President of the Republic of Azerbaijan, the Prime Minister of the Republic of Armenia and the President of the United States of America on the outcomes of their meeting in Washington D.C., United States of America (08/08/2025)</a>, as part of the Armenia-Azerbaijan-Nagorno Karabakh: US-led process.</li><li>There has been a total of 33 agreements in Azerbaijan, since the first agreement was signed in 1991 (<a href=""https://www.peaceagreements.org/agreements/611/"" target=""_blank"">Zheleznovodsk Declaration (23/09/1991)</a>), in 4 peace processes (Armenia-Azerbaijan-Nagorno Karabakh: Process 1990s, Armenia-Azerbaijan-Nagorno Karabakh: OSCE Minsk Process, Armenia-Azerbaijan-Nagorno Karabakh: Process 2020, Armenia-Azerbaijan-Nagorno Karabakh: US-led process).</li></ul>",,,,,,,,,,,,,,,,,,,,31.0,Azerbaijan,1,27,0,3,0,1,7,72,2,0,-45,-6,200.0,0.0,-62.5,-85.71428571428571,2026-03-31,95.0,165,Azerbaijan ranked 95 out of 165 countries in the Global Peace Index (2025).,130.0,182,Azerbaijan ranked 130 out of 182 countries in the Corruption Perception Index (2025).,,"In Azerbaijan, there has been a total of 657,996 people displaced as of end of 2024 [<a href='https://data.humdata.org/dataset/idmc-internal-displacements-new-displacements-idps', target='_blank'>IDMC</a>].",,,"<ul><li>In Azerbaijan, there has been a total of 657,996 people displaced as of end of 2024 [<a href='https://data.humdata.org/dataset/idmc-internal-displacements-new-displacements-idps', target='_blank'>IDMC</a>].</li></ul>","<ul><li>Azerbaijan ranked 95 out of 165 countries in the Global Peace Index (2025).</li><li>Azerbaijan ranked 130 out of 182 countries in the Corruption Perception Index (2025).</li><li>In Azerbaijan, there has been a total of 657,996 people displaced as of end of 2024 [<a href='https://data.humdata.org/dataset/idmc-internal-displacements-new-displacements-idps', target='_blank'>IDMC</a>].</li></ul>"
pax,Azerbaijan,16.0,AZE,373.0,31.0,AZE,2.0,All,https://www.peaceagreements.org/tracker/all,https://www.peaceagreements.org/agreements/search/?search_type=basic-search&countries=16&match_any_issues=True&name=&text=&signed_after=&signed_before=,33,4,"<ul><li>The most recent agreement signed in Azerbaijan was <a href=""https://www.peaceagreements.org/agreements/2804/"" target=""_blank"">Joint Declaration by the President of the Republic of Azerbaijan, the Prime Minister of the Republic of Armenia and the President of the United States of America on the outcomes of their meeting in Washington D.C., United States of America (08/08/2025)</a>, as part of the Armenia-Azerbaijan-Nagorno Karabakh: US-led process.</li><li>There has been a total of 33 agreements in Azerbaijan, since the first agreement was signed in 1991 (<a href=""https://www.peaceagreements.org/agreements/611/"" target=""_blank"">Zheleznovodsk Declaration (23/09/1991)</a>), in 4 peace processes (Armenia-Azerbaijan-Nagorno Karabakh: Process 1990s, Armenia-Azerbaijan-Nagorno Karabakh: OSCE Minsk Process, Armenia-Azerbaijan-Nagorno Karabakh: Process 2020, Armenia-Azerbaijan-Nagorno Karabakh: US-led process).</li></ul>",,,,,,,,,,,,,,,,,,,,31.0,Azerbaijan,1,27,0,3,0,1,7,72,2,0,-45,-6,200.0,0.0,-62.5,-85.71428571428571,2026-03-31,2.067,165,Azerbaijan ranked 2 out of 165 countries in the Global Peace Index (2025).,130.0,182,Azerbaijan ranked 130 out of 182 countries in the Corruption Perception Index (2025).,,"In Azerbaijan, there has been a total of 657,996 people displaced as of end of 2024 [<a href='https://data.humdata.org/dataset/idmc-internal-displacements-new-displacements-idps', target='_blank'>IDMC</a>].",,,"<ul><li>In Azerbaijan, there has been a total of 657,996 people displaced as of end of 2024 [<a href='https://data.humdata.org/dataset/idmc-internal-displacements-new-displacements-idps', target='_blank'>IDMC</a>].</li></ul>","<ul><li>Azerbaijan ranked 2 out of 165 countries in the Global Peace Index (2025).</li><li>Azerbaijan ranked 130 out of 182 countries in the Corruption Perception Index (2025).</li><li>In Azerbaijan, there has been a total of 657,996 people displaced as of end of 2024 [<a href='https://data.humdata.org/dataset/idmc-internal-displacements-new-displacements-idps', target='_blank'>IDMC</a>].</li></ul>"
pax,Bahrain,161.0,BHR,692.0,48.0,BAH,2.0,All,https://www.peaceagreements.org/tracker/all,https://www.peaceagreements.org/agreements/search/?search_type=basic-search&countries=161&match_any_issues=True&name=&text=&signed_after=&signed_before=,5,1,"<ul><li>The most recent agreement signed in Bahrain was <a href=""https://www.peaceagreements.org/agreements/1412/"" target=""_blank"">His Majesty Delivers a Speech to Citizens Concerning Request to Amend Some Articles of the Constitution, 15 January 2012 (15/01/2012)</a>, as part of the Bahrain: Reform-based peace process.</li><li>There has been a total of 5 agreements in Bahrain, since the first agreement was signed in 2001 (<a href=""https://www.peaceagreements.org/agreements/1437/"" target=""_blank"">National Action Charter of Bahrain (15/02/2001)</a>), in 1 peace process (Bahrain: Reform-based peace process).</li></ul>",,,,,,,,,,,,,,,,,,,,48.0,Bahrain,3,49,3,36,0,5,0,14,31,3,35,3,620.0,0.0,250.0,0.0,2026-03-31,100.0,165,Bahrain ranked 100 out of 165 countries in the Global Peace Index (2025).,56.0,182,Bahrain ranked 56 out of 182 countries in the Corruption Perception Index (2025).,,,,, ,<ul><li>Bahrain ranked 100 out of 165 countries in the Global Peace Index (2025).</li><li>Bahrain ranked 56 out of 182 countries in the Corruption Perception Index (2025).</li></ul>
pax,Bahrain,161.0,BHR,692.0,48.0,BAH,2.0,All,https://www.peaceagreements.org/tracker/all,https://www.peaceagreements.org/agreements/search/?search_type=basic-search&countries=161&match_any_issues=True&name=&text=&signed_after=&signed_before=,5,1,"<ul><li>The most recent agreement signed in Bahrain was <a href=""https://www.peaceagreements.org/agreements/1412/"" target=""_blank"">His Majesty Delivers a Speech to Citizens Concerning Request to Amend Some Articles of the Constitution, 15 January 2012 (15/01/2012)</a>, as part of the Bahrain: Reform-based peace process.</li><li>There has been a total of 5 agreements in Bahrain, since the first agreement was signed in 2001 (<a href=""https://www.peaceagreements.org/agreements/1437/"" target=""_blank"">National Action Charter of Bahrain (15/02/2001)</a>), in 1 peace process (Bahrain: Reform-based peace process).</li></ul>",,,,,,,,,,,,,,,,,,,,48.0,Bahrain,3,49,3,36,0,5,0,14,31,3,35,3,620.0,0.0,250.0,0.0,2026-03-31,2.099,165,Bahrain ranked 2 out of 165 countries in the Global Peace Index (2025).,56.0,182,Bahrain ranked 56 out of 182 countries in the Corruption Perception Index (2025).,,,,, ,<ul><li>Bahrain ranked 2 out of 165 countries in the Global Peace Index (2025).</li><li>Bahrain ranked 56 out of 182 countries in the Corruption Perception Index (2025).</li></ul>
pax,Bangladesh,17.0,BGD,771.0,50.0,BNG,2.0,All,https://www.peaceagreements.org/tracker/all,https://www.peaceagreements.org/agreements/search/?search_type=basic-search&countries=17&match_any_issues=True&name=&text=&signed_after=&signed_before=,1,1,"<ul><li>The most recent agreement signed in Bangladesh was <a href=""https://www.peaceagreements.org/agreements/238/"" target=""_blank"">Agreement between the National Committee on Chittagong Hill Tracts Constituted by the Government and The Parbattya Chattagram Janasanghati Samity (02/12/1997)</a>, as part of the Bangladesh-Chittagong Hills Tracts: peace process.</li><li>There has been a total of 1 agreement in Bangladesh, since the first agreement was signed in 1997 (<a href=""https://www.peaceagreements.org/agreements/238/"" target=""_blank"">Agreement between the National Committee on Chittagong Hill Tracts Constituted by the Government and The Parbattya Chattagram Janasanghati Samity (02/12/1997)</a>), in 1 peace process (Bangladesh-Chittagong Hills Tracts: peace process).</li></ul>",,,,,,,,,,,,,,,,,,,,50.0,Bangladesh,367,1188,30,101,30,176,657,1225,-75,0,-37,-290,-42.61363636363637,0.0,-3.0204081632653064,-44.1400304414003,2026-03-31,123.0,165,Bangladesh ranked 123 out of 165 countries in the Global Peace Index (2025).,150.0,182,Bangladesh ranked 150 out of 182 countries in the Corruption Perception Index (2025).,"In the current period of analysis (Apr 2025) by the <a href='https://data.humdata.org/dataset/global-acute-food-insecurity-country-data', target='_blank'>IPC</a>, 16% of the population of Bangladesh are in IPC Phase 3+ (in food crisis), an estimated 15463347 people.","In Bangladesh there has been a total of 584,836 people displaced, with 2,755 new displacements in 2024 [<a href='https://data.humdata.org/dataset/idmc-internal-displacements-new-displacements-idps', target='_blank'>IDMC</a>].","There are 3 current crises and severity categories listed in the <a href=""https://www.acaps.org/en/thematics/all-topics/inform-severity-index"" target=""_blank"">INFORM Severity Index</a> for Bangladesh: Climatic shocks and political/economic crisis in Bangladesh (High), Displacement of Rohingyas to Bangladesh (High), Multiple crises in Bangladesh (High), as of 31/03/26.",,"<ul><li>In the current period of analysis (Apr 2025) by the <a href='https://data.humdata.org/dataset/global-acute-food-insecurity-country-data', target='_blank'>IPC</a>, 16% of the population of Bangladesh are in IPC Phase 3+ (in food crisis), an estimated 15463347 people.</li><li>In Bangladesh there has been a total of 584,836 people displaced, with 2,755 new displacements in 2024 [<a href='https://data.humdata.org/dataset/idmc-internal-displacements-new-displacements-idps', target='_blank'>IDMC</a>].</li><li>There are 3 current crises and severity categories listed in the <a href=""https://www.acaps.org/en/thematics/all-topics/inform-severity-index"" target=""_blank"">INFORM Severity Index</a> for Bangladesh: Climatic shocks and political/economic crisis in Bangladesh (High), Displacement of Rohingyas to Bangladesh (High), Multiple crises in Bangladesh (High), as of 31/03/26.</li></ul>","<ul><li>Bangladesh ranked 123 out of 165 countries in the Global Peace Index (2025).</li><li>Bangladesh ranked 150 out of 182 countries in the Corruption Perception Index (2025).</li><li>In the current period of analysis (Apr 2025) by the <a href='https://data.humdata.org/dataset/global-acute-food-insecurity-country-data', target='_blank'>IPC</a>, 16% of the population of Bangladesh are in IPC Phase 3+ (in food crisis), an estimated 15463347 people.</li><li>In Bangladesh there has been a total of 584,836 people displaced, with 2,755 new displacements in 2024 [<a href='https://data.humdata.org/dataset/idmc-internal-displacements-new-displacements-idps', target='_blank'>IDMC</a>].</li><li>There are 3 current crises and severity categories listed in the <a href=""https://www.acaps.org/en/thematics/all-topics/inform-severity-index"" target=""_blank"">INFORM Severity Index</a> for Bangladesh: Climatic shocks and political/economic crisis in Bangladesh (High), Displacement of Rohingyas to Bangladesh (High), Multiple crises in Bangladesh (High), as of 31/03/26.</li></ul>"
pax,Bangladesh,17.0,BGD,771.0,50.0,BNG,2.0,All,https://www.peaceagreements.org/tracker/all,https://www.peaceagreements.org/agreements/search/?search_type=basic-search&countries=17&match_any_issues=True&name=&text=&signed_after=&signed_before=,1,1,"<ul><li>The most recent agreement signed in Bangladesh was <a href=""https://www.peaceagreements.org/agreements/238/"" target=""_blank"">Agreement between the National Committee on Chittagong Hill Tracts Constituted by the Government and The Parbattya Chattagram Janasanghati Samity (02/12/1997)</a>, as part of the Bangladesh-Chittagong Hills Tracts: peace process.</li><li>There has been a total of 1 agreement in Bangladesh, since the first agreement was signed in 1997 (<a href=""https://www.peaceagreements.org/agreements/238/"" target=""_blank"">Agreement between the National Committee on Chittagong Hill Tracts Constituted by the Government and The Parbattya Chattagram Janasanghati Samity (02/12/1997)</a>), in 1 peace process (Bangladesh-Chittagong Hills Tracts: peace process).</li></ul>",,,,,,,,,,,,,,,,,,,,50.0,Bangladesh,367,1188,30,101,30,176,657,1225,-75,0,-37,-290,-42.61363636363637,0.0,-3.0204081632653064,-44.1400304414003,2026-03-31,2.318,165,Bangladesh ranked 2 out of 165 countries in the Global Peace Index (2025).,150.0,182,Bangladesh ranked 150 out of 182 countries in the Corruption Perception Index (2025).,"In the current period of analysis (Apr 2025) by the <a href='https://data.humdata.org/dataset/global-acute-food-insecurity-country-data', target='_blank'>IPC</a>, 16% of the population of Bangladesh are in IPC Phase 3+ (in food crisis), an estimated 15463347 people.","In Bangladesh there has been a total of 584,836 people displaced, with 2,755 new displacements in 2024 [<a href='https://data.humdata.org/dataset/idmc-internal-displacements-new-displacements-idps', target='_blank'>IDMC</a>].","There are 3 current crises and severity categories listed in the <a href=""https://www.acaps.org/en/thematics/all-topics/inform-severity-index"" target=""_blank"">INFORM Severity Index</a> for Bangladesh: Climatic shocks and political/economic crisis in Bangladesh (High), Displacement of Rohingyas to Bangladesh (High), Multiple crises in Bangladesh (High), as of 31/03/26.",,"<ul><li>In the current period of analysis (Apr 2025) by the <a href='https://data.humdata.org/dataset/global-acute-food-insecurity-country-data', target='_blank'>IPC</a>, 16% of the population of Bangladesh are in IPC Phase 3+ (in food crisis), an estimated 15463347 people.</li><li>In Bangladesh there has been a total of 584,836 people displaced, with 2,755 new displacements in 2024 [<a href='https://data.humdata.org/dataset/idmc-internal-displacements-new-displacements-idps', target='_blank'>IDMC</a>].</li><li>There are 3 current crises and severity categories listed in the <a href=""https://www.acaps.org/en/thematics/all-topics/inform-severity-index"" target=""_blank"">INFORM Severity Index</a> for Bangladesh: Climatic shocks and political/economic crisis in Bangladesh (High), Displacement of Rohingyas to Bangladesh (High), Multiple crises in Bangladesh (High), as of 31/03/26.</li></ul>","<ul><li>Bangladesh ranked 2 out of 165 countries in the Global Peace Index (2025).</li><li>Bangladesh ranked 150 out of 182 countries in the Corruption Perception Index (2025).</li><li>In the current period of analysis (Apr 2025) by the <a href='https://data.humdata.org/dataset/global-acute-food-insecurity-country-data', target='_blank'>IPC</a>, 16% of the population of Bangladesh are in IPC Phase 3+ (in food crisis), an estimated 15463347 people.</li><li>In Bangladesh there has been a total of 584,836 people displaced, with 2,755 new displacements in 2024 [<a href='https://data.humdata.org/dataset/idmc-internal-displacements-new-displacements-idps', target='_blank'>IDMC</a>].</li><li>There are 3 current crises and severity categories listed in the <a href=""https://www.acaps.org/en/thematics/all-topics/inform-severity-index"" target=""_blank"">INFORM Severity Index</a> for Bangladesh: Climatic shocks and political/economic crisis in Bangladesh (High), Displacement of Rohingyas to Bangladesh (High), Multiple crises in Bangladesh (High), as of 31/03/26.</li></ul>"
pax,Bosnia and Herzegovina,20.0,BIH,346.0,70.0,BOS,1.0,Bosnia and Herzegovina,https://www.peaceagreements.org/tracker/bosnia-and-herzegovina,https://www.peaceagreements.org/agreements/search/?search_type=basic-search&countries=20&match_any_issues=True&name=&text=&signed_after=&signed_before=,136,2,"<ul><li>The most recent agreement signed in Bosnia and Herzegovina was <a href=""https://www.peaceagreements.org/agreements/2447/"" target=""_blank"">Political agreement on principles for ensuring a functional Bosnia and Herzegovina that advances on the European path (12/06/2022)</a>, as part of the Bosnia peace process.</li><li>There has been a total of 136 agreements in Bosnia and Herzegovina, since the first agreement was signed in 1992 (<a href=""https://www.peaceagreements.org/agreements/547/"" target=""_blank"">Statement of Principles for New Constitutional Arrangements for Bosnia and Herzegovina (Carrington-Cutiliero Plan of March 1992) (18/03/1992)</a>), in 2 peace processes (Bosnia peace process, Bosnia Local peace processes).</li></ul>",,,,,,,,,,,,,,,,,,,,70.0,Bosnia and Herzegovina,0,18,0,1,0,3,2,20,-2,0,-2,-2,-66.66666666666666,0.0,-10.0,-100.0,2026-03-31,1.895,165,Bosnia and Herzegovina ranked 1 out of 165 countries in the Global Peace Index (2025).,109.0,182,Bosnia and Herzegovina ranked 109 out of 182 countries in the Corruption Perception Index (2025).,,"In Bosnia and Herzegovina, there has been a total of 94,796 people displaced as of end of 2024 [<a href='https://data.humdata.org/dataset/idmc-internal-displacements-new-displacements-idps', target='_blank'>IDMC</a>].",,,"<ul><li>In Bosnia and Herzegovina, there has been a total of 94,796 people displaced as of end of 2024 [<a href='https://data.humdata.org/dataset/idmc-internal-displacements-new-displacements-idps', target='_blank'>IDMC</a>].</li></ul>","<ul><li>Bosnia and Herzegovina ranked 1 out of 165 countries in the Global Peace Index (2025).</li><li>Bosnia and Herzegovina ranked 109 out of 182 countries in the Corruption Perception Index (2025).</li><li>In Bosnia and Herzegovina, there has been a total of 94,796 people displaced as of end of 2024 [<a href='https://data.humdata.org/dataset/idmc-internal-displacements-new-displacements-idps', target='_blank'>IDMC</a>].</li></ul>"
pax,Bosnia and Herzegovina,20.0,BIH,346.0,70.0,BOS,1.0,Bosnia and Herzegovina,https://www.peaceagreements.org/tracker/bosnia-and-herzegovina,https://www.peaceagreements.org/agreements/search/?search_type=basic-search&countries=20&match_any_issues=True&name=&text=&signed_after=&signed_before=,136,2,"<ul><li>The most recent agreement signed in Bosnia and Herzegovina was <a href=""https://www.peaceagreements.org/agreements/2447/"" target=""_blank"">Political agreement on principles for ensuring a functional Bosnia and Herzegovina that advances on the European path (12/06/2022)</a>, as part of the Bosnia peace process.</li><li>There has been a total of 136 agreements in Bosnia and Herzegovina, since the first agreement was signed in 1992 (<a href=""https://www.peaceagreements.org/agreements/547/"" target=""_blank"">Statement of Principles for New Constitutional Arrangements for Bosnia and Herzegovina (Carrington-Cutiliero Plan of March 1992) (18/03/1992)</a>), in 2 peace processes (Bosnia peace process, Bosnia Local peace processes).</li></ul>",,,,,,,,,,,,,,,,,,,,70.0,Bosnia and Herzegovina,0,18,0,1,0,3,2,20,-2,0,-2,-2,-66.66666666666666,0.0,-10.0,-100.0,2026-03-31,59.0,165,Bosnia and Herzegovina ranked 59 out of 165 countries in the Global Peace Index (2025).,109.0,182,Bosnia and Herzegovina ranked 109 out of 182 countries in the Corruption Perception Index (2025).,,"In Bosnia and Herzegovina, there has been a total of 94,796 people displaced as of end of 2024 [<a href='https://data.humdata.org/dataset/idmc-internal-displacements-new-displacements-idps', target='_blank'>IDMC</a>].",,,"<ul><li>In Bosnia and Herzegovina, there has been a total of 94,796 people displaced as of end of 2024 [<a href='https://data.humdata.org/dataset/idmc-internal-displacements-new-displacements-idps', target='_blank'>IDMC</a>].</li></ul>","<ul><li>Bosnia and Herzegovina ranked 59 out of 165 countries in the Global Peace Index (2025).</li><li>Bosnia and Herzegovina ranked 109 out of 182 countries in the Corruption Perception Index (2025).</li><li>In Bosnia and Herzegovina, there has been a total of 94,796 people displaced as of end of 2024 [<a href='https://data.humdata.org/dataset/idmc-internal-displacements-new-displacements-idps', target='_blank'>IDMC</a>].</li></ul>"
pax,Burundi,22.0,BDI,516.0,108.0,BUI,2.0,All,https://www.peaceagreements.org/tracker/all,https://www.peaceagreements.org/agreements/search/?search_type=basic-search&countries=22&match_any_issues=True&name=&text=&signed_after=&signed_before=,26,3,"<ul><li>The most recent agreement signed in Burundi was <a href=""https://www.peaceagreements.org/agreements/1908/"" target=""_blank"">Proposition portant sur le reglement des conflicts (05/05/2017)</a>, as part of the Burundi: 2015 onwards process.</li><li>There has been a total of 26 agreements in Burundi, since the first agreement was signed in 1994 (<a href=""https://www.peaceagreements.org/agreements/1045/"" target=""_blank"">Déclaration des partis politiques agrées et du gouvernement contre les fauteurs de guerre et en faveur de la paix et de la sécurité (06/07/1994)</a>), in 3 peace processes (Burundi: Arusha and related peace process, Burundi: Local Process, Burundi: 2015 onwards process).</li></ul>",516.0,Burundi,28.0,23.0,0.0,0.0,0.0,0.0,88.0,55.0,0.0,0.0,-32.0,-60.0,0.0,0.0,-58.18181818181818,-68.18181818181817,2026-01-31,108.0,Burundi,147,222,4,11,4,13,196,293,-2,0,-71,-49,-15.384615384615385,0.0,-24.2320819112628,-25.0,2026-03-31,133.0,165,Burundi ranked 133 out of 165 countries in the Global Peace Index (2025).,167.0,182,Burundi ranked 167 out of 182 countries in the Corruption Perception Index (2025).,"In the current period of analysis (Aug 2025) by the <a href='https://data.humdata.org/dataset/global-acute-food-insecurity-country-data', target='_blank'>IPC</a>, 10% of the population of Burundi are in IPC Phase 3+ (in food crisis), an estimated 1174392 people.","In Burundi there has been a total of 6,877 people displaced, with 362 new displacements in 2024 [<a href='https://data.humdata.org/dataset/idmc-internal-displacements-new-displacements-idps', target='_blank'>IDMC</a>].","There are 3 current crises and severity categories listed in the <a href=""https://www.acaps.org/en/thematics/all-topics/inform-severity-index"" target=""_blank"">INFORM Severity Index</a> for Burundi: Climatic shocks in Burundi (High), Displacement from Eastern DRC (Medium), Multiple Crises in Burundi (High), as of 24/03/26.",,"<ul><li>In the current period of analysis (Aug 2025) by the <a href='https://data.humdata.org/dataset/global-acute-food-insecurity-country-data', target='_blank'>IPC</a>, 10% of the population of Burundi are in IPC Phase 3+ (in food crisis), an estimated 1174392 people.</li><li>In Burundi there has been a total of 6,877 people displaced, with 362 new displacements in 2024 [<a href='https://data.humdata.org/dataset/idmc-internal-displacements-new-displacements-idps', target='_blank'>IDMC</a>].</li><li>There are 3 current crises and severity categories listed in the <a href=""https://www.acaps.org/en/thematics/all-topics/inform-severity-index"" target=""_blank"">INFORM Severity Index</a> for Burundi: Climatic shocks in Burundi (High), Displacement from Eastern DRC (Medium), Multiple Crises in Burundi (High), as of 24/03/26.</li></ul>","<ul><li>Burundi ranked 133 out of 165 countries in the Global Peace Index (2025).</li><li>Burundi ranked 167 out of 182 countries in the Corruption Perception Index (2025).</li><li>In the current period of analysis (Aug 2025) by the <a href='https://data.humdata.org/dataset/global-acute-food-insecurity-country-data', target='_blank'>IPC</a>, 10% of the population of Burundi are in IPC Phase 3+ (in food crisis), an estimated 1174392 people.</li><li>In Burundi there has been a total of 6,877 people displaced, with 362 new displacements in 2024 [<a href='https://data.humdata.org/dataset/idmc-internal-displacements-new-displacements-idps', target='_blank'>IDMC</a>].</li><li>There are 3 current crises and severity categories listed in the <a href=""https://www.acaps.org/en/thematics/all-topics/inform-severity-index"" target=""_blank"">INFORM Severity Index</a> for Burundi: Climatic shocks in Burundi (High), Displacement from Eastern DRC (Medium), Multiple Crises in Burundi (High), as of 24/03/26.</li></ul>"
pax,Burundi,22.0,BDI,516.0,108.0,BUI,2.0,All,https://www.peaceagreements.org/tracker/all,https://www.peaceagreements.org/agreements/search/?search_type=basic-search&countries=22&match_any_issues=True&name=&text=&signed_after=&signed_before=,26,3,"<ul><li>The most recent agreement signed in Burundi was <a href=""https://www.peaceagreements.org/agreements/1908/"" target=""_blank"">Proposition portant sur le reglement des conflicts (05/05/2017)</a>, as part of the Burundi: 2015 onwards process.</li><li>There has been a total of 26 agreements in Burundi, since the first agreement was signed in 1994 (<a href=""https://www.peaceagreements.org/agreements/1045/"" target=""_blank"">Déclaration des partis politiques agrées et du gouvernement contre les fauteurs de guerre et en faveur de la paix et de la sécurité (06/07/1994)</a>), in 3 peace processes (Burundi: Arusha and related peace process, Burundi: Local Process, Burundi: 2015 onwards process).</li></ul>",516.0,Burundi,28.0,23.0,0.0,0.0,0.0,0.0,88.0,55.0,0.0,0.0,-32.0,-60.0,0.0,0.0,-58.18181818181818,-68.18181818181817,2026-01-31,108.0,Burundi,147,222,4,11,4,13,196,293,-2,0,-71,-49,-15.384615384615385,0.0,-24.2320819112628,-25.0,2026-03-31,2.574,165,Burundi ranked 2 out of 165 countries in the Global Peace Index (2025).,167.0,182,Burundi ranked 167 out of 182 countries in the Corruption Perception Index (2025).,"In the current period of analysis (Aug 2025) by the <a href='https://data.humdata.org/dataset/global-acute-food-insecurity-country-data', target='_blank'>IPC</a>, 10% of the population of Burundi are in IPC Phase 3+ (in food crisis), an estimated 1174392 people.","In Burundi there has been a total of 6,877 people displaced, with 362 new displacements in 2024 [<a href='https://data.humdata.org/dataset/idmc-internal-displacements-new-displacements-idps', target='_blank'>IDMC</a>].","There are 3 current crises and severity categories listed in the <a href=""https://www.acaps.org/en/thematics/all-topics/inform-severity-index"" target=""_blank"">INFORM Severity Index</a> for Burundi: Climatic shocks in Burundi (High), Displacement from Eastern DRC (Medium), Multiple Crises in Burundi (High), as of 24/03/26.",,"<ul><li>In the current period of analysis (Aug 2025) by the <a href='https://data.humdata.org/dataset/global-acute-food-insecurity-country-data', target='_blank'>IPC</a>, 10% of the population of Burundi are in IPC Phase 3+ (in food crisis), an estimated 1174392 people.</li><li>In Burundi there has been a total of 6,877 people displaced, with 362 new displacements in 2024 [<a href='https://data.humdata.org/dataset/idmc-internal-displacements-new-displacements-idps', target='_blank'>IDMC</a>].</li><li>There are 3 current crises and severity categories listed in the <a href=""https://www.acaps.org/en/thematics/all-topics/inform-severity-index"" target=""_blank"">INFORM Severity Index</a> for Burundi: Climatic shocks in Burundi (High), Displacement from Eastern DRC (Medium), Multiple Crises in Burundi (High), as of 24/03/26.</li></ul>","<ul><li>Burundi ranked 2 out of 165 countries in the Global Peace Index (2025).</li><li>Burundi ranked 167 out of 182 countries in the Corruption Perception Index (2025).</li><li>In the current period of analysis (Aug 2025) by the <a href='https://data.humdata.org/dataset/global-acute-food-insecurity-country-data', target='_blank'>IPC</a>, 10% of the population of Burundi are in IPC Phase 3+ (in food crisis), an estimated 1174392 people.</li><li>In Burundi there has been a total of 6,877 people displaced, with 362 new displacements in 2024 [<a href='https://data.humdata.org/dataset/idmc-internal-displacements-new-displacements-idps', target='_blank'>IDMC</a>].</li><li>There are 3 current crises and severity categories listed in the <a href=""https://www.acaps.org/en/thematics/all-topics/inform-severity-index"" target=""_blank"">INFORM Severity Index</a> for Burundi: Climatic shocks in Burundi (High), Displacement from Eastern DRC (Medium), Multiple Crises in Burundi (High), as of 24/03/26.</li></ul>"
pax,Cambodia,23.0,KHM,811.0,116.0,CAM,2.0,All,https://www.peaceagreements.org/tracker/all,https://www.peaceagreements.org/agreements/search/?search_type=basic-search&countries=23&match_any_issues=True&name=&text=&signed_after=&signed_before=,11,2,"<ul><li>The most recent agreement signed in Cambodia was <a href=""https://www.peaceagreements.org/agreements/2878/"" target=""_blank"">Joint Statement of the 3rd Special General Border Committee (27/12/2025)</a>, as part of the Cambodia - Thailand border dispute process.</li><li>There has been a total of 11 agreements in Cambodia, since the first agreement was signed in 1990 (<a href=""https://www.peaceagreements.org/agreements/1332/"" target=""_blank"">Statement of the Five Permanent Members of the Security Council of the United Nations on Cambodia Incorporating the Framework for a Comprehensive Political Settlement of the Cambodia Conflict (28/08/1990)</a>), in 2 peace processes (Cambodian peace process, Cambodia - Thailand border dispute process).</li></ul>",,,,,,,,,,,,,,,,,,,,116.0,Cambodia,0,17,0,0,0,0,0,0,0,0,17,0,0.0,0.0,0.0,0.0,2026-03-31,87.0,165,Cambodia ranked 87 out of 165 countries in the Global Peace Index (2025).,163.0,182,Cambodia ranked 163 out of 182 countries in the Corruption Perception Index (2025).,,,"There is 1 current crisis and severity category listed in the <a href=""https://www.acaps.org/en/thematics/all-topics/inform-severity-index"" target=""_blank"">INFORM Severity Index</a> for Cambodia: Conflict in Cambodia (Low), as of 28/03/26.",,"<ul><li>There is 1 current crisis and severity category listed in the <a href=""https://www.acaps.org/en/thematics/all-topics/inform-severity-index"" target=""_blank"">INFORM Severity Index</a> for Cambodia: Conflict in Cambodia (Low), as of 28/03/26.</li></ul>","<ul><li>Cambodia ranked 87 out of 165 countries in the Global Peace Index (2025).</li><li>Cambodia ranked 163 out of 182 countries in the Corruption Perception Index (2025).</li><li>There is 1 current crisis and severity category listed in the <a href=""https://www.acaps.org/en/thematics/all-topics/inform-severity-index"" target=""_blank"">INFORM Severity Index</a> for Cambodia: Conflict in Cambodia (Low), as of 28/03/26.</li></ul>"
pax,Cambodia,23.0,KHM,811.0,116.0,CAM,2.0,All,https://www.peaceagreements.org/tracker/all,https://www.peaceagreements.org/agreements/search/?search_type=basic-search&countries=23&match_any_issues=True&name=&text=&signed_after=&signed_before=,11,2,"<ul><li>The most recent agreement signed in Cambodia was <a href=""https://www.peaceagreements.org/agreements/2878/"" target=""_blank"">Joint Statement of the 3rd Special General Border Committee (27/12/2025)</a>, as part of the Cambodia - Thailand border dispute process.</li><li>There has been a total of 11 agreements in Cambodia, since the first agreement was signed in 1990 (<a href=""https://www.peaceagreements.org/agreements/1332/"" target=""_blank"">Statement of the Five Permanent Members of the Security Council of the United Nations on Cambodia Incorporating the Framework for a Comprehensive Political Settlement of the Cambodia Conflict (28/08/1990)</a>), in 2 peace processes (Cambodian peace process, Cambodia - Thailand border dispute process).</li></ul>",,,,,,,,,,,,,,,,,,,,116.0,Cambodia,0,17,0,0,0,0,0,0,0,0,17,0,0.0,0.0,0.0,0.0,2026-03-31,2.019,165,Cambodia ranked 2 out of 165 countries in the Global Peace Index (2025).,163.0,182,Cambodia ranked 163 out of 182 countries in the Corruption Perception Index (2025).,,,"There is 1 current crisis and severity category listed in the <a href=""https://www.acaps.org/en/thematics/all-topics/inform-severity-index"" target=""_blank"">INFORM Severity Index</a> for Cambodia: Conflict in Cambodia (Low), as of 28/03/26.",,"<ul><li>There is 1 current crisis and severity category listed in the <a href=""https://www.acaps.org/en/thematics/all-topics/inform-severity-index"" target=""_blank"">INFORM Severity Index</a> for Cambodia: Conflict in Cambodia (Low), as of 28/03/26.</li></ul>","<ul><li>Cambodia ranked 2 out of 165 countries in the Global Peace Index (2025).</li><li>Cambodia ranked 163 out of 182 countries in the Corruption Perception Index (2025).</li><li>There is 1 current crisis and severity category listed in the <a href=""https://www.acaps.org/en/thematics/all-topics/inform-severity-index"" target=""_blank"">INFORM Severity Index</a> for Cambodia: Conflict in Cambodia (Low), as of 28/03/26.</li></ul>"
pax,Cameroon,24.0,CMR,471.0,120.0,CAO,2.0,All,https://www.peaceagreements.org/tracker/all,https://www.peaceagreements.org/agreements/search/?search_type=basic-search&countries=24&match_any_issues=True&name=&text=&signed_after=&signed_before=,2,1,"<ul><li>The most recent agreement signed in Cameroon was <a href=""https://www.peaceagreements.org/agreements/240/"" target=""_blank"">Agreement between the Republic of Cameroon and the Federal Republic of Nigeria concerning the Modalities of Withdrawal and Transfer of Authority in the Bakassi Peninsula (12/06/2006)</a>, as part of the Cameroon-Nigeria border peace process.</li><li>There has been a total of 2 agreements in Cameroon, since the first agreement was signed in 2002 (<a href=""https://www.peaceagreements.org/agreements/1013/"" target=""_blank"">Joint Communiqué Establishing the Cameroon-Nigeria Mixed Commission (CNMC) (15/11/2002)</a>), in 1 peace process (Cameroon-Nigeria border peace process).</li></ul>",471.0,Cameroon,149.0,70.0,2.0,1.0,0.0,0.0,401.0,169.0,0.0,0.0,-99.0,-252.0,0.0,0.0,-58.57988165680473,-62.84289276807981,2026-01-31,120.0,Cameroon,1929,3977,179,397,152,353,2340,3135,44,27,842,-411,12.464589235127479,17.763157894736842,26.858054226475282,-17.564102564102562,2026-03-31,2.683,165,Cameroon ranked 2 out of 165 countries in the Global Peace Index (2025).,142.0,182,Cameroon ranked 142 out of 182 countries in the Corruption Perception Index (2025).,"In the current period of analysis (Oct 2025) by the <a href='https://data.humdata.org/dataset/global-acute-food-insecurity-country-data', target='_blank'>IPC</a>, 11% of the population of Cameroon are in IPC Phase 3+ (in food crisis), an estimated 3120294 people. 1% (249306 people) are estimated to be in Phase 4 (emergency).","In Cameroon there has been a total of 1,029,105 people displaced, with 93,046 new displacements in 2024 [<a href='https://data.humdata.org/dataset/idmc-internal-displacements-new-displacements-idps', target='_blank'>IDMC</a>].","There are 4 current crises and severity categories listed in the <a href=""https://www.acaps.org/en/thematics/all-topics/inform-severity-index"" target=""_blank"">INFORM Severity Index</a> for Cameroon: Anglophone Crisis in Cameroon (High), Conflict in Far North region of Cameroon (High), Displacement from CAR to Cameroon (Medium), Multiple crises in Cameroon (High), as of 01/03/26.",,"<ul><li>In the current period of analysis (Oct 2025) by the <a href='https://data.humdata.org/dataset/global-acute-food-insecurity-country-data', target='_blank'>IPC</a>, 11% of the population of Cameroon are in IPC Phase 3+ (in food crisis), an estimated 3120294 people. 1% (249306 people) are estimated to be in Phase 4 (emergency).</li><li>In Cameroon there has been a total of 1,029,105 people displaced, with 93,046 new displacements in 2024 [<a href='https://data.humdata.org/dataset/idmc-internal-displacements-new-displacements-idps', target='_blank'>IDMC</a>].</li><li>There are 4 current crises and severity categories listed in the <a href=""https://www.acaps.org/en/thematics/all-topics/inform-severity-index"" target=""_blank"">INFORM Severity Index</a> for Cameroon: Anglophone Crisis in Cameroon (High), Conflict in Far North region of Cameroon (High), Displacement from CAR to Cameroon (Medium), Multiple crises in Cameroon (High), as of 01/03/26.</li></ul>","<ul><li>Cameroon ranked 2 out of 165 countries in the Global Peace Index (2025).</li><li>Cameroon ranked 142 out of 182 countries in the Corruption Perception Index (2025).</li><li>In the current period of analysis (Oct 2025) by the <a href='https://data.humdata.org/dataset/global-acute-food-insecurity-country-data', target='_blank'>IPC</a>, 11% of the population of Cameroon are in IPC Phase 3+ (in food crisis), an estimated 3120294 people. 1% (249306 people) are estimated to be in Phase 4 (emergency).</li><li>In Cameroon there has been a total of 1,029,105 people displaced, with 93,046 new displacements in 2024 [<a href='https://data.humdata.org/dataset/idmc-internal-displacements-new-displacements-idps', target='_blank'>IDMC</a>].</li><li>There are 4 current crises and severity categories listed in the <a href=""https://www.acaps.org/en/thematics/all-topics/inform-severity-index"" target=""_blank"">INFORM Severity Index</a> for Cameroon: Anglophone Crisis in Cameroon (High), Conflict in Far North region of Cameroon (High), Displacement from CAR to Cameroon (Medium), Multiple crises in Cameroon (High), as of 01/03/26.</li></ul>"
pax,Cameroon,24.0,CMR,471.0,120.0,CAO,2.0,All,https://www.peaceagreements.org/tracker/all,https://www.peaceagreements.org/agreements/search/?search_type=basic-search&countries=24&match_any_issues=True&name=&text=&signed_after=&signed_before=,2,1,"<ul><li>The most recent agreement signed in Cameroon was <a href=""https://www.peaceagreements.org/agreements/240/"" target=""_blank"">Agreement between the Republic of Cameroon and the Federal Republic of Nigeria concerning the Modalities of Withdrawal and Transfer of Authority in the Bakassi Peninsula (12/06/2006)</a>, as part of the Cameroon-Nigeria border peace process.</li><li>There has been a total of 2 agreements in Cameroon, since the first agreement was signed in 2002 (<a href=""https://www.peaceagreements.org/agreements/1013/"" target=""_blank"">Joint Communiqué Establishing the Cameroon-Nigeria Mixed Commission (CNMC) (15/11/2002)</a>), in 1 peace process (Cameroon-Nigeria border peace process).</li></ul>",471.0,Cameroon,149.0,70.0,2.0,1.0,0.0,0.0,401.0,169.0,0.0,0.0,-99.0,-252.0,0.0,0.0,-58.57988165680473,-62.84289276807981,2026-01-31,120.0,Cameroon,1929,3977,179,397,152,353,2340,3135,44,27,842,-411,12.464589235127479,17.763157894736842,26.858054226475282,-17.564102564102562,2026-03-31,137.0,165,Cameroon ranked 137 out of 165 countries in the Global Peace Index (2025).,142.0,182,Cameroon ranked 142 out of 182 countries in the Corruption Perception Index (2025).,"In the current period of analysis (Oct 2025) by the <a href='https://data.humdata.org/dataset/global-acute-food-insecurity-country-data', target='_blank'>IPC</a>, 11% of the population of Cameroon are in IPC Phase 3+ (in food crisis), an estimated 3120294 people. 1% (249306 people) are estimated to be in Phase 4 (emergency).","In Cameroon there has been a total of 1,029,105 people displaced, with 93,046 new displacements in 2024 [<a href='https://data.humdata.org/dataset/idmc-internal-displacements-new-displacements-idps', target='_blank'>IDMC</a>].","There are 4 current crises and severity categories listed in the <a href=""https://www.acaps.org/en/thematics/all-topics/inform-severity-index"" target=""_blank"">INFORM Severity Index</a> for Cameroon: Anglophone Crisis in Cameroon (High), Conflict in Far North region of Cameroon (High), Displacement from CAR to Cameroon (Medium), Multiple crises in Cameroon (High), as of 01/03/26.",,"<ul><li>In the current period of analysis (Oct 2025) by the <a href='https://data.humdata.org/dataset/global-acute-food-insecurity-country-data', target='_blank'>IPC</a>, 11% of the population of Cameroon are in IPC Phase 3+ (in food crisis), an estimated 3120294 people. 1% (249306 people) are estimated to be in Phase 4 (emergency).</li><li>In Cameroon there has been a total of 1,029,105 people displaced, with 93,046 new displacements in 2024 [<a href='https://data.humdata.org/dataset/idmc-internal-displacements-new-displacements-idps', target='_blank'>IDMC</a>].</li><li>There are 4 current crises and severity categories listed in the <a href=""https://www.acaps.org/en/thematics/all-topics/inform-severity-index"" target=""_blank"">INFORM Severity Index</a> for Cameroon: Anglophone Crisis in Cameroon (High), Conflict in Far North region of Cameroon (High), Displacement from CAR to Cameroon (Medium), Multiple crises in Cameroon (High), as of 01/03/26.</li></ul>","<ul><li>Cameroon ranked 137 out of 165 countries in the Global Peace Index (2025).</li><li>Cameroon ranked 142 out of 182 countries in the Corruption Perception Index (2025).</li><li>In the current period of analysis (Oct 2025) by the <a href='https://data.humdata.org/dataset/global-acute-food-insecurity-country-data', target='_blank'>IPC</a>, 11% of the population of Cameroon are in IPC Phase 3+ (in food crisis), an estimated 3120294 people. 1% (249306 people) are estimated to be in Phase 4 (emergency).</li><li>In Cameroon there has been a total of 1,029,105 people displaced, with 93,046 new displacements in 2024 [<a href='https://data.humdata.org/dataset/idmc-internal-displacements-new-displacements-idps', target='_blank'>IDMC</a>].</li><li>There are 4 current crises and severity categories listed in the <a href=""https://www.acaps.org/en/thematics/all-topics/inform-severity-index"" target=""_blank"">INFORM Severity Index</a> for Cameroon: Anglophone Crisis in Cameroon (High), Conflict in Far North region of Cameroon (High), Displacement from CAR to Cameroon (Medium), Multiple crises in Cameroon (High), as of 01/03/26.</li></ul>"
pax,Central African Republic,26.0,CAF,482.0,140.0,CEN,2.0,All,https://www.peaceagreements.org/tracker/all,https://www.peaceagreements.org/agreements/search/?search_type=basic-search&countries=26&match_any_issues=True&name=&text=&signed_after=&signed_before=,63,5,"<ul><li>The most recent agreement signed in Central African Republic was <a href=""https://www.peaceagreements.org/agreements/2470/"" target=""_blank"">Vers le Dialogue Républicain pour la paix et l’avenir de la RCA
Déclaration de Rome (29/09/2021)</a>, as part of the CAR: Local Processes.</li><li>There has been a total of 63 agreements in Central African Republic, since the first agreement was signed in 1997 (<a href=""https://www.peaceagreements.org/agreements/488/"" target=""_blank"">Preliminary Agreement on National Reconciliation Pact (18/01/1997)</a>), in 5 peace processes (CAR: Bangui process, CAR: coups and rebellions process, CAR: Local Processes, CAR: African Initiative (and related) Process, CAR - Sudan: local cross-border agreements).</li></ul>",482.0,Central African Republic,56.0,5.0,0.0,0.0,0.0,0.0,466.0,85.0,0.0,0.0,-80.0,-410.0,0.0,0.0,-94.11764705882352,-87.98283261802575,2026-01-31,140.0,Central African Republic,950,656,48,58,51,49,1022,468,9,-3,188,-72,18.367346938775512,-5.88235294117647,40.17094017094017,-7.045009784735812,2026-03-31,150.0,165,Central African Republic ranked 150 out of 165 countries in the Global Peace Index (2025).,150.0,182,Central African Republic ranked 150 out of 182 countries in the Corruption Perception Index (2025).,"In the current period of analysis (Sep 2025) by the <a href='https://data.humdata.org/dataset/global-acute-food-insecurity-country-data', target='_blank'>IPC</a>, 29% of the population of Central African Republic are in IPC Phase 3+ (in food crisis), an estimated 1928733 people. 4% (269211 people) are estimated to be in Phase 4 (emergency).","In Central African Republic there has been a total of 469,342 people displaced, with 93,820 new displacements in 2024 [<a href='https://data.humdata.org/dataset/idmc-internal-displacements-new-displacements-idps', target='_blank'>IDMC</a>].","There is 1 current crisis and severity category listed in the <a href=""https://www.acaps.org/en/thematics/all-topics/inform-severity-index"" target=""_blank"">INFORM Severity Index</a> for CAR: Conflict and Climatic Shocks in CAR (High), as of 26/03/26.",,"<ul><li>In the current period of analysis (Sep 2025) by the <a href='https://data.humdata.org/dataset/global-acute-food-insecurity-country-data', target='_blank'>IPC</a>, 29% of the population of Central African Republic are in IPC Phase 3+ (in food crisis), an estimated 1928733 people. 4% (269211 people) are estimated to be in Phase 4 (emergency).</li><li>In Central African Republic there has been a total of 469,342 people displaced, with 93,820 new displacements in 2024 [<a href='https://data.humdata.org/dataset/idmc-internal-displacements-new-displacements-idps', target='_blank'>IDMC</a>].</li><li>There is 1 current crisis and severity category listed in the <a href=""https://www.acaps.org/en/thematics/all-topics/inform-severity-index"" target=""_blank"">INFORM Severity Index</a> for CAR: Conflict and Climatic Shocks in CAR (High), as of 26/03/26.</li></ul>","<ul><li>Central African Republic ranked 150 out of 165 countries in the Global Peace Index (2025).</li><li>Central African Republic ranked 150 out of 182 countries in the Corruption Perception Index (2025).</li><li>In the current period of analysis (Sep 2025) by the <a href='https://data.humdata.org/dataset/global-acute-food-insecurity-country-data', target='_blank'>IPC</a>, 29% of the population of Central African Republic are in IPC Phase 3+ (in food crisis), an estimated 1928733 people. 4% (269211 people) are estimated to be in Phase 4 (emergency).</li><li>In Central African Republic there has been a total of 469,342 people displaced, with 93,820 new displacements in 2024 [<a href='https://data.humdata.org/dataset/idmc-internal-displacements-new-displacements-idps', target='_blank'>IDMC</a>].</li><li>There is 1 current crisis and severity category listed in the <a href=""https://www.acaps.org/en/thematics/all-topics/inform-severity-index"" target=""_blank"">INFORM Severity Index</a> for CAR: Conflict and Climatic Shocks in CAR (High), as of 26/03/26.</li></ul>"
pax,Central African Republic,26.0,CAF,482.0,140.0,CEN,2.0,All,https://www.peaceagreements.org/tracker/all,https://www.peaceagreements.org/agreements/search/?search_type=basic-search&countries=26&match_any_issues=True&name=&text=&signed_after=&signed_before=,63,5,"<ul><li>The most recent agreement signed in Central African Republic was <a href=""https://www.peaceagreements.org/agreements/2470/"" target=""_blank"">Vers le Dialogue Républicain pour la paix et l’avenir de la RCA
Déclaration de Rome (29/09/2021)</a>, as part of the CAR: Local Processes.</li><li>There has been a total of 63 agreements in Central African Republic, since the first agreement was signed in 1997 (<a href=""https://www.peaceagreements.org/agreements/488/"" target=""_blank"">Preliminary Agreement on National Reconciliation Pact (18/01/1997)</a>), in 5 peace processes (CAR: Bangui process, CAR: coups and rebellions process, CAR: Local Processes, CAR: African Initiative (and related) Process, CAR - Sudan: local cross-border agreements).</li></ul>",482.0,Central African Republic,56.0,5.0,0.0,0.0,0.0,0.0,466.0,85.0,0.0,0.0,-80.0,-410.0,0.0,0.0,-94.11764705882352,-87.98283261802575,2026-01-31,140.0,Central African Republic,950,656,48,58,51,49,1022,468,9,-3,188,-72,18.367346938775512,-5.88235294117647,40.17094017094017,-7.045009784735812,2026-03-31,2.912,165,Central African Republic ranked 2 out of 165 countries in the Global Peace Index (2025).,150.0,182,Central African Republic ranked 150 out of 182 countries in the Corruption Perception Index (2025).,"In the current period of analysis (Sep 2025) by the <a href='https://data.humdata.org/dataset/global-acute-food-insecurity-country-data', target='_blank'>IPC</a>, 29% of the population of Central African Republic are in IPC Phase 3+ (in food crisis), an estimated 1928733 people. 4% (269211 people) are estimated to be in Phase 4 (emergency).","In Central African Republic there has been a total of 469,342 people displaced, with 93,820 new displacements in 2024 [<a href='https://data.humdata.org/dataset/idmc-internal-displacements-new-displacements-idps', target='_blank'>IDMC</a>].","There is 1 current crisis and severity category listed in the <a href=""https://www.acaps.org/en/thematics/all-topics/inform-severity-index"" target=""_blank"">INFORM Severity Index</a> for CAR: Conflict and Climatic Shocks in CAR (High), as of 26/03/26.",,"<ul><li>In the current period of analysis (Sep 2025) by the <a href='https://data.humdata.org/dataset/global-acute-food-insecurity-country-data', target='_blank'>IPC</a>, 29% of the population of Central African Republic are in IPC Phase 3+ (in food crisis), an estimated 1928733 people. 4% (269211 people) are estimated to be in Phase 4 (emergency).</li><li>In Central African Republic there has been a total of 469,342 people displaced, with 93,820 new displacements in 2024 [<a href='https://data.humdata.org/dataset/idmc-internal-displacements-new-displacements-idps', target='_blank'>IDMC</a>].</li><li>There is 1 current crisis and severity category listed in the <a href=""https://www.acaps.org/en/thematics/all-topics/inform-severity-index"" target=""_blank"">INFORM Severity Index</a> for CAR: Conflict and Climatic Shocks in CAR (High), as of 26/03/26.</li></ul>","<ul><li>Central African Republic ranked 2 out of 165 countries in the Global Peace Index (2025).</li><li>Central African Republic ranked 150 out of 182 countries in the Corruption Perception Index (2025).</li><li>In the current period of analysis (Sep 2025) by the <a href='https://data.humdata.org/dataset/global-acute-food-insecurity-country-data', target='_blank'>IPC</a>, 29% of the population of Central African Republic are in IPC Phase 3+ (in food crisis), an estimated 1928733 people. 4% (269211 people) are estimated to be in Phase 4 (emergency).</li><li>In Central African Republic there has been a total of 469,342 people displaced, with 93,820 new displacements in 2024 [<a href='https://data.humdata.org/dataset/idmc-internal-displacements-new-displacements-idps', target='_blank'>IDMC</a>].</li><li>There is 1 current crisis and severity category listed in the <a href=""https://www.acaps.org/en/thematics/all-topics/inform-severity-index"" target=""_blank"">INFORM Severity Index</a> for CAR: Conflict and Climatic Shocks in CAR (High), as of 26/03/26.</li></ul>"
pax,Chad,27.0,TCD,483.0,148.0,CHA,2.0,All,https://www.peaceagreements.org/tracker/all,https://www.peaceagreements.org/agreements/search/?search_type=basic-search&countries=27&match_any_issues=True&name=&text=&signed_after=&signed_before=,14,5,"<ul><li>The most recent agreement signed in Chad was <a href=""https://www.peaceagreements.org/agreements/2449/"" target=""_blank"">Doha Agreement for Peace and Involvement of Political-Military Movements in the Sovereign and Inclusive National Dialogue in Chad (08/08/2022)</a>, as part of the Chad: Doha process.</li><li>There has been a total of 14 agreements in Chad, since the first agreement was signed in 1994 (<a href=""https://www.peaceagreements.org/agreements/237/"" target=""_blank"">Agreement between the Great Socialist People's Libyan Arab Jamahariya and the Rep of Chad concerning the practical modalitities for the implementation of the Judgment delivered by the International Court of Justice on 3 February 1994 (04/04/1994)</a>), in 5 peace processes (Chad-Libya border peace process, Chad: 'third war' process, Chad-Sudan Agreements, Chad: Fourth War Process, Chad: Doha process).</li></ul>",483.0,Chad,10.0,2.0,0.0,0.0,0.0,0.0,293.0,20.0,0.0,0.0,-18.0,-283.0,0.0,0.0,-90.0,-96.58703071672356,2026-01-31,148.0,Chad,410,205,43,16,33,32,470,116,-16,10,89,-60,-50.0,30.303030303030305,76.72413793103449,-12.76595744680851,2026-03-31,2.593,165,Chad ranked 2 out of 165 countries in the Global Peace Index (2025).,157.0,182,Chad ranked 157 out of 182 countries in the Corruption Perception Index (2025).,"In the current period of analysis (Nov 2025) by the <a href='https://data.humdata.org/dataset/global-acute-food-insecurity-country-data', target='_blank'>IPC</a>, 11% of the population of Chad are in IPC Phase 3+ (in food crisis), an estimated 1927580 people. 1% (95621 people) are estimated to be in Phase 4 (emergency).","In Chad there has been a total of 382,920 people displaced, with 63,306 new displacements in 2024 [<a href='https://data.humdata.org/dataset/idmc-internal-displacements-new-displacements-idps', target='_blank'>IDMC</a>].","There are 4 current crises and severity categories listed in the <a href=""https://www.acaps.org/en/thematics/all-topics/inform-severity-index"" target=""_blank"">INFORM Severity Index</a> for Chad: Complex crisis in Chad (Very High), Conflict in Lac province (High), Displacement from CAR to Chad (Medium), Displacement from Sudan to Chad (Medium), as of 28/02/26.",,"<ul><li>In the current period of analysis (Nov 2025) by the <a href='https://data.humdata.org/dataset/global-acute-food-insecurity-country-data', target='_blank'>IPC</a>, 11% of the population of Chad are in IPC Phase 3+ (in food crisis), an estimated 1927580 people. 1% (95621 people) are estimated to be in Phase 4 (emergency).</li><li>In Chad there has been a total of 382,920 people displaced, with 63,306 new displacements in 2024 [<a href='https://data.humdata.org/dataset/idmc-internal-displacements-new-displacements-idps', target='_blank'>IDMC</a>].</li><li>There are 4 current crises and severity categories listed in the <a href=""https://www.acaps.org/en/thematics/all-topics/inform-severity-index"" target=""_blank"">INFORM Severity Index</a> for Chad: Complex crisis in Chad (Very High), Conflict in Lac province (High), Displacement from CAR to Chad (Medium), Displacement from Sudan to Chad (Medium), as of 28/02/26.</li></ul>","<ul><li>Chad ranked 2 out of 165 countries in the Global Peace Index (2025).</li><li>Chad ranked 157 out of 182 countries in the Corruption Perception Index (2025).</li><li>In the current period of analysis (Nov 2025) by the <a href='https://data.humdata.org/dataset/global-acute-food-insecurity-country-data', target='_blank'>IPC</a>, 11% of the population of Chad are in IPC Phase 3+ (in food crisis), an estimated 1927580 people. 1% (95621 people) are estimated to be in Phase 4 (emergency).</li><li>In Chad there has been a total of 382,920 people displaced, with 63,306 new displacements in 2024 [<a href='https://data.humdata.org/dataset/idmc-internal-displacements-new-displacements-idps', target='_blank'>IDMC</a>].</li><li>There are 4 current crises and severity categories listed in the <a href=""https://www.acaps.org/en/thematics/all-topics/inform-severity-index"" target=""_blank"">INFORM Severity Index</a> for Chad: Complex crisis in Chad (Very High), Conflict in Lac province (High), Displacement from CAR to Chad (Medium), Displacement from Sudan to Chad (Medium), as of 28/02/26.</li></ul>"
pax,Chad,27.0,TCD,483.0,148.0,CHA,2.0,All,https://www.peaceagreements.org/tracker/all,https://www.peaceagreements.org/agreements/search/?search_type=basic-search&countries=27&match_any_issues=True&name=&text=&signed_after=&signed_before=,14,5,"<ul><li>The most recent agreement signed in Chad was <a href=""https://www.peaceagreements.org/agreements/2449/"" target=""_blank"">Doha Agreement for Peace and Involvement of Political-Military Movements in the Sovereign and Inclusive National Dialogue in Chad (08/08/2022)</a>, as part of the Chad: Doha process.</li><li>There has been a total of 14 agreements in Chad, since the first agreement was signed in 1994 (<a href=""https://www.peaceagreements.org/agreements/237/"" target=""_blank"">Agreement between the Great Socialist People's Libyan Arab Jamahariya and the Rep of Chad concerning the practical modalitities for the implementation of the Judgment delivered by the International Court of Justice on 3 February 1994 (04/04/1994)</a>), in 5 peace processes (Chad-Libya border peace process, Chad: 'third war' process, Chad-Sudan Agreements, Chad: Fourth War Process, Chad: Doha process).</li></ul>",483.0,Chad,10.0,2.0,0.0,0.0,0.0,0.0,293.0,20.0,0.0,0.0,-18.0,-283.0,0.0,0.0,-90.0,-96.58703071672356,2026-01-31,148.0,Chad,410,205,43,16,33,32,470,116,-16,10,89,-60,-50.0,30.303030303030305,76.72413793103449,-12.76595744680851,2026-03-31,134.0,165,Chad ranked 134 out of 165 countries in the Global Peace Index (2025).,157.0,182,Chad ranked 157 out of 182 countries in the Corruption Perception Index (2025).,"In the current period of analysis (Nov 2025) by the <a href='https://data.humdata.org/dataset/global-acute-food-insecurity-country-data', target='_blank'>IPC</a>, 11% of the population of Chad are in IPC Phase 3+ (in food crisis), an estimated 1927580 people. 1% (95621 people) are estimated to be in Phase 4 (emergency).","In Chad there has been a total of 382,920 people displaced, with 63,306 new displacements in 2024 [<a href='https://data.humdata.org/dataset/idmc-internal-displacements-new-displacements-idps', target='_blank'>IDMC</a>].","There are 4 current crises and severity categories listed in the <a href=""https://www.acaps.org/en/thematics/all-topics/inform-severity-index"" target=""_blank"">INFORM Severity Index</a> for Chad: Complex crisis in Chad (Very High), Conflict in Lac province (High), Displacement from CAR to Chad (Medium), Displacement from Sudan to Chad (Medium), as of 28/02/26.",,"<ul><li>In the current period of analysis (Nov 2025) by the <a href='https://data.humdata.org/dataset/global-acute-food-insecurity-country-data', target='_blank'>IPC</a>, 11% of the population of Chad are in IPC Phase 3+ (in food crisis), an estimated 1927580 people. 1% (95621 people) are estimated to be in Phase 4 (emergency).</li><li>In Chad there has been a total of 382,920 people displaced, with 63,306 new displacements in 2024 [<a href='https://data.humdata.org/dataset/idmc-internal-displacements-new-displacements-idps', target='_blank'>IDMC</a>].</li><li>There are 4 current crises and severity categories listed in the <a href=""https://www.acaps.org/en/thematics/all-topics/inform-severity-index"" target=""_blank"">INFORM Severity Index</a> for Chad: Complex crisis in Chad (Very High), Conflict in Lac province (High), Displacement from CAR to Chad (Medium), Displacement from Sudan to Chad (Medium), as of 28/02/26.</li></ul>","<ul><li>Chad ranked 134 out of 165 countries in the Global Peace Index (2025).</li><li>Chad ranked 157 out of 182 countries in the Corruption Perception Index (2025).</li><li>In the current period of analysis (Nov 2025) by the <a href='https://data.humdata.org/dataset/global-acute-food-insecurity-country-data', target='_blank'>IPC</a>, 11% of the population of Chad are in IPC Phase 3+ (in food crisis), an estimated 1927580 people. 1% (95621 people) are estimated to be in Phase 4 (emergency).</li><li>In Chad there has been a total of 382,920 people displaced, with 63,306 new displacements in 2024 [<a href='https://data.humdata.org/dataset/idmc-internal-displacements-new-displacements-idps', target='_blank'>IDMC</a>].</li><li>There are 4 current crises and severity categories listed in the <a href=""https://www.acaps.org/en/thematics/all-topics/inform-severity-index"" target=""_blank"">INFORM Severity Index</a> for Chad: Complex crisis in Chad (Very High), Conflict in Lac province (High), Displacement from CAR to Chad (Medium), Displacement from Sudan to Chad (Medium), as of 28/02/26.</li></ul>"
pax,China,30.0,CHN,710.0,156.0,CHN,2.0,All,https://www.peaceagreements.org/tracker/all,https://www.peaceagreements.org/agreements/search/?search_type=basic-search&countries=30&match_any_issues=True&name=&text=&signed_after=&signed_before=,15,3,"<ul><li>The most recent agreement signed in China was <a href=""https://www.peaceagreements.org/agreements/2834/"" target=""_blank"">Ten Points of Consensus for 24th Round of SR Talks on Boundary Question (19/08/2025)</a>, as part of the China-India border dispute peace process.</li><li>There has been a total of 15 agreements in China, since the first agreement was signed in 1991 (<a href=""https://www.peaceagreements.org/agreements/1740/"" target=""_blank"">Agreement on the Eastern Section of the Boundary between the Union of Soviet Socialist Republics and the People's Republic of China (1991 Sino-Soviet Border Agreement) (16/05/1991)</a>), in 3 peace processes (China-Russia border dispute peace process, China-India border dispute peace process, Russia-China-Central Asian borders interstate process).</li></ul>",,,,,,,,,,,,,,,,,,,,156.0,China,2,176,0,28,0,11,5,192,17,0,-16,-3,154.54545454545453,0.0,-8.333333333333332,-60.0,2026-03-31,98.0,165,China ranked 98 out of 165 countries in the Global Peace Index (2025).,76.0,182,China ranked 76 out of 182 countries in the Corruption Perception Index (2025).,,,,, ,<ul><li>China ranked 98 out of 165 countries in the Global Peace Index (2025).</li><li>China ranked 76 out of 182 countries in the Corruption Perception Index (2025).</li></ul>
pax,China,30.0,CHN,710.0,156.0,CHN,2.0,All,https://www.peaceagreements.org/tracker/all,https://www.peaceagreements.org/agreements/search/?search_type=basic-search&countries=30&match_any_issues=True&name=&text=&signed_after=&signed_before=,15,3,"<ul><li>The most recent agreement signed in China was <a href=""https://www.peaceagreements.org/agreements/2834/"" target=""_blank"">Ten Points of Consensus for 24th Round of SR Talks on Boundary Question (19/08/2025)</a>, as part of the China-India border dispute peace process.</li><li>There has been a total of 15 agreements in China, since the first agreement was signed in 1991 (<a href=""https://www.peaceagreements.org/agreements/1740/"" target=""_blank"">Agreement on the Eastern Section of the Boundary between the Union of Soviet Socialist Republics and the People's Republic of China (1991 Sino-Soviet Border Agreement) (16/05/1991)</a>), in 3 peace processes (China-Russia border dispute peace process, China-India border dispute peace process, Russia-China-Central Asian borders interstate process).</li></ul>",,,,,,,,,,,,,,,,,,,,156.0,China,2,176,0,28,0,11,5,192,17,0,-16,-3,154.54545454545453,0.0,-8.333333333333332,-60.0,2026-03-31,2.093,165,China ranked 2 out of 165 countries in the Global Peace Index (2025).,76.0,182,China ranked 76 out of 182 countries in the Corruption Perception Index (2025).,,,,, ,<ul><li>China ranked 2 out of 165 countries in the Global Peace Index (2025).</li><li>China ranked 76 out of 182 countries in the Corruption Perception Index (2025).</li></ul>
pax,Colombia,32.0,COL,100.0,170.0,COL,1.0,Colombia,https://www.peaceagreements.org/tracker/colombia,https://www.peaceagreements.org/agreements/search/?search_type=basic-search&countries=32&match_any_issues=True&name=&text=&signed_after=&signed_before=,240,12,"<ul><li>The most recent agreement signed in Colombia was <a href=""https://www.peaceagreements.org/agreements/2872/"" target=""_blank"">Protocolo para el Seguimiento, Monitoreo y Verificación de los Compromisos de Paz en Doha (05/12/2025)</a>, as part of the Colombia VII - Petro Peace Dialogues with the Autodefensas Gaitanistas de Colombia.</li><li>There has been a total of 240 agreements in Colombia, since the first agreement was signed in 1990 (<a href=""https://www.peaceagreements.org/agreements/168/"" target=""_blank"">Political Agreement between the National Government, the Political Parties, M-19 and the Catholic Church as Moral and Spiritual Guardian of the ProcessSpanish: Acuerdo Político entre el Gobierno Nacional, los Partidos Políticos, el M-19, y la Iglesia Católica en Calidad de Tutora Moral y Espiritual del Proceso (09/03/1990)</a>), in 12 peace processes (Colombia I - Gaviria, Colombia II - Samper, Colombia III - Arango, Colombia IV - Uribe, Colombia V - Santos, Colombia VI - Government-ELN post-2015 process, Colombia VII - Petro Peace Dialogues with ELN, Colombia VII - Petro Peace Dialogues with FARC-EP, Colombia VII - Petro Peace Dialogues with Segunda Marquetalia, Colombia VII - Petro Peace Dialogues with Comuneros del Sur (Nariño Regional Process), Colombia VII - Petro Peace Dialogues with the Coordinadora Nacional Ejército Bolivariano (CNEB), Colombia VII - Petro Peace Dialogues with the Autodefensas Gaitanistas de Colombia).</li></ul>",100.0,Colombia,195.0,110.0,0.0,0.0,8.0,1.0,477.0,258.0,0.0,0.0,-148.0,-282.0,0.0,0.0,-57.36434108527132,-59.11949685534591,2026-01-31,170.0,Colombia,2097,2754,138,221,144,214,1945,2442,7,-6,312,152,3.2710280373831773,-4.166666666666666,12.776412776412776,7.814910025706941,2026-03-31,140.0,165,Colombia ranked 140 out of 165 countries in the Global Peace Index (2025).,99.0,182,Colombia ranked 99 out of 182 countries in the Corruption Perception Index (2025).,,"In Colombia there has been a total of 7,264,767 people displaced, with 387,952 new displacements in 2024 [<a href='https://data.humdata.org/dataset/idmc-internal-displacements-new-displacements-idps', target='_blank'>IDMC</a>].","There are 3 current crises and severity categories listed in the <a href=""https://www.acaps.org/en/thematics/all-topics/inform-severity-index"" target=""_blank"">INFORM Severity Index</a> for Colombia: Conflict and Climatic Shocks in Colombia (Very High), Displacement from Venezuela to Colombia (High), Multiple Crises in Colombia (Very High), as of 31/03/26.",,"<ul><li>In Colombia there has been a total of 7,264,767 people displaced, with 387,952 new displacements in 2024 [<a href='https://data.humdata.org/dataset/idmc-internal-displacements-new-displacements-idps', target='_blank'>IDMC</a>].</li><li>There are 3 current crises and severity categories listed in the <a href=""https://www.acaps.org/en/thematics/all-topics/inform-severity-index"" target=""_blank"">INFORM Severity Index</a> for Colombia: Conflict and Climatic Shocks in Colombia (Very High), Displacement from Venezuela to Colombia (High), Multiple Crises in Colombia (Very High), as of 31/03/26.</li></ul>","<ul><li>Colombia ranked 140 out of 165 countries in the Global Peace Index (2025).</li><li>Colombia ranked 99 out of 182 countries in the Corruption Perception Index (2025).</li><li>In Colombia there has been a total of 7,264,767 people displaced, with 387,952 new displacements in 2024 [<a href='https://data.humdata.org/dataset/idmc-internal-displacements-new-displacements-idps', target='_blank'>IDMC</a>].</li><li>There are 3 current crises and severity categories listed in the <a href=""https://www.acaps.org/en/thematics/all-topics/inform-severity-index"" target=""_blank"">INFORM Severity Index</a> for Colombia: Conflict and Climatic Shocks in Colombia (Very High), Displacement from Venezuela to Colombia (High), Multiple Crises in Colombia (Very High), as of 31/03/26.</li></ul>"
pax,Colombia,32.0,COL,100.0,170.0,COL,1.0,Colombia,https://www.peaceagreements.org/tracker/colombia,https://www.peaceagreements.org/agreements/search/?search_type=basic-search&countries=32&match_any_issues=True&name=&text=&signed_after=&signed_before=,240,12,"<ul><li>The most recent agreement signed in Colombia was <a href=""https://www.peaceagreements.org/agreements/2872/"" target=""_blank"">Protocolo para el Seguimiento, Monitoreo y Verificación de los Compromisos de Paz en Doha (05/12/2025)</a>, as part of the Colombia VII - Petro Peace Dialogues with the Autodefensas Gaitanistas de Colombia.</li><li>There has been a total of 240 agreements in Colombia, since the first agreement was signed in 1990 (<a href=""https://www.peaceagreements.org/agreements/168/"" target=""_blank"">Political Agreement between the National Government, the Political Parties, M-19 and the Catholic Church as Moral and Spiritual Guardian of the ProcessSpanish: Acuerdo Político entre el Gobierno Nacional, los Partidos Políticos, el M-19, y la Iglesia Católica en Calidad de Tutora Moral y Espiritual del Proceso (09/03/1990)</a>), in 12 peace processes (Colombia I - Gaviria, Colombia II - Samper, Colombia III - Arango, Colombia IV - Uribe, Colombia V - Santos, Colombia VI - Government-ELN post-2015 process, Colombia VII - Petro Peace Dialogues with ELN, Colombia VII - Petro Peace Dialogues with FARC-EP, Colombia VII - Petro Peace Dialogues with Segunda Marquetalia, Colombia VII - Petro Peace Dialogues with Comuneros del Sur (Nariño Regional Process), Colombia VII - Petro Peace Dialogues with the Coordinadora Nacional Ejército Bolivariano (CNEB), Colombia VII - Petro Peace Dialogues with the Autodefensas Gaitanistas de Colombia).</li></ul>",100.0,Colombia,195.0,110.0,0.0,0.0,8.0,1.0,477.0,258.0,0.0,0.0,-148.0,-282.0,0.0,0.0,-57.36434108527132,-59.11949685534591,2026-01-31,170.0,Colombia,2097,2754,138,221,144,214,1945,2442,7,-6,312,152,3.2710280373831773,-4.166666666666666,12.776412776412776,7.814910025706941,2026-03-31,2.695,165,Colombia ranked 2 out of 165 countries in the Global Peace Index (2025).,99.0,182,Colombia ranked 99 out of 182 countries in the Corruption Perception Index (2025).,,"In Colombia there has been a total of 7,264,767 people displaced, with 387,952 new displacements in 2024 [<a href='https://data.humdata.org/dataset/idmc-internal-displacements-new-displacements-idps', target='_blank'>IDMC</a>].","There are 3 current crises and severity categories listed in the <a href=""https://www.acaps.org/en/thematics/all-topics/inform-severity-index"" target=""_blank"">INFORM Severity Index</a> for Colombia: Conflict and Climatic Shocks in Colombia (Very High), Displacement from Venezuela to Colombia (High), Multiple Crises in Colombia (Very High), as of 31/03/26.",,"<ul><li>In Colombia there has been a total of 7,264,767 people displaced, with 387,952 new displacements in 2024 [<a href='https://data.humdata.org/dataset/idmc-internal-displacements-new-displacements-idps', target='_blank'>IDMC</a>].</li><li>There are 3 current crises and severity categories listed in the <a href=""https://www.acaps.org/en/thematics/all-topics/inform-severity-index"" target=""_blank"">INFORM Severity Index</a> for Colombia: Conflict and Climatic Shocks in Colombia (Very High), Displacement from Venezuela to Colombia (High), Multiple Crises in Colombia (Very High), as of 31/03/26.</li></ul>","<ul><li>Colombia ranked 2 out of 165 countries in the Global Peace Index (2025).</li><li>Colombia ranked 99 out of 182 countries in the Corruption Perception Index (2025).</li><li>In Colombia there has been a total of 7,264,767 people displaced, with 387,952 new displacements in 2024 [<a href='https://data.humdata.org/dataset/idmc-internal-displacements-new-displacements-idps', target='_blank'>IDMC</a>].</li><li>There are 3 current crises and severity categories listed in the <a href=""https://www.acaps.org/en/thematics/all-topics/inform-severity-index"" target=""_blank"">INFORM Severity Index</a> for Colombia: Conflict and Climatic Shocks in Colombia (Very High), Displacement from Venezuela to Colombia (High), Multiple Crises in Colombia (Very High), as of 31/03/26.</li></ul>"
pax,Comoros,33.0,COM,581.0,174.0,COM,2.0,All,https://www.peaceagreements.org/tracker/all,https://www.peaceagreements.org/agreements/search/?search_type=basic-search&countries=33&match_any_issues=True&name=&text=&signed_after=&signed_before=,8,1,"<ul><li>The most recent agreement signed in Comoros was <a href=""https://www.peaceagreements.org/agreements/801/"" target=""_blank"">Accord pour la gestion de la période intérimaire (16/06/2010)</a>, as part of the Comoros-Anjouan islands peace process.</li><li>There has been a total of 8 agreements in Comoros, since the first agreement was signed in 1997 (<a href=""https://www.peaceagreements.org/agreements/1035/"" target=""_blank"">Addis Ababa Agreement (13/12/1997)</a>), in 1 peace process (Comoros-Anjouan islands peace process).</li></ul>",,,,,,,,,,,,,,,,,,,,174.0,Comoros,3,10,0,1,0,0,1,6,1,0,4,2,0.0,0.0,66.66666666666666,200.0,2026-03-31,,165,,163.0,182,Comoros ranked 163 out of 182 countries in the Corruption Perception Index (2025).,,"In Comoros there has been a total of 11 people displaced, with 11 new displacements in 2024 [<a href='https://data.humdata.org/dataset/idmc-internal-displacements-new-displacements-idps', target='_blank'>IDMC</a>].",,,"<ul><li>In Comoros there has been a total of 11 people displaced, with 11 new displacements in 2024 [<a href='https://data.humdata.org/dataset/idmc-internal-displacements-new-displacements-idps', target='_blank'>IDMC</a>].</li></ul>","<ul><li>Comoros ranked 163 out of 182 countries in the Corruption Perception Index (2025).</li><li>In Comoros there has been a total of 11 people displaced, with 11 new displacements in 2024 [<a href='https://data.humdata.org/dataset/idmc-internal-displacements-new-displacements-idps', target='_blank'>IDMC</a>].</li></ul>"
pax,Cote d'Ivoire,37.0,CIV,437.0,384.0,CDI,2.0,All,https://www.peaceagreements.org/tracker/all,https://www.peaceagreements.org/agreements/search/?search_type=basic-search&countries=37&match_any_issues=True&name=&text=&signed_after=&signed_before=,19,1,"<ul><li>The most recent agreement signed in Cote d'Ivoire was <a href=""https://www.peaceagreements.org/agreements/720/"" target=""_blank"">Fourth supplementary agreement to the Ouagadougou Political Agreement (22/12/2008)</a>, as part of the Cote D'Ivoire: peace process.</li><li>There has been a total of 19 agreements in Cote d'Ivoire, since the first agreement was signed in 2002 (<a href=""https://www.peaceagreements.org/agreements/540/"" target=""_blank"">Sommet Extraordinaire des Chefs d'Etat de Governement sur la Situation en Côte d'Ivoire, Communiqué Final (Accra I) (29/09/2002)</a>), in 1 peace process (Cote D'Ivoire: peace process).</li></ul>",,,,,,,,,,,,,,,,,,,,384.0,Ivory Coast,34,84,3,6,2,6,22,83,0,1,1,12,0.0,50.0,1.2048192771084338,54.54545454545454,2026-03-31,2.066,165,Cote d' Ivoire ranked 2 out of 165 countries in the Global Peace Index (2025).,76.0,182,Cote d'Ivoire ranked 76 out of 182 countries in the Corruption Perception Index (2025).,"In the current period of analysis (Nov 2025) by the <a href='https://data.humdata.org/dataset/global-acute-food-insecurity-country-data', target='_blank'>IPC</a>, 4% of the population of Côte d'Ivoire (Ivory Coast) are in IPC Phase 3+ (in food crisis), an estimated 1033335 people. 0% (9699 people) are estimated to be in Phase 4 (emergency).","In Côte d'Ivoire (Ivory Coast), there were no reported displacements in 2023 [<a href='https://data.humdata.org/dataset/idmc-internal-displacements-new-displacements-idps', target='_blank'>IDMC</a>].","There is 1 current crisis and severity category listed in the <a href=""https://www.acaps.org/en/thematics/all-topics/inform-severity-index"" target=""_blank"">INFORM Severity Index</a> for Côte d'Ivoire: Displacement from Burkina Faso to northern Côte d’Ivoire (Medium), as of 23/03/26.",,"<ul><li>In the current period of analysis (Nov 2025) by the <a href='https://data.humdata.org/dataset/global-acute-food-insecurity-country-data', target='_blank'>IPC</a>, 4% of the population of Côte d'Ivoire (Ivory Coast) are in IPC Phase 3+ (in food crisis), an estimated 1033335 people. 0% (9699 people) are estimated to be in Phase 4 (emergency).</li><li>In Côte d'Ivoire (Ivory Coast), there were no reported displacements in 2023 [<a href='https://data.humdata.org/dataset/idmc-internal-displacements-new-displacements-idps', target='_blank'>IDMC</a>].</li><li>There is 1 current crisis and severity category listed in the <a href=""https://www.acaps.org/en/thematics/all-topics/inform-severity-index"" target=""_blank"">INFORM Severity Index</a> for Côte d'Ivoire: Displacement from Burkina Faso to northern Côte d’Ivoire (Medium), as of 23/03/26.</li></ul>","<ul><li>Cote d' Ivoire ranked 2 out of 165 countries in the Global Peace Index (2025).</li><li>Cote d'Ivoire ranked 76 out of 182 countries in the Corruption Perception Index (2025).</li><li>In the current period of analysis (Nov 2025) by the <a href='https://data.humdata.org/dataset/global-acute-food-insecurity-country-data', target='_blank'>IPC</a>, 4% of the population of Côte d'Ivoire (Ivory Coast) are in IPC Phase 3+ (in food crisis), an estimated 1033335 people. 0% (9699 people) are estimated to be in Phase 4 (emergency).</li><li>In Côte d'Ivoire (Ivory Coast), there were no reported displacements in 2023 [<a href='https://data.humdata.org/dataset/idmc-internal-displacements-new-displacements-idps', target='_blank'>IDMC</a>].</li><li>There is 1 current crisis and severity category listed in the <a href=""https://www.acaps.org/en/thematics/all-topics/inform-severity-index"" target=""_blank"">INFORM Severity Index</a> for Côte d'Ivoire: Displacement from Burkina Faso to northern Côte d’Ivoire (Medium), as of 23/03/26.</li></ul>"
pax,Cote d'Ivoire,37.0,CIV,437.0,384.0,CDI,2.0,All,https://www.peaceagreements.org/tracker/all,https://www.peaceagreements.org/agreements/search/?search_type=basic-search&countries=37&match_any_issues=True&name=&text=&signed_after=&signed_before=,19,1,"<ul><li>The most recent agreement signed in Cote d'Ivoire was <a href=""https://www.peaceagreements.org/agreements/720/"" target=""_blank"">Fourth supplementary agreement to the Ouagadougou Political Agreement (22/12/2008)</a>, as part of the Cote D'Ivoire: peace process.</li><li>There has been a total of 19 agreements in Cote d'Ivoire, since the first agreement was signed in 2002 (<a href=""https://www.peaceagreements.org/agreements/540/"" target=""_blank"">Sommet Extraordinaire des Chefs d'Etat de Governement sur la Situation en Côte d'Ivoire, Communiqué Final (Accra I) (29/09/2002)</a>), in 1 peace process (Cote D'Ivoire: peace process).</li></ul>",,,,,,,,,,,,,,,,,,,,384.0,Ivory Coast,34,84,3,6,2,6,22,83,0,1,1,12,0.0,50.0,1.2048192771084338,54.54545454545454,2026-03-31,94.0,165,Cote d' Ivoire ranked 94 out of 165 countries in the Global Peace Index (2025).,76.0,182,Cote d'Ivoire ranked 76 out of 182 countries in the Corruption Perception Index (2025).,"In the current period of analysis (Nov 2025) by the <a href='https://data.humdata.org/dataset/global-acute-food-insecurity-country-data', target='_blank'>IPC</a>, 4% of the population of Côte d'Ivoire (Ivory Coast) are in IPC Phase 3+ (in food crisis), an estimated 1033335 people. 0% (9699 people) are estimated to be in Phase 4 (emergency).","In Côte d'Ivoire (Ivory Coast), there were no reported displacements in 2023 [<a href='https://data.humdata.org/dataset/idmc-internal-displacements-new-displacements-idps', target='_blank'>IDMC</a>].","There is 1 current crisis and severity category listed in the <a href=""https://www.acaps.org/en/thematics/all-topics/inform-severity-index"" target=""_blank"">INFORM Severity Index</a> for Côte d'Ivoire: Displacement from Burkina Faso to northern Côte d’Ivoire (Medium), as of 23/03/26.",,"<ul><li>In the current period of analysis (Nov 2025) by the <a href='https://data.humdata.org/dataset/global-acute-food-insecurity-country-data', target='_blank'>IPC</a>, 4% of the population of Côte d'Ivoire (Ivory Coast) are in IPC Phase 3+ (in food crisis), an estimated 1033335 people. 0% (9699 people) are estimated to be in Phase 4 (emergency).</li><li>In Côte d'Ivoire (Ivory Coast), there were no reported displacements in 2023 [<a href='https://data.humdata.org/dataset/idmc-internal-displacements-new-displacements-idps', target='_blank'>IDMC</a>].</li><li>There is 1 current crisis and severity category listed in the <a href=""https://www.acaps.org/en/thematics/all-topics/inform-severity-index"" target=""_blank"">INFORM Severity Index</a> for Côte d'Ivoire: Displacement from Burkina Faso to northern Côte d’Ivoire (Medium), as of 23/03/26.</li></ul>","<ul><li>Cote d' Ivoire ranked 94 out of 165 countries in the Global Peace Index (2025).</li><li>Cote d'Ivoire ranked 76 out of 182 countries in the Corruption Perception Index (2025).</li><li>In the current period of analysis (Nov 2025) by the <a href='https://data.humdata.org/dataset/global-acute-food-insecurity-country-data', target='_blank'>IPC</a>, 4% of the population of Côte d'Ivoire (Ivory Coast) are in IPC Phase 3+ (in food crisis), an estimated 1033335 people. 0% (9699 people) are estimated to be in Phase 4 (emergency).</li><li>In Côte d'Ivoire (Ivory Coast), there were no reported displacements in 2023 [<a href='https://data.humdata.org/dataset/idmc-internal-displacements-new-displacements-idps', target='_blank'>IDMC</a>].</li><li>There is 1 current crisis and severity category listed in the <a href=""https://www.acaps.org/en/thematics/all-topics/inform-severity-index"" target=""_blank"">INFORM Severity Index</a> for Côte d'Ivoire: Displacement from Burkina Faso to northern Côte d’Ivoire (Medium), as of 23/03/26.</li></ul>"
pax,Croatia,38.0,HRV,344.0,191.0,CRO,2.0,All,https://www.peaceagreements.org/tracker/all,https://www.peaceagreements.org/agreements/search/?search_type=basic-search&countries=38&match_any_issues=True&name=&text=&signed_after=&signed_before=,44,2,"<ul><li>The most recent agreement signed in Croatia was <a href=""https://www.peaceagreements.org/agreements/1220/"" target=""_blank"">Programme of the Government of the Republic of Croatia for the Establishment of Trust, Accelerated Return, and Normalization of Living Conditions in the War-affected Regions of the Republic of Croatia (03/10/1997)</a>, as part of the Dissolution of Yugoslavia.</li><li>There has been a total of 44 agreements in Croatia, since the first agreement was signed in 1991 (<a href=""https://www.peaceagreements.org/agreements/422/"" target=""_blank"">Joint Declaration of the EC Troika and the Parties directly concerned with the Yugoslav Crisis (Brioni Agreement) (07/07/1991)</a>), in 2 peace processes (Croatia negotiation process, Dissolution of Yugoslavia).</li></ul>",,,,,,,,,,,,,,,,,,,,191.0,Croatia,0,10,0,0,0,0,0,17,0,0,-7,0,0.0,0.0,-41.17647058823529,0.0,2026-03-31,19.0,165,Croatia ranked 19 out of 165 countries in the Global Peace Index (2025).,63.0,182,Croatia ranked 63 out of 182 countries in the Corruption Perception Index (2025).,,,,, ,<ul><li>Croatia ranked 19 out of 165 countries in the Global Peace Index (2025).</li><li>Croatia ranked 63 out of 182 countries in the Corruption Perception Index (2025).</li></ul>
pax,Croatia,38.0,HRV,344.0,191.0,CRO,2.0,All,https://www.peaceagreements.org/tracker/all,https://www.peaceagreements.org/agreements/search/?search_type=basic-search&countries=38&match_any_issues=True&name=&text=&signed_after=&signed_before=,44,2,"<ul><li>The most recent agreement signed in Croatia was <a href=""https://www.peaceagreements.org/agreements/1220/"" target=""_blank"">Programme of the Government of the Republic of Croatia for the Establishment of Trust, Accelerated Return, and Normalization of Living Conditions in the War-affected Regions of the Republic of Croatia (03/10/1997)</a>, as part of the Dissolution of Yugoslavia.</li><li>There has been a total of 44 agreements in Croatia, since the first agreement was signed in 1991 (<a href=""https://www.peaceagreements.org/agreements/422/"" target=""_blank"">Joint Declaration of the EC Troika and the Parties directly concerned with the Yugoslav Crisis (Brioni Agreement) (07/07/1991)</a>), in 2 peace processes (Croatia negotiation process, Dissolution of Yugoslavia).</li></ul>",,,,,,,,,,,,,,,,,,,,191.0,Croatia,0,10,0,0,0,0,0,17,0,0,-7,0,0.0,0.0,-41.17647058823529,0.0,2026-03-31,1.519,165,Croatia ranked 1 out of 165 countries in the Global Peace Index (2025).,63.0,182,Croatia ranked 63 out of 182 countries in the Corruption Perception Index (2025).,,,,, ,<ul><li>Croatia ranked 1 out of 165 countries in the Global Peace Index (2025).</li><li>Croatia ranked 63 out of 182 countries in the Corruption Perception Index (2025).</li></ul>
pax,Democratic Republic of Congo,42.0,COD,490.0,180.0,DRC,1.0,Democratic Republic of Congo,https://www.peaceagreements.org/tracker/democratic-republic-of-congo,https://www.peaceagreements.org/agreements/search/?search_type=basic-search&countries=42&match_any_issues=True&name=&text=&signed_after=&signed_before=,64,6,"<ul><li>The most recent agreement signed in Democratic Republic of Congo was <a href=""https://www.peaceagreements.org/agreements/2867/"" target=""_blank"">Joint Declaration by the Democratic Republic of the Congo and the Republic of Rwanda on the Occasion of Establishing the Washington Accords for Peace and Prosperity (04/12/2025)</a>, as part of the DRC: the Doha Track for Eastern DRC.</li><li>There has been a total of 64 agreements in Democratic Republic of Congo, since the first agreement was signed in 1999 (<a href=""https://www.peaceagreements.org/agreements/1043/"" target=""_blank"">Sirte Peace Agreement (18/04/1999)</a>), in 6 peace processes (DRC: Second Congo war process, DRC: Eastern DRC processes, DRC: local agreements (East), DRC: EAC-led Nairobi process for Eastern DRC, DRC: Angola-led process for Eastern DRC, DRC: the Doha Track for Eastern DRC).</li></ul>",490.0,DR Congo (Zaire),1359.0,240.0,99.0,11.0,0.0,0.0,5599.0,655.0,0.0,0.0,-415.0,-4240.0,0.0,0.0,-63.358778625954194,-75.7278085372388,2026-01-31,180.0,Democratic Republic of Congo,5478,3345,290,252,299,297,7079,2537,-45,-9,808,-1601,-15.151515151515152,-3.0100334448160537,31.848640126133226,-22.61618872722136,2026-03-31,160.0,165,Democratic Republic of the Congo ranked 160 out of 165 countries in the Global Peace Index (2025).,163.0,182,Democratic Republic of the Congo ranked 163 out of 182 countries in the Corruption Perception Index (2025).,"In the current period of analysis (Sep 2025) by the <a href='https://data.humdata.org/dataset/global-acute-food-insecurity-country-data', target='_blank'>IPC</a>, 21% of the population of Congo, Democratic Republic of the are in IPC Phase 3+ (in food crisis), an estimated 24812776 people. 3% (3229666 people) are estimated to be in Phase 4 (emergency).","In Congo, Democratic Republic of the there has been a total of 6,214,822 people displaced, with 5,333,075 new displacements in 2024 [<a href='https://data.humdata.org/dataset/idmc-internal-displacements-new-displacements-idps', target='_blank'>IDMC</a>].","There is 1 current crisis and severity category listed in the <a href=""https://www.acaps.org/en/thematics/all-topics/inform-severity-index"" target=""_blank"">INFORM Severity Index</a> for DRC: Complex crisis in DRC (Very High), as of 23/03/26.","Democratic Republic of Congo is one of 12 focus countries in the UK's WPS <a href='https://assets.publishing.service.gov.uk/government/uploads/system/uploads/attachment_data/file/1156085/uk-women-peace-security-national-action-plan-2023-2027.pdf', target='_blank'>National Action Plan</a> for 2023-2027. ","<ul><li>In the current period of analysis (Sep 2025) by the <a href='https://data.humdata.org/dataset/global-acute-food-insecurity-country-data', target='_blank'>IPC</a>, 21% of the population of Congo, Democratic Republic of the are in IPC Phase 3+ (in food crisis), an estimated 24812776 people. 3% (3229666 people) are estimated to be in Phase 4 (emergency).</li><li>In Congo, Democratic Republic of the there has been a total of 6,214,822 people displaced, with 5,333,075 new displacements in 2024 [<a href='https://data.humdata.org/dataset/idmc-internal-displacements-new-displacements-idps', target='_blank'>IDMC</a>].</li><li>There is 1 current crisis and severity category listed in the <a href=""https://www.acaps.org/en/thematics/all-topics/inform-severity-index"" target=""_blank"">INFORM Severity Index</a> for DRC: Complex crisis in DRC (Very High), as of 23/03/26.</li><li>Democratic Republic of Congo is one of 12 focus countries in the UK's WPS <a href='https://assets.publishing.service.gov.uk/government/uploads/system/uploads/attachment_data/file/1156085/uk-women-peace-security-national-action-plan-2023-2027.pdf', target='_blank'>National Action Plan</a> for 2023-2027.</li></ul>","<ul><li>Democratic Republic of the Congo ranked 160 out of 165 countries in the Global Peace Index (2025).</li><li>Democratic Republic of the Congo ranked 163 out of 182 countries in the Corruption Perception Index (2025).</li><li>In the current period of analysis (Sep 2025) by the <a href='https://data.humdata.org/dataset/global-acute-food-insecurity-country-data', target='_blank'>IPC</a>, 21% of the population of Congo, Democratic Republic of the are in IPC Phase 3+ (in food crisis), an estimated 24812776 people. 3% (3229666 people) are estimated to be in Phase 4 (emergency).</li><li>In Congo, Democratic Republic of the there has been a total of 6,214,822 people displaced, with 5,333,075 new displacements in 2024 [<a href='https://data.humdata.org/dataset/idmc-internal-displacements-new-displacements-idps', target='_blank'>IDMC</a>].</li><li>There is 1 current crisis and severity category listed in the <a href=""https://www.acaps.org/en/thematics/all-topics/inform-severity-index"" target=""_blank"">INFORM Severity Index</a> for DRC: Complex crisis in DRC (Very High), as of 23/03/26.</li><li>Democratic Republic of Congo is one of 12 focus countries in the UK's WPS <a href='https://assets.publishing.service.gov.uk/government/uploads/system/uploads/attachment_data/file/1156085/uk-women-peace-security-national-action-plan-2023-2027.pdf', target='_blank'>National Action Plan</a> for 2023-2027.</li></ul>"
pax,Democratic Republic of Congo,42.0,COD,490.0,180.0,DRC,1.0,Democratic Republic of Congo,https://www.peaceagreements.org/tracker/democratic-republic-of-congo,https://www.peaceagreements.org/agreements/search/?search_type=basic-search&countries=42&match_any_issues=True&name=&text=&signed_after=&signed_before=,64,6,"<ul><li>The most recent agreement signed in Democratic Republic of Congo was <a href=""https://www.peaceagreements.org/agreements/2867/"" target=""_blank"">Joint Declaration by the Democratic Republic of the Congo and the Republic of Rwanda on the Occasion of Establishing the Washington Accords for Peace and Prosperity (04/12/2025)</a>, as part of the DRC: the Doha Track for Eastern DRC.</li><li>There has been a total of 64 agreements in Democratic Republic of Congo, since the first agreement was signed in 1999 (<a href=""https://www.peaceagreements.org/agreements/1043/"" target=""_blank"">Sirte Peace Agreement (18/04/1999)</a>), in 6 peace processes (DRC: Second Congo war process, DRC: Eastern DRC processes, DRC: local agreements (East), DRC: EAC-led Nairobi process for Eastern DRC, DRC: Angola-led process for Eastern DRC, DRC: the Doha Track for Eastern DRC).</li></ul>",490.0,DR Congo (Zaire),1359.0,240.0,99.0,11.0,0.0,0.0,5599.0,655.0,0.0,0.0,-415.0,-4240.0,0.0,0.0,-63.358778625954194,-75.7278085372388,2026-01-31,180.0,Democratic Republic of Congo,5478,3345,290,252,299,297,7079,2537,-45,-9,808,-1601,-15.151515151515152,-3.0100334448160537,31.848640126133226,-22.61618872722136,2026-03-31,3.292,165,Democratic Republic of the Congo ranked 3 out of 165 countries in the Global Peace Index (2025).,163.0,182,Democratic Republic of the Congo ranked 163 out of 182 countries in the Corruption Perception Index (2025).,"In the current period of analysis (Sep 2025) by the <a href='https://data.humdata.org/dataset/global-acute-food-insecurity-country-data', target='_blank'>IPC</a>, 21% of the population of Congo, Democratic Republic of the are in IPC Phase 3+ (in food crisis), an estimated 24812776 people. 3% (3229666 people) are estimated to be in Phase 4 (emergency).","In Congo, Democratic Republic of the there has been a total of 6,214,822 people displaced, with 5,333,075 new displacements in 2024 [<a href='https://data.humdata.org/dataset/idmc-internal-displacements-new-displacements-idps', target='_blank'>IDMC</a>].","There is 1 current crisis and severity category listed in the <a href=""https://www.acaps.org/en/thematics/all-topics/inform-severity-index"" target=""_blank"">INFORM Severity Index</a> for DRC: Complex crisis in DRC (Very High), as of 23/03/26.","Democratic Republic of Congo is one of 12 focus countries in the UK's WPS <a href='https://assets.publishing.service.gov.uk/government/uploads/system/uploads/attachment_data/file/1156085/uk-women-peace-security-national-action-plan-2023-2027.pdf', target='_blank'>National Action Plan</a> for 2023-2027. ","<ul><li>In the current period of analysis (Sep 2025) by the <a href='https://data.humdata.org/dataset/global-acute-food-insecurity-country-data', target='_blank'>IPC</a>, 21% of the population of Congo, Democratic Republic of the are in IPC Phase 3+ (in food crisis), an estimated 24812776 people. 3% (3229666 people) are estimated to be in Phase 4 (emergency).</li><li>In Congo, Democratic Republic of the there has been a total of 6,214,822 people displaced, with 5,333,075 new displacements in 2024 [<a href='https://data.humdata.org/dataset/idmc-internal-displacements-new-displacements-idps', target='_blank'>IDMC</a>].</li><li>There is 1 current crisis and severity category listed in the <a href=""https://www.acaps.org/en/thematics/all-topics/inform-severity-index"" target=""_blank"">INFORM Severity Index</a> for DRC: Complex crisis in DRC (Very High), as of 23/03/26.</li><li>Democratic Republic of Congo is one of 12 focus countries in the UK's WPS <a href='https://assets.publishing.service.gov.uk/government/uploads/system/uploads/attachment_data/file/1156085/uk-women-peace-security-national-action-plan-2023-2027.pdf', target='_blank'>National Action Plan</a> for 2023-2027.</li></ul>","<ul><li>Democratic Republic of the Congo ranked 3 out of 165 countries in the Global Peace Index (2025).</li><li>Democratic Republic of the Congo ranked 163 out of 182 countries in the Corruption Perception Index (2025).</li><li>In the current period of analysis (Sep 2025) by the <a href='https://data.humdata.org/dataset/global-acute-food-insecurity-country-data', target='_blank'>IPC</a>, 21% of the population of Congo, Democratic Republic of the are in IPC Phase 3+ (in food crisis), an estimated 24812776 people. 3% (3229666 people) are estimated to be in Phase 4 (emergency).</li><li>In Congo, Democratic Republic of the there has been a total of 6,214,822 people displaced, with 5,333,075 new displacements in 2024 [<a href='https://data.humdata.org/dataset/idmc-internal-displacements-new-displacements-idps', target='_blank'>IDMC</a>].</li><li>There is 1 current crisis and severity category listed in the <a href=""https://www.acaps.org/en/thematics/all-topics/inform-severity-index"" target=""_blank"">INFORM Severity Index</a> for DRC: Complex crisis in DRC (Very High), as of 23/03/26.</li><li>Democratic Republic of Congo is one of 12 focus countries in the UK's WPS <a href='https://assets.publishing.service.gov.uk/government/uploads/system/uploads/attachment_data/file/1156085/uk-women-peace-security-national-action-plan-2023-2027.pdf', target='_blank'>National Action Plan</a> for 2023-2027.</li></ul>"
pax,Djibouti,43.0,DJI,522.0,262.0,DJI,2.0,All,https://www.peaceagreements.org/tracker/all,https://www.peaceagreements.org/agreements/search/?search_type=basic-search&countries=43&match_any_issues=True&name=&text=&signed_after=&signed_before=,4,2,"<ul><li>The most recent agreement signed in Djibouti was <a href=""https://www.peaceagreements.org/agreements/721/"" target=""_blank"">Agreement between the State of Eritrea and the Republic of Djibouti (concerning peaceful settlement of the border dispute) (06/06/2010)</a>, as part of the Djibouti-Eritrea border dispute peace process.</li><li>There has been a total of 4 agreements in Djibouti, since the first agreement was signed in 1994 (<a href=""https://www.peaceagreements.org/agreements/245/"" target=""_blank"">Accord de Paix et de reconciliation nationale (26/12/1994)</a>), in 2 peace processes (Djibouti: FRUD process, Djibouti-Eritrea border dispute peace process).</li></ul>",,,,,,,,,,,,,,,,,,,,262.0,Djibouti,4,5,4,1,0,0,0,1,1,4,4,4,0.0,0.0,400.0,0.0,2026-03-31,2.276,165,Djibouti ranked 2 out of 165 countries in the Global Peace Index (2025).,124.0,182,Djibouti ranked 124 out of 182 countries in the Corruption Perception Index (2025).,"In the current period of analysis (May 2025) by the <a href='https://data.humdata.org/dataset/global-acute-food-insecurity-country-data', target='_blank'>IPC</a>, 17% of the population of Djibouti are in IPC Phase 3+ (in food crisis), an estimated 193872 people. 4% (43585 people) are estimated to be in Phase 4 (emergency).",,"There are 3 current crises and severity categories listed in the <a href=""https://www.acaps.org/en/thematics/all-topics/inform-severity-index"" target=""_blank"">INFORM Severity Index</a> for Djibouti: Drought in Djibouti (Medium), International Displacement to Djibouti (Medium), Multiple crises in Djibouti (Medium), as of 31/03/26.",,"<ul><li>In the current period of analysis (May 2025) by the <a href='https://data.humdata.org/dataset/global-acute-food-insecurity-country-data', target='_blank'>IPC</a>, 17% of the population of Djibouti are in IPC Phase 3+ (in food crisis), an estimated 193872 people. 4% (43585 people) are estimated to be in Phase 4 (emergency).</li><li>There are 3 current crises and severity categories listed in the <a href=""https://www.acaps.org/en/thematics/all-topics/inform-severity-index"" target=""_blank"">INFORM Severity Index</a> for Djibouti: Drought in Djibouti (Medium), International Displacement to Djibouti (Medium), Multiple crises in Djibouti (Medium), as of 31/03/26.</li></ul>","<ul><li>Djibouti ranked 2 out of 165 countries in the Global Peace Index (2025).</li><li>Djibouti ranked 124 out of 182 countries in the Corruption Perception Index (2025).</li><li>In the current period of analysis (May 2025) by the <a href='https://data.humdata.org/dataset/global-acute-food-insecurity-country-data', target='_blank'>IPC</a>, 17% of the population of Djibouti are in IPC Phase 3+ (in food crisis), an estimated 193872 people. 4% (43585 people) are estimated to be in Phase 4 (emergency).</li><li>There are 3 current crises and severity categories listed in the <a href=""https://www.acaps.org/en/thematics/all-topics/inform-severity-index"" target=""_blank"">INFORM Severity Index</a> for Djibouti: Drought in Djibouti (Medium), International Displacement to Djibouti (Medium), Multiple crises in Djibouti (Medium), as of 31/03/26.</li></ul>"
pax,Djibouti,43.0,DJI,522.0,262.0,DJI,2.0,All,https://www.peaceagreements.org/tracker/all,https://www.peaceagreements.org/agreements/search/?search_type=basic-search&countries=43&match_any_issues=True&name=&text=&signed_after=&signed_before=,4,2,"<ul><li>The most recent agreement signed in Djibouti was <a href=""https://www.peaceagreements.org/agreements/721/"" target=""_blank"">Agreement between the State of Eritrea and the Republic of Djibouti (concerning peaceful settlement of the border dispute) (06/06/2010)</a>, as part of the Djibouti-Eritrea border dispute peace process.</li><li>There has been a total of 4 agreements in Djibouti, since the first agreement was signed in 1994 (<a href=""https://www.peaceagreements.org/agreements/245/"" target=""_blank"">Accord de Paix et de reconciliation nationale (26/12/1994)</a>), in 2 peace processes (Djibouti: FRUD process, Djibouti-Eritrea border dispute peace process).</li></ul>",,,,,,,,,,,,,,,,,,,,262.0,Djibouti,4,5,4,1,0,0,0,1,1,4,4,4,0.0,0.0,400.0,0.0,2026-03-31,122.0,165,Djibouti ranked 122 out of 165 countries in the Global Peace Index (2025).,124.0,182,Djibouti ranked 124 out of 182 countries in the Corruption Perception Index (2025).,"In the current period of analysis (May 2025) by the <a href='https://data.humdata.org/dataset/global-acute-food-insecurity-country-data', target='_blank'>IPC</a>, 17% of the population of Djibouti are in IPC Phase 3+ (in food crisis), an estimated 193872 people. 4% (43585 people) are estimated to be in Phase 4 (emergency).",,"There are 3 current crises and severity categories listed in the <a href=""https://www.acaps.org/en/thematics/all-topics/inform-severity-index"" target=""_blank"">INFORM Severity Index</a> for Djibouti: Drought in Djibouti (Medium), International Displacement to Djibouti (Medium), Multiple crises in Djibouti (Medium), as of 31/03/26.",,"<ul><li>In the current period of analysis (May 2025) by the <a href='https://data.humdata.org/dataset/global-acute-food-insecurity-country-data', target='_blank'>IPC</a>, 17% of the population of Djibouti are in IPC Phase 3+ (in food crisis), an estimated 193872 people. 4% (43585 people) are estimated to be in Phase 4 (emergency).</li><li>There are 3 current crises and severity categories listed in the <a href=""https://www.acaps.org/en/thematics/all-topics/inform-severity-index"" target=""_blank"">INFORM Severity Index</a> for Djibouti: Drought in Djibouti (Medium), International Displacement to Djibouti (Medium), Multiple crises in Djibouti (Medium), as of 31/03/26.</li></ul>","<ul><li>Djibouti ranked 122 out of 165 countries in the Global Peace Index (2025).</li><li>Djibouti ranked 124 out of 182 countries in the Corruption Perception Index (2025).</li><li>In the current period of analysis (May 2025) by the <a href='https://data.humdata.org/dataset/global-acute-food-insecurity-country-data', target='_blank'>IPC</a>, 17% of the population of Djibouti are in IPC Phase 3+ (in food crisis), an estimated 193872 people. 4% (43585 people) are estimated to be in Phase 4 (emergency).</li><li>There are 3 current crises and severity categories listed in the <a href=""https://www.acaps.org/en/thematics/all-topics/inform-severity-index"" target=""_blank"">INFORM Severity Index</a> for Djibouti: Drought in Djibouti (Medium), International Displacement to Djibouti (Medium), Multiple crises in Djibouti (Medium), as of 31/03/26.</li></ul>"
pax,Ecuador,46.0,ECU,130.0,218.0,ECU,2.0,All,https://www.peaceagreements.org/tracker/all,https://www.peaceagreements.org/agreements/search/?search_type=basic-search&countries=46&match_any_issues=True&name=&text=&signed_after=&signed_before=,14,1,"<ul><li>The most recent agreement signed in Ecuador was <a href=""https://www.peaceagreements.org/agreements/141/"" target=""_blank"">Acuerdo de Bases respecto de la rehabilitación o reconstrucción de la bocatoma y obras conexas del Canal de Zarumilla Grupo de Trabajo sobre el Canal de Zarumilla (26/10/1998)</a>, as part of the Ecuador-Peru border dispute peace process.</li><li>There has been a total of 14 agreements in Ecuador, since the first agreement was signed in 1995 (<a href=""https://www.peaceagreements.org/agreements/352/"" target=""_blank"">Declaracion de Itamaraty (17/02/1995)</a>), in 1 peace process (Ecuador-Peru border dispute peace process).</li></ul>",130.0,Ecuador,72.0,51.0,0.0,0.0,0.0,0.0,271.0,182.0,0.0,0.0,-131.0,-199.0,0.0,0.0,-71.97802197802197,-73.43173431734317,2026-01-31,218.0,Ecuador,4021,3231,321,273,306,259,3453,2906,14,15,325,568,5.405405405405405,4.901960784313726,11.183757742601514,16.449464233999418,2026-03-31,129.0,165,Ecuador ranked 129 out of 165 countries in the Global Peace Index (2025).,116.0,182,Ecuador ranked 116 out of 182 countries in the Corruption Perception Index (2025).,"In the first projection period of analysis (Feb 2025) by the <a href='https://data.humdata.org/dataset/global-acute-food-insecurity-country-data', target='_blank'>IPC</a>, 15% of the population of Ecuador are in IPC Phase 3+ (in food crisis), an estimated 2823245 people. 1% (198409 people) are estimated to be in Phase 4 (emergency).","In Ecuador there has been a total of 48,593 people displaced, with 100,719 new displacements in 2024 [<a href='https://data.humdata.org/dataset/idmc-internal-displacements-new-displacements-idps', target='_blank'>IDMC</a>].","There are 4 current crises and severity categories listed in the <a href=""https://www.acaps.org/en/thematics/all-topics/inform-severity-index"" target=""_blank"">INFORM Severity Index</a> for Ecuador: Conflict and Violence in Ecuador (High), Displacement from Venezuela to Ecuador (Medium), Floods in Ecuador (Medium), Multiple crises in Ecuador (High), as of 30/03/26.",,"<ul><li>In the first projection period of analysis (Feb 2025) by the <a href='https://data.humdata.org/dataset/global-acute-food-insecurity-country-data', target='_blank'>IPC</a>, 15% of the population of Ecuador are in IPC Phase 3+ (in food crisis), an estimated 2823245 people. 1% (198409 people) are estimated to be in Phase 4 (emergency).</li><li>In Ecuador there has been a total of 48,593 people displaced, with 100,719 new displacements in 2024 [<a href='https://data.humdata.org/dataset/idmc-internal-displacements-new-displacements-idps', target='_blank'>IDMC</a>].</li><li>There are 4 current crises and severity categories listed in the <a href=""https://www.acaps.org/en/thematics/all-topics/inform-severity-index"" target=""_blank"">INFORM Severity Index</a> for Ecuador: Conflict and Violence in Ecuador (High), Displacement from Venezuela to Ecuador (Medium), Floods in Ecuador (Medium), Multiple crises in Ecuador (High), as of 30/03/26.</li></ul>","<ul><li>Ecuador ranked 129 out of 165 countries in the Global Peace Index (2025).</li><li>Ecuador ranked 116 out of 182 countries in the Corruption Perception Index (2025).</li><li>In the first projection period of analysis (Feb 2025) by the <a href='https://data.humdata.org/dataset/global-acute-food-insecurity-country-data', target='_blank'>IPC</a>, 15% of the population of Ecuador are in IPC Phase 3+ (in food crisis), an estimated 2823245 people. 1% (198409 people) are estimated to be in Phase 4 (emergency).</li><li>In Ecuador there has been a total of 48,593 people displaced, with 100,719 new displacements in 2024 [<a href='https://data.humdata.org/dataset/idmc-internal-displacements-new-displacements-idps', target='_blank'>IDMC</a>].</li><li>There are 4 current crises and severity categories listed in the <a href=""https://www.acaps.org/en/thematics/all-topics/inform-severity-index"" target=""_blank"">INFORM Severity Index</a> for Ecuador: Conflict and Violence in Ecuador (High), Displacement from Venezuela to Ecuador (Medium), Floods in Ecuador (Medium), Multiple crises in Ecuador (High), as of 30/03/26.</li></ul>"
pax,Ecuador,46.0,ECU,130.0,218.0,ECU,2.0,All,https://www.peaceagreements.org/tracker/all,https://www.peaceagreements.org/agreements/search/?search_type=basic-search&countries=46&match_any_issues=True&name=&text=&signed_after=&signed_before=,14,1,"<ul><li>The most recent agreement signed in Ecuador was <a href=""https://www.peaceagreements.org/agreements/141/"" target=""_blank"">Acuerdo de Bases respecto de la rehabilitación o reconstrucción de la bocatoma y obras conexas del Canal de Zarumilla Grupo de Trabajo sobre el Canal de Zarumilla (26/10/1998)</a>, as part of the Ecuador-Peru border dispute peace process.</li><li>There has been a total of 14 agreements in Ecuador, since the first agreement was signed in 1995 (<a href=""https://www.peaceagreements.org/agreements/352/"" target=""_blank"">Declaracion de Itamaraty (17/02/1995)</a>), in 1 peace process (Ecuador-Peru border dispute peace process).</li></ul>",130.0,Ecuador,72.0,51.0,0.0,0.0,0.0,0.0,271.0,182.0,0.0,0.0,-131.0,-199.0,0.0,0.0,-71.97802197802197,-73.43173431734317,2026-01-31,218.0,Ecuador,4021,3231,321,273,306,259,3453,2906,14,15,325,568,5.405405405405405,4.901960784313726,11.183757742601514,16.449464233999418,2026-03-31,2.459,165,Ecuador ranked 2 out of 165 countries in the Global Peace Index (2025).,116.0,182,Ecuador ranked 116 out of 182 countries in the Corruption Perception Index (2025).,"In the first projection period of analysis (Feb 2025) by the <a href='https://data.humdata.org/dataset/global-acute-food-insecurity-country-data', target='_blank'>IPC</a>, 15% of the population of Ecuador are in IPC Phase 3+ (in food crisis), an estimated 2823245 people. 1% (198409 people) are estimated to be in Phase 4 (emergency).","In Ecuador there has been a total of 48,593 people displaced, with 100,719 new displacements in 2024 [<a href='https://data.humdata.org/dataset/idmc-internal-displacements-new-displacements-idps', target='_blank'>IDMC</a>].","There are 4 current crises and severity categories listed in the <a href=""https://www.acaps.org/en/thematics/all-topics/inform-severity-index"" target=""_blank"">INFORM Severity Index</a> for Ecuador: Conflict and Violence in Ecuador (High), Displacement from Venezuela to Ecuador (Medium), Floods in Ecuador (Medium), Multiple crises in Ecuador (High), as of 30/03/26.",,"<ul><li>In the first projection period of analysis (Feb 2025) by the <a href='https://data.humdata.org/dataset/global-acute-food-insecurity-country-data', target='_blank'>IPC</a>, 15% of the population of Ecuador are in IPC Phase 3+ (in food crisis), an estimated 2823245 people. 1% (198409 people) are estimated to be in Phase 4 (emergency).</li><li>In Ecuador there has been a total of 48,593 people displaced, with 100,719 new displacements in 2024 [<a href='https://data.humdata.org/dataset/idmc-internal-displacements-new-displacements-idps', target='_blank'>IDMC</a>].</li><li>There are 4 current crises and severity categories listed in the <a href=""https://www.acaps.org/en/thematics/all-topics/inform-severity-index"" target=""_blank"">INFORM Severity Index</a> for Ecuador: Conflict and Violence in Ecuador (High), Displacement from Venezuela to Ecuador (Medium), Floods in Ecuador (Medium), Multiple crises in Ecuador (High), as of 30/03/26.</li></ul>","<ul><li>Ecuador ranked 2 out of 165 countries in the Global Peace Index (2025).</li><li>Ecuador ranked 116 out of 182 countries in the Corruption Perception Index (2025).</li><li>In the first projection period of analysis (Feb 2025) by the <a href='https://data.humdata.org/dataset/global-acute-food-insecurity-country-data', target='_blank'>IPC</a>, 15% of the population of Ecuador are in IPC Phase 3+ (in food crisis), an estimated 2823245 people. 1% (198409 people) are estimated to be in Phase 4 (emergency).</li><li>In Ecuador there has been a total of 48,593 people displaced, with 100,719 new displacements in 2024 [<a href='https://data.humdata.org/dataset/idmc-internal-displacements-new-displacements-idps', target='_blank'>IDMC</a>].</li><li>There are 4 current crises and severity categories listed in the <a href=""https://www.acaps.org/en/thematics/all-topics/inform-severity-index"" target=""_blank"">INFORM Severity Index</a> for Ecuador: Conflict and Violence in Ecuador (High), Displacement from Venezuela to Ecuador (Medium), Floods in Ecuador (Medium), Multiple crises in Ecuador (High), as of 30/03/26.</li></ul>"
pax,El Salvador,47.0,SLV,92.0,222.0,SAL,2.0,All,https://www.peaceagreements.org/tracker/all,https://www.peaceagreements.org/agreements/search/?search_type=basic-search&countries=47&match_any_issues=True&name=&text=&signed_after=&signed_before=,15,2,"<ul><li>The most recent agreement signed in El Salvador was <a href=""https://www.peaceagreements.org/agreements/424/"" target=""_blank"">Joint Declaration Signed on 4 October 1994 by the Representatives of the Govt of El Salvador and of the Frente Farabundo Marti para la Liberacion Nacional (FMLN) (04/10/1994)</a>, as part of the El Salvador peace process.</li><li>There has been a total of 15 agreements in El Salvador, since the first agreement was signed in 1990 (<a href=""https://www.peaceagreements.org/agreements/887/"" target=""_blank"">Montelimar Declaration (03/04/1990)</a>), in 2 peace processes (El Salvador peace process, Nicaragua contra process).</li></ul>",,,,,,,,,,,,,,,,,,,,222.0,El Salvador,14,23,1,1,2,3,14,18,-2,-1,5,0,-66.66666666666666,-50.0,27.77777777777778,0.0,2026-03-31,2.136,165,El Salvador ranked 2 out of 165 countries in the Global Peace Index (2025).,120.0,182,El Salvador ranked 120 out of 182 countries in the Corruption Perception Index (2025).,"In the current period of analysis (Aug 2021) by the <a href='https://data.humdata.org/dataset/global-acute-food-insecurity-country-data', target='_blank'>IPC</a>, 13% of the population of El Salvador are in IPC Phase 3+ (in food crisis), an estimated 841190 people. 1% (60879 people) are estimated to be in Phase 4 (emergency).","In El Salvador there has been a total of 35,391 people displaced, with 38,930 new displacements in 2024 [<a href='https://data.humdata.org/dataset/idmc-internal-displacements-new-displacements-idps', target='_blank'>IDMC</a>].","There is 1 current crisis and severity category listed in the <a href=""https://www.acaps.org/en/thematics/all-topics/inform-severity-index"" target=""_blank"">INFORM Severity Index</a> for El Salvador: Political and Economic crisis in El Salvador (Medium), as of 28/02/26.",,"<ul><li>In the current period of analysis (Aug 2021) by the <a href='https://data.humdata.org/dataset/global-acute-food-insecurity-country-data', target='_blank'>IPC</a>, 13% of the population of El Salvador are in IPC Phase 3+ (in food crisis), an estimated 841190 people. 1% (60879 people) are estimated to be in Phase 4 (emergency).</li><li>In El Salvador there has been a total of 35,391 people displaced, with 38,930 new displacements in 2024 [<a href='https://data.humdata.org/dataset/idmc-internal-displacements-new-displacements-idps', target='_blank'>IDMC</a>].</li><li>There is 1 current crisis and severity category listed in the <a href=""https://www.acaps.org/en/thematics/all-topics/inform-severity-index"" target=""_blank"">INFORM Severity Index</a> for El Salvador: Political and Economic crisis in El Salvador (Medium), as of 28/02/26.</li></ul>","<ul><li>El Salvador ranked 2 out of 165 countries in the Global Peace Index (2025).</li><li>El Salvador ranked 120 out of 182 countries in the Corruption Perception Index (2025).</li><li>In the current period of analysis (Aug 2021) by the <a href='https://data.humdata.org/dataset/global-acute-food-insecurity-country-data', target='_blank'>IPC</a>, 13% of the population of El Salvador are in IPC Phase 3+ (in food crisis), an estimated 841190 people. 1% (60879 people) are estimated to be in Phase 4 (emergency).</li><li>In El Salvador there has been a total of 35,391 people displaced, with 38,930 new displacements in 2024 [<a href='https://data.humdata.org/dataset/idmc-internal-displacements-new-displacements-idps', target='_blank'>IDMC</a>].</li><li>There is 1 current crisis and severity category listed in the <a href=""https://www.acaps.org/en/thematics/all-topics/inform-severity-index"" target=""_blank"">INFORM Severity Index</a> for El Salvador: Political and Economic crisis in El Salvador (Medium), as of 28/02/26.</li></ul>"
pax,El Salvador,47.0,SLV,92.0,222.0,SAL,2.0,All,https://www.peaceagreements.org/tracker/all,https://www.peaceagreements.org/agreements/search/?search_type=basic-search&countries=47&match_any_issues=True&name=&text=&signed_after=&signed_before=,15,2,"<ul><li>The most recent agreement signed in El Salvador was <a href=""https://www.peaceagreements.org/agreements/424/"" target=""_blank"">Joint Declaration Signed on 4 October 1994 by the Representatives of the Govt of El Salvador and of the Frente Farabundo Marti para la Liberacion Nacional (FMLN) (04/10/1994)</a>, as part of the El Salvador peace process.</li><li>There has been a total of 15 agreements in El Salvador, since the first agreement was signed in 1990 (<a href=""https://www.peaceagreements.org/agreements/887/"" target=""_blank"">Montelimar Declaration (03/04/1990)</a>), in 2 peace processes (El Salvador peace process, Nicaragua contra process).</li></ul>",,,,,,,,,,,,,,,,,,,,222.0,El Salvador,14,23,1,1,2,3,14,18,-2,-1,5,0,-66.66666666666666,-50.0,27.77777777777778,0.0,2026-03-31,104.0,165,El Salvador ranked 104 out of 165 countries in the Global Peace Index (2025).,120.0,182,El Salvador ranked 120 out of 182 countries in the Corruption Perception Index (2025).,"In the current period of analysis (Aug 2021) by the <a href='https://data.humdata.org/dataset/global-acute-food-insecurity-country-data', target='_blank'>IPC</a>, 13% of the population of El Salvador are in IPC Phase 3+ (in food crisis), an estimated 841190 people. 1% (60879 people) are estimated to be in Phase 4 (emergency).","In El Salvador there has been a total of 35,391 people displaced, with 38,930 new displacements in 2024 [<a href='https://data.humdata.org/dataset/idmc-internal-displacements-new-displacements-idps', target='_blank'>IDMC</a>].","There is 1 current crisis and severity category listed in the <a href=""https://www.acaps.org/en/thematics/all-topics/inform-severity-index"" target=""_blank"">INFORM Severity Index</a> for El Salvador: Political and Economic crisis in El Salvador (Medium), as of 28/02/26.",,"<ul><li>In the current period of analysis (Aug 2021) by the <a href='https://data.humdata.org/dataset/global-acute-food-insecurity-country-data', target='_blank'>IPC</a>, 13% of the population of El Salvador are in IPC Phase 3+ (in food crisis), an estimated 841190 people. 1% (60879 people) are estimated to be in Phase 4 (emergency).</li><li>In El Salvador there has been a total of 35,391 people displaced, with 38,930 new displacements in 2024 [<a href='https://data.humdata.org/dataset/idmc-internal-displacements-new-displacements-idps', target='_blank'>IDMC</a>].</li><li>There is 1 current crisis and severity category listed in the <a href=""https://www.acaps.org/en/thematics/all-topics/inform-severity-index"" target=""_blank"">INFORM Severity Index</a> for El Salvador: Political and Economic crisis in El Salvador (Medium), as of 28/02/26.</li></ul>","<ul><li>El Salvador ranked 104 out of 165 countries in the Global Peace Index (2025).</li><li>El Salvador ranked 120 out of 182 countries in the Corruption Perception Index (2025).</li><li>In the current period of analysis (Aug 2021) by the <a href='https://data.humdata.org/dataset/global-acute-food-insecurity-country-data', target='_blank'>IPC</a>, 13% of the population of El Salvador are in IPC Phase 3+ (in food crisis), an estimated 841190 people. 1% (60879 people) are estimated to be in Phase 4 (emergency).</li><li>In El Salvador there has been a total of 35,391 people displaced, with 38,930 new displacements in 2024 [<a href='https://data.humdata.org/dataset/idmc-internal-displacements-new-displacements-idps', target='_blank'>IDMC</a>].</li><li>There is 1 current crisis and severity category listed in the <a href=""https://www.acaps.org/en/thematics/all-topics/inform-severity-index"" target=""_blank"">INFORM Severity Index</a> for El Salvador: Political and Economic crisis in El Salvador (Medium), as of 28/02/26.</li></ul>"
pax,Eritrea,48.0,ERI,531.0,232.0,ERI,2.0,All,https://www.peaceagreements.org/tracker/all,https://www.peaceagreements.org/agreements/search/?search_type=basic-search&countries=48&match_any_issues=True&name=&text=&signed_after=&signed_before=,11,3,"<ul><li>The most recent agreement signed in Eritrea was <a href=""https://www.peaceagreements.org/agreements/2098/"" target=""_blank"">Agreement on Peace, Friendship and Comprehensive Cooperation Between the Federal Democratic Republic of Ethiopia and the State of Eritrea (16/09/2018)</a>, as part of the Eritrea-Ethiopia border dispute peace process.</li><li>There has been a total of 11 agreements in Eritrea, since the first agreement was signed in 1998 (<a href=""https://www.peaceagreements.org/agreements/599/"" target=""_blank"">UN Security Council Resolution 1177 (26/06/1998)</a>), in 3 peace processes (Eritrea-Ethiopia border dispute peace process, Eritrea-Sudan peace process, Djibouti-Eritrea border dispute peace process).</li></ul>",,,,,,,,,,,,,,,,,,,,232.0,Eritrea,1,1,0,0,0,0,0,3,0,0,-2,1,0.0,0.0,-66.66666666666666,0.0,2026-03-31,132.0,165,Eritrea ranked 132 out of 165 countries in the Global Peace Index (2025).,177.0,182,Eritrea ranked 177 out of 182 countries in the Corruption Perception Index (2025).,,,"There is 1 current crisis and severity category listed in the <a href=""https://www.acaps.org/en/thematics/all-topics/inform-severity-index"" target=""_blank"">INFORM Severity Index</a> for Eritrea: Complex crisis in Eritrea (Medium), as of 27/02/26.",,"<ul><li>There is 1 current crisis and severity category listed in the <a href=""https://www.acaps.org/en/thematics/all-topics/inform-severity-index"" target=""_blank"">INFORM Severity Index</a> for Eritrea: Complex crisis in Eritrea (Medium), as of 27/02/26.</li></ul>","<ul><li>Eritrea ranked 132 out of 165 countries in the Global Peace Index (2025).</li><li>Eritrea ranked 177 out of 182 countries in the Corruption Perception Index (2025).</li><li>There is 1 current crisis and severity category listed in the <a href=""https://www.acaps.org/en/thematics/all-topics/inform-severity-index"" target=""_blank"">INFORM Severity Index</a> for Eritrea: Complex crisis in Eritrea (Medium), as of 27/02/26.</li></ul>"
pax,Eritrea,48.0,ERI,531.0,232.0,ERI,2.0,All,https://www.peaceagreements.org/tracker/all,https://www.peaceagreements.org/agreements/search/?search_type=basic-search&countries=48&match_any_issues=True&name=&text=&signed_after=&signed_before=,11,3,"<ul><li>The most recent agreement signed in Eritrea was <a href=""https://www.peaceagreements.org/agreements/2098/"" target=""_blank"">Agreement on Peace, Friendship and Comprehensive Cooperation Between the Federal Democratic Republic of Ethiopia and the State of Eritrea (16/09/2018)</a>, as part of the Eritrea-Ethiopia border dispute peace process.</li><li>There has been a total of 11 agreements in Eritrea, since the first agreement was signed in 1998 (<a href=""https://www.peaceagreements.org/agreements/599/"" target=""_blank"">UN Security Council Resolution 1177 (26/06/1998)</a>), in 3 peace processes (Eritrea-Ethiopia border dispute peace process, Eritrea-Sudan peace process, Djibouti-Eritrea border dispute peace process).</li></ul>",,,,,,,,,,,,,,,,,,,,232.0,Eritrea,1,1,0,0,0,0,0,3,0,0,-2,1,0.0,0.0,-66.66666666666666,0.0,2026-03-31,2.542,165,Eritrea ranked 2 out of 165 countries in the Global Peace Index (2025).,177.0,182,Eritrea ranked 177 out of 182 countries in the Corruption Perception Index (2025).,,,"There is 1 current crisis and severity category listed in the <a href=""https://www.acaps.org/en/thematics/all-topics/inform-severity-index"" target=""_blank"">INFORM Severity Index</a> for Eritrea: Complex crisis in Eritrea (Medium), as of 27/02/26.",,"<ul><li>There is 1 current crisis and severity category listed in the <a href=""https://www.acaps.org/en/thematics/all-topics/inform-severity-index"" target=""_blank"">INFORM Severity Index</a> for Eritrea: Complex crisis in Eritrea (Medium), as of 27/02/26.</li></ul>","<ul><li>Eritrea ranked 2 out of 165 countries in the Global Peace Index (2025).</li><li>Eritrea ranked 177 out of 182 countries in the Corruption Perception Index (2025).</li><li>There is 1 current crisis and severity category listed in the <a href=""https://www.acaps.org/en/thematics/all-topics/inform-severity-index"" target=""_blank"">INFORM Severity Index</a> for Eritrea: Complex crisis in Eritrea (Medium), as of 27/02/26.</li></ul>"
pax,Ethiopia,49.0,ETH,530.0,231.0,ETH,1.0,Ethiopia,https://www.peaceagreements.org/tracker/ethiopia,https://www.peaceagreements.org/agreements/search/?search_type=basic-search&countries=49&match_any_issues=True&name=&text=&signed_after=&signed_before=,25,7,"<ul><li>The most recent agreement signed in Ethiopia was <a href=""https://www.peaceagreements.org/agreements/2464/"" target=""_blank"">Declaration of the Senior Commanders on the Modalities for the Implementation of the Agreement for a Lasting Peace Through a Permanent Cessation of Hostilities (12/11/2022)</a>, as part of the Ethiopia: Tigray process.</li><li>There has been a total of 25 agreements in Ethiopia, since the first agreement was signed in 1991 (<a href=""https://www.peaceagreements.org/agreements/1300/"" target=""_blank"">Transitional Period Charter of Ethiopia (22/07/1991)</a>), in 7 peace processes (Ethiopia peace process, Ogaden peace process, Ethiopia: Tigray process, Somali Local Peace Processes, Eritrea-Ethiopia border dispute peace process, Kenya Local Agreements, Kenya-Ethiopia local cross-border talks).</li></ul>",530.0,Ethiopia,1652.0,547.0,232.0,36.0,1.0,1.0,3275.0,960.0,35.0,231.0,-413.0,-1623.0,3500.0,23100.0,-43.020833333333336,-49.55725190839695,2026-01-31,231.0,Ethiopia,6835,2212,616,167,614,178,6865,2427,-11,2,-215,-30,-6.179775280898876,0.32573289902280134,-8.858673259167697,-0.43699927166788055,2026-03-31,2.688,165,Ethiopia ranked 2 out of 165 countries in the Global Peace Index (2025).,96.0,182,Ethiopia ranked 96 out of 182 countries in the Corruption Perception Index (2025).,"In the current period of analysis (May 2021) by the <a href='https://data.humdata.org/dataset/global-acute-food-insecurity-country-data', target='_blank'>IPC</a>, 30% of the population of Ethiopia are in IPC Phase 3+ (in food crisis), an estimated 16756345 people. 8% (4331214 people) are estimated to be in Phase 4 (emergency). 352896 (1.0%) are in Phase 5 (catastrophe/famine).","In Ethiopia there has been a total of 2,378,032 people displaced, with 386,914 new displacements in 2024 [<a href='https://data.humdata.org/dataset/idmc-internal-displacements-new-displacements-idps', target='_blank'>IDMC</a>].","There are 5 current crises and severity categories listed in the <a href=""https://www.acaps.org/en/thematics/all-topics/inform-severity-index"" target=""_blank"">INFORM Severity Index</a> for Ethiopia: Conflict, Climatic and Economic shocks in Ethiopia (Very High), Drought in Ethiopia (Very High), International Displacement to Ethiopia (High), Multiple crises in Ethiopia (Very High), Northern Ethiopia (Very High), as of 25/02/26.","Ethiopia is one of 12 focus countries in the UK's WPS <a href='https://assets.publishing.service.gov.uk/government/uploads/system/uploads/attachment_data/file/1156085/uk-women-peace-security-national-action-plan-2023-2027.pdf', target='_blank'>National Action Plan</a> for 2023-2027. ","<ul><li>In the current period of analysis (May 2021) by the <a href='https://data.humdata.org/dataset/global-acute-food-insecurity-country-data', target='_blank'>IPC</a>, 30% of the population of Ethiopia are in IPC Phase 3+ (in food crisis), an estimated 16756345 people. 8% (4331214 people) are estimated to be in Phase 4 (emergency). 352896 (1.0%) are in Phase 5 (catastrophe/famine).</li><li>In Ethiopia there has been a total of 2,378,032 people displaced, with 386,914 new displacements in 2024 [<a href='https://data.humdata.org/dataset/idmc-internal-displacements-new-displacements-idps', target='_blank'>IDMC</a>].</li><li>There are 5 current crises and severity categories listed in the <a href=""https://www.acaps.org/en/thematics/all-topics/inform-severity-index"" target=""_blank"">INFORM Severity Index</a> for Ethiopia: Conflict, Climatic and Economic shocks in Ethiopia (Very High), Drought in Ethiopia (Very High), International Displacement to Ethiopia (High), Multiple crises in Ethiopia (Very High), Northern Ethiopia (Very High), as of 25/02/26.</li><li>Ethiopia is one of 12 focus countries in the UK's WPS <a href='https://assets.publishing.service.gov.uk/government/uploads/system/uploads/attachment_data/file/1156085/uk-women-peace-security-national-action-plan-2023-2027.pdf', target='_blank'>National Action Plan</a> for 2023-2027.</li></ul>","<ul><li>Ethiopia ranked 2 out of 165 countries in the Global Peace Index (2025).</li><li>Ethiopia ranked 96 out of 182 countries in the Corruption Perception Index (2025).</li><li>In the current period of analysis (May 2021) by the <a href='https://data.humdata.org/dataset/global-acute-food-insecurity-country-data', target='_blank'>IPC</a>, 30% of the population of Ethiopia are in IPC Phase 3+ (in food crisis), an estimated 16756345 people. 8% (4331214 people) are estimated to be in Phase 4 (emergency). 352896 (1.0%) are in Phase 5 (catastrophe/famine).</li><li>In Ethiopia there has been a total of 2,378,032 people displaced, with 386,914 new displacements in 2024 [<a href='https://data.humdata.org/dataset/idmc-internal-displacements-new-displacements-idps', target='_blank'>IDMC</a>].</li><li>There are 5 current crises and severity categories listed in the <a href=""https://www.acaps.org/en/thematics/all-topics/inform-severity-index"" target=""_blank"">INFORM Severity Index</a> for Ethiopia: Conflict, Climatic and Economic shocks in Ethiopia (Very High), Drought in Ethiopia (Very High), International Displacement to Ethiopia (High), Multiple crises in Ethiopia (Very High), Northern Ethiopia (Very High), as of 25/02/26.</li><li>Ethiopia is one of 12 focus countries in the UK's WPS <a href='https://assets.publishing.service.gov.uk/government/uploads/system/uploads/attachment_data/file/1156085/uk-women-peace-security-national-action-plan-2023-2027.pdf', target='_blank'>National Action Plan</a> for 2023-2027.</li></ul>"
pax,Ethiopia,49.0,ETH,530.0,231.0,ETH,1.0,Ethiopia,https://www.peaceagreements.org/tracker/ethiopia,https://www.peaceagreements.org/agreements/search/?search_type=basic-search&countries=49&match_any_issues=True&name=&text=&signed_after=&signed_before=,25,7,"<ul><li>The most recent agreement signed in Ethiopia was <a href=""https://www.peaceagreements.org/agreements/2464/"" target=""_blank"">Declaration of the Senior Commanders on the Modalities for the Implementation of the Agreement for a Lasting Peace Through a Permanent Cessation of Hostilities (12/11/2022)</a>, as part of the Ethiopia: Tigray process.</li><li>There has been a total of 25 agreements in Ethiopia, since the first agreement was signed in 1991 (<a href=""https://www.peaceagreements.org/agreements/1300/"" target=""_blank"">Transitional Period Charter of Ethiopia (22/07/1991)</a>), in 7 peace processes (Ethiopia peace process, Ogaden peace process, Ethiopia: Tigray process, Somali Local Peace Processes, Eritrea-Ethiopia border dispute peace process, Kenya Local Agreements, Kenya-Ethiopia local cross-border talks).</li></ul>",530.0,Ethiopia,1652.0,547.0,232.0,36.0,1.0,1.0,3275.0,960.0,35.0,231.0,-413.0,-1623.0,3500.0,23100.0,-43.020833333333336,-49.55725190839695,2026-01-31,231.0,Ethiopia,6835,2212,616,167,614,178,6865,2427,-11,2,-215,-30,-6.179775280898876,0.32573289902280134,-8.858673259167697,-0.43699927166788055,2026-03-31,138.0,165,Ethiopia ranked 138 out of 165 countries in the Global Peace Index (2025).,96.0,182,Ethiopia ranked 96 out of 182 countries in the Corruption Perception Index (2025).,"In the current period of analysis (May 2021) by the <a href='https://data.humdata.org/dataset/global-acute-food-insecurity-country-data', target='_blank'>IPC</a>, 30% of the population of Ethiopia are in IPC Phase 3+ (in food crisis), an estimated 16756345 people. 8% (4331214 people) are estimated to be in Phase 4 (emergency). 352896 (1.0%) are in Phase 5 (catastrophe/famine).","In Ethiopia there has been a total of 2,378,032 people displaced, with 386,914 new displacements in 2024 [<a href='https://data.humdata.org/dataset/idmc-internal-displacements-new-displacements-idps', target='_blank'>IDMC</a>].","There are 5 current crises and severity categories listed in the <a href=""https://www.acaps.org/en/thematics/all-topics/inform-severity-index"" target=""_blank"">INFORM Severity Index</a> for Ethiopia: Conflict, Climatic and Economic shocks in Ethiopia (Very High), Drought in Ethiopia (Very High), International Displacement to Ethiopia (High), Multiple crises in Ethiopia (Very High), Northern Ethiopia (Very High), as of 25/02/26.","Ethiopia is one of 12 focus countries in the UK's WPS <a href='https://assets.publishing.service.gov.uk/government/uploads/system/uploads/attachment_data/file/1156085/uk-women-peace-security-national-action-plan-2023-2027.pdf', target='_blank'>National Action Plan</a> for 2023-2027. ","<ul><li>In the current period of analysis (May 2021) by the <a href='https://data.humdata.org/dataset/global-acute-food-insecurity-country-data', target='_blank'>IPC</a>, 30% of the population of Ethiopia are in IPC Phase 3+ (in food crisis), an estimated 16756345 people. 8% (4331214 people) are estimated to be in Phase 4 (emergency). 352896 (1.0%) are in Phase 5 (catastrophe/famine).</li><li>In Ethiopia there has been a total of 2,378,032 people displaced, with 386,914 new displacements in 2024 [<a href='https://data.humdata.org/dataset/idmc-internal-displacements-new-displacements-idps', target='_blank'>IDMC</a>].</li><li>There are 5 current crises and severity categories listed in the <a href=""https://www.acaps.org/en/thematics/all-topics/inform-severity-index"" target=""_blank"">INFORM Severity Index</a> for Ethiopia: Conflict, Climatic and Economic shocks in Ethiopia (Very High), Drought in Ethiopia (Very High), International Displacement to Ethiopia (High), Multiple crises in Ethiopia (Very High), Northern Ethiopia (Very High), as of 25/02/26.</li><li>Ethiopia is one of 12 focus countries in the UK's WPS <a href='https://assets.publishing.service.gov.uk/government/uploads/system/uploads/attachment_data/file/1156085/uk-women-peace-security-national-action-plan-2023-2027.pdf', target='_blank'>National Action Plan</a> for 2023-2027.</li></ul>","<ul><li>Ethiopia ranked 138 out of 165 countries in the Global Peace Index (2025).</li><li>Ethiopia ranked 96 out of 182 countries in the Corruption Perception Index (2025).</li><li>In the current period of analysis (May 2021) by the <a href='https://data.humdata.org/dataset/global-acute-food-insecurity-country-data', target='_blank'>IPC</a>, 30% of the population of Ethiopia are in IPC Phase 3+ (in food crisis), an estimated 16756345 people. 8% (4331214 people) are estimated to be in Phase 4 (emergency). 352896 (1.0%) are in Phase 5 (catastrophe/famine).</li><li>In Ethiopia there has been a total of 2,378,032 people displaced, with 386,914 new displacements in 2024 [<a href='https://data.humdata.org/dataset/idmc-internal-displacements-new-displacements-idps', target='_blank'>IDMC</a>].</li><li>There are 5 current crises and severity categories listed in the <a href=""https://www.acaps.org/en/thematics/all-topics/inform-severity-index"" target=""_blank"">INFORM Severity Index</a> for Ethiopia: Conflict, Climatic and Economic shocks in Ethiopia (Very High), Drought in Ethiopia (Very High), International Displacement to Ethiopia (High), Multiple crises in Ethiopia (Very High), Northern Ethiopia (Very High), as of 25/02/26.</li><li>Ethiopia is one of 12 focus countries in the UK's WPS <a href='https://assets.publishing.service.gov.uk/government/uploads/system/uploads/attachment_data/file/1156085/uk-women-peace-security-national-action-plan-2023-2027.pdf', target='_blank'>National Action Plan</a> for 2023-2027.</li></ul>"
pax,Gabon,54.0,GAB,481.0,266.0,GAB,2.0,All,https://www.peaceagreements.org/tracker/all,https://www.peaceagreements.org/agreements/search/?search_type=basic-search&countries=54&match_any_issues=True&name=&text=&signed_after=&signed_before=,1,1,"<ul><li>The most recent agreement signed in Gabon was <a href=""https://www.peaceagreements.org/agreements/8/"" target=""_blank"">Accord de Paris (07/10/1994)</a>, as part of the Gabon peace process.</li><li>There has been a total of 1 agreement in Gabon, since the first agreement was signed in 1994 (<a href=""https://www.peaceagreements.org/agreements/8/"" target=""_blank"">Accord de Paris (07/10/1994)</a>), in 1 peace process (Gabon peace process).</li></ul>",,,,,,,,,,,,,,,,,,,,266.0,Gabon,2,7,0,0,1,1,1,8,-1,-1,-1,1,-100.0,-100.0,-12.5,100.0,2026-03-31,2.238,165,Gabon ranked 2 out of 165 countries in the Global Peace Index (2025).,135.0,182,Gabon ranked 135 out of 182 countries in the Corruption Perception Index (2025).,,,,, ,<ul><li>Gabon ranked 2 out of 165 countries in the Global Peace Index (2025).</li><li>Gabon ranked 135 out of 182 countries in the Corruption Perception Index (2025).</li></ul>
pax,Gabon,54.0,GAB,481.0,266.0,GAB,2.0,All,https://www.peaceagreements.org/tracker/all,https://www.peaceagreements.org/agreements/search/?search_type=basic-search&countries=54&match_any_issues=True&name=&text=&signed_after=&signed_before=,1,1,"<ul><li>The most recent agreement signed in Gabon was <a href=""https://www.peaceagreements.org/agreements/8/"" target=""_blank"">Accord de Paris (07/10/1994)</a>, as part of the Gabon peace process.</li><li>There has been a total of 1 agreement in Gabon, since the first agreement was signed in 1994 (<a href=""https://www.peaceagreements.org/agreements/8/"" target=""_blank"">Accord de Paris (07/10/1994)</a>), in 1 peace process (Gabon peace process).</li></ul>",,,,,,,,,,,,,,,,,,,,266.0,Gabon,2,7,0,0,1,1,1,8,-1,-1,-1,1,-100.0,-100.0,-12.5,100.0,2026-03-31,117.0,165,Gabon ranked 117 out of 165 countries in the Global Peace Index (2025).,135.0,182,Gabon ranked 135 out of 182 countries in the Corruption Perception Index (2025).,,,,, ,<ul><li>Gabon ranked 117 out of 165 countries in the Global Peace Index (2025).</li><li>Gabon ranked 135 out of 182 countries in the Corruption Perception Index (2025).</li></ul>
pax,Georgia,55.0,GEO,372.0,268.0,GRG,2.0,All,https://www.peaceagreements.org/tracker/all,https://www.peaceagreements.org/agreements/search/?search_type=basic-search&countries=55&match_any_issues=True&name=&text=&signed_after=&signed_before=,64,2,"<ul><li>The most recent agreement signed in Georgia was <a href=""https://www.peaceagreements.org/agreements/1780/"" target=""_blank"">The Provisional Mechanism for the Prevention and Settlement of Disputes - Technical Arrangements between the Ministry of Internal Affairs of Georgia and the Head of the Mission of the European Union Monitoring Mission (03/11/2008)</a>, as part of the Abkhazia peace process.</li><li>There has been a total of 64 agreements in Georgia, since the first agreement was signed in 1992 (<a href=""https://www.peaceagreements.org/agreements/1699/"" target=""_blank"">Agreement on Principles of Settlement of the Georgian-Ossetian Conflict (Sochi Agreement) (24/06/1992)</a>), in 2 peace processes (South Ossetia peace process, Abkhazia peace process).</li></ul>",,,,,,,,,,,,,,,,,,,,268.0,Georgia,0,18,0,0,0,2,1,35,-2,0,-17,-1,-100.0,0.0,-48.57142857142857,-100.0,2026-03-31,2.185,165,Georgia ranked 2 out of 165 countries in the Global Peace Index (2025).,56.0,182,Georgia ranked 56 out of 182 countries in the Corruption Perception Index (2025).,,"In Georgia, there has been a total of 299,172 people displaced as of end of 2024 [<a href='https://data.humdata.org/dataset/idmc-internal-displacements-new-displacements-idps', target='_blank'>IDMC</a>].",,,"<ul><li>In Georgia, there has been a total of 299,172 people displaced as of end of 2024 [<a href='https://data.humdata.org/dataset/idmc-internal-displacements-new-displacements-idps', target='_blank'>IDMC</a>].</li></ul>","<ul><li>Georgia ranked 2 out of 165 countries in the Global Peace Index (2025).</li><li>Georgia ranked 56 out of 182 countries in the Corruption Perception Index (2025).</li><li>In Georgia, there has been a total of 299,172 people displaced as of end of 2024 [<a href='https://data.humdata.org/dataset/idmc-internal-displacements-new-displacements-idps', target='_blank'>IDMC</a>].</li></ul>"
pax,Georgia,55.0,GEO,372.0,268.0,GRG,2.0,All,https://www.peaceagreements.org/tracker/all,https://www.peaceagreements.org/agreements/search/?search_type=basic-search&countries=55&match_any_issues=True&name=&text=&signed_after=&signed_before=,64,2,"<ul><li>The most recent agreement signed in Georgia was <a href=""https://www.peaceagreements.org/agreements/1780/"" target=""_blank"">The Provisional Mechanism for the Prevention and Settlement of Disputes - Technical Arrangements between the Ministry of Internal Affairs of Georgia and the Head of the Mission of the European Union Monitoring Mission (03/11/2008)</a>, as part of the Abkhazia peace process.</li><li>There has been a total of 64 agreements in Georgia, since the first agreement was signed in 1992 (<a href=""https://www.peaceagreements.org/agreements/1699/"" target=""_blank"">Agreement on Principles of Settlement of the Georgian-Ossetian Conflict (Sochi Agreement) (24/06/1992)</a>), in 2 peace processes (South Ossetia peace process, Abkhazia peace process).</li></ul>",,,,,,,,,,,,,,,,,,,,268.0,Georgia,0,18,0,0,0,2,1,35,-2,0,-17,-1,-100.0,0.0,-48.57142857142857,-100.0,2026-03-31,109.0,165,Georgia ranked 109 out of 165 countries in the Global Peace Index (2025).,56.0,182,Georgia ranked 56 out of 182 countries in the Corruption Perception Index (2025).,,"In Georgia, there has been a total of 299,172 people displaced as of end of 2024 [<a href='https://data.humdata.org/dataset/idmc-internal-displacements-new-displacements-idps', target='_blank'>IDMC</a>].",,,"<ul><li>In Georgia, there has been a total of 299,172 people displaced as of end of 2024 [<a href='https://data.humdata.org/dataset/idmc-internal-displacements-new-displacements-idps', target='_blank'>IDMC</a>].</li></ul>","<ul><li>Georgia ranked 109 out of 165 countries in the Global Peace Index (2025).</li><li>Georgia ranked 56 out of 182 countries in the Corruption Perception Index (2025).</li><li>In Georgia, there has been a total of 299,172 people displaced as of end of 2024 [<a href='https://data.humdata.org/dataset/idmc-internal-displacements-new-displacements-idps', target='_blank'>IDMC</a>].</li></ul>"
pax,Ghana,172.0,GHA,452.0,288.0,GHA,2.0,All,https://www.peaceagreements.org/tracker/all,https://www.peaceagreements.org/agreements/search/?search_type=basic-search&countries=172&match_any_issues=True&name=&text=&signed_after=&signed_before=,1,1,"<ul><li>The most recent agreement signed in Ghana was <a href=""https://www.peaceagreements.org/agreements/2487/"" target=""_blank"">Kumasi Accord on Peace and Reconciliation Between the Various Ethnic Groups in the Northern Region of Ghana (30/03/1996)</a>, as part of the Ghana: Local peace processes in Northern Region.</li><li>There has been a total of 1 agreement in Ghana, since the first agreement was signed in 1996 (<a href=""https://www.peaceagreements.org/agreements/2487/"" target=""_blank"">Kumasi Accord on Peace and Reconciliation Between the Various Ethnic Groups in the Northern Region of Ghana (30/03/1996)</a>), in 1 peace process (Ghana: Local peace processes in Northern Region).</li></ul>",,,,,,,,,,,,,,,,,,,,288.0,Ghana,208,229,15,15,13,18,193,314,-3,2,-85,15,-16.666666666666664,15.384615384615385,-27.070063694267514,7.772020725388601,2026-03-31,1.898,165,Ghana ranked 1 out of 165 countries in the Global Peace Index (2025).,76.0,182,Ghana ranked 76 out of 182 countries in the Corruption Perception Index (2025).,"In the current period of analysis (Oct 2025) by the <a href='https://data.humdata.org/dataset/global-acute-food-insecurity-country-data', target='_blank'>IPC</a>, 4% of the population of Ghana are in IPC Phase 3+ (in food crisis), an estimated 1561223 people. 0% (72185 people) are estimated to be in Phase 4 (emergency).","In Ghana, there has been a total of 3,158 people displaced as of end of 2024 [<a href='https://data.humdata.org/dataset/idmc-internal-displacements-new-displacements-idps', target='_blank'>IDMC</a>].","There is 1 current crisis and severity category listed in the <a href=""https://www.acaps.org/en/thematics/all-topics/inform-severity-index"" target=""_blank"">INFORM Severity Index</a> for Ghana: Conflict spillover and climate shocks in northern Ghana (Medium), as of 31/01/26.",,"<ul><li>In the current period of analysis (Oct 2025) by the <a href='https://data.humdata.org/dataset/global-acute-food-insecurity-country-data', target='_blank'>IPC</a>, 4% of the population of Ghana are in IPC Phase 3+ (in food crisis), an estimated 1561223 people. 0% (72185 people) are estimated to be in Phase 4 (emergency).</li><li>In Ghana, there has been a total of 3,158 people displaced as of end of 2024 [<a href='https://data.humdata.org/dataset/idmc-internal-displacements-new-displacements-idps', target='_blank'>IDMC</a>].</li><li>There is 1 current crisis and severity category listed in the <a href=""https://www.acaps.org/en/thematics/all-topics/inform-severity-index"" target=""_blank"">INFORM Severity Index</a> for Ghana: Conflict spillover and climate shocks in northern Ghana (Medium), as of 31/01/26.</li></ul>","<ul><li>Ghana ranked 1 out of 165 countries in the Global Peace Index (2025).</li><li>Ghana ranked 76 out of 182 countries in the Corruption Perception Index (2025).</li><li>In the current period of analysis (Oct 2025) by the <a href='https://data.humdata.org/dataset/global-acute-food-insecurity-country-data', target='_blank'>IPC</a>, 4% of the population of Ghana are in IPC Phase 3+ (in food crisis), an estimated 1561223 people. 0% (72185 people) are estimated to be in Phase 4 (emergency).</li><li>In Ghana, there has been a total of 3,158 people displaced as of end of 2024 [<a href='https://data.humdata.org/dataset/idmc-internal-displacements-new-displacements-idps', target='_blank'>IDMC</a>].</li><li>There is 1 current crisis and severity category listed in the <a href=""https://www.acaps.org/en/thematics/all-topics/inform-severity-index"" target=""_blank"">INFORM Severity Index</a> for Ghana: Conflict spillover and climate shocks in northern Ghana (Medium), as of 31/01/26.</li></ul>"
pax,Ghana,172.0,GHA,452.0,288.0,GHA,2.0,All,https://www.peaceagreements.org/tracker/all,https://www.peaceagreements.org/agreements/search/?search_type=basic-search&countries=172&match_any_issues=True&name=&text=&signed_after=&signed_before=,1,1,"<ul><li>The most recent agreement signed in Ghana was <a href=""https://www.peaceagreements.org/agreements/2487/"" target=""_blank"">Kumasi Accord on Peace and Reconciliation Between the Various Ethnic Groups in the Northern Region of Ghana (30/03/1996)</a>, as part of the Ghana: Local peace processes in Northern Region.</li><li>There has been a total of 1 agreement in Ghana, since the first agreement was signed in 1996 (<a href=""https://www.peaceagreements.org/agreements/2487/"" target=""_blank"">Kumasi Accord on Peace and Reconciliation Between the Various Ethnic Groups in the Northern Region of Ghana (30/03/1996)</a>), in 1 peace process (Ghana: Local peace processes in Northern Region).</li></ul>",,,,,,,,,,,,,,,,,,,,288.0,Ghana,208,229,15,15,13,18,193,314,-3,2,-85,15,-16.666666666666664,15.384615384615385,-27.070063694267514,7.772020725388601,2026-03-31,61.0,165,Ghana ranked 61 out of 165 countries in the Global Peace Index (2025).,76.0,182,Ghana ranked 76 out of 182 countries in the Corruption Perception Index (2025).,"In the current period of analysis (Oct 2025) by the <a href='https://data.humdata.org/dataset/global-acute-food-insecurity-country-data', target='_blank'>IPC</a>, 4% of the population of Ghana are in IPC Phase 3+ (in food crisis), an estimated 1561223 people. 0% (72185 people) are estimated to be in Phase 4 (emergency).","In Ghana, there has been a total of 3,158 people displaced as of end of 2024 [<a href='https://data.humdata.org/dataset/idmc-internal-displacements-new-displacements-idps', target='_blank'>IDMC</a>].","There is 1 current crisis and severity category listed in the <a href=""https://www.acaps.org/en/thematics/all-topics/inform-severity-index"" target=""_blank"">INFORM Severity Index</a> for Ghana: Conflict spillover and climate shocks in northern Ghana (Medium), as of 31/01/26.",,"<ul><li>In the current period of analysis (Oct 2025) by the <a href='https://data.humdata.org/dataset/global-acute-food-insecurity-country-data', target='_blank'>IPC</a>, 4% of the population of Ghana are in IPC Phase 3+ (in food crisis), an estimated 1561223 people. 0% (72185 people) are estimated to be in Phase 4 (emergency).</li><li>In Ghana, there has been a total of 3,158 people displaced as of end of 2024 [<a href='https://data.humdata.org/dataset/idmc-internal-displacements-new-displacements-idps', target='_blank'>IDMC</a>].</li><li>There is 1 current crisis and severity category listed in the <a href=""https://www.acaps.org/en/thematics/all-topics/inform-severity-index"" target=""_blank"">INFORM Severity Index</a> for Ghana: Conflict spillover and climate shocks in northern Ghana (Medium), as of 31/01/26.</li></ul>","<ul><li>Ghana ranked 61 out of 165 countries in the Global Peace Index (2025).</li><li>Ghana ranked 76 out of 182 countries in the Corruption Perception Index (2025).</li><li>In the current period of analysis (Oct 2025) by the <a href='https://data.humdata.org/dataset/global-acute-food-insecurity-country-data', target='_blank'>IPC</a>, 4% of the population of Ghana are in IPC Phase 3+ (in food crisis), an estimated 1561223 people. 0% (72185 people) are estimated to be in Phase 4 (emergency).</li><li>In Ghana, there has been a total of 3,158 people displaced as of end of 2024 [<a href='https://data.humdata.org/dataset/idmc-internal-displacements-new-displacements-idps', target='_blank'>IDMC</a>].</li><li>There is 1 current crisis and severity category listed in the <a href=""https://www.acaps.org/en/thematics/all-topics/inform-severity-index"" target=""_blank"">INFORM Severity Index</a> for Ghana: Conflict spillover and climate shocks in northern Ghana (Medium), as of 31/01/26.</li></ul>"
pax,Greece,165.0,GRC,350.0,300.0,GRC,2.0,All,https://www.peaceagreements.org/tracker/all,https://www.peaceagreements.org/agreements/search/?search_type=basic-search&countries=165&match_any_issues=True&name=&text=&signed_after=&signed_before=,1,1,"<ul><li>The most recent agreement signed in Greece was <a href=""https://www.peaceagreements.org/agreements/381/"" target=""_blank"">Framework Agreement (The Ohrid Agreement) (13/08/2001)</a>, as part of the Macedonia peace process.</li><li>There has been a total of 1 agreement in Greece, since the first agreement was signed in 2001 (<a href=""https://www.peaceagreements.org/agreements/381/"" target=""_blank"">Framework Agreement (The Ohrid Agreement) (13/08/2001)</a>), in 1 peace process (Macedonia peace process).</li></ul>",,,,,,,,,,,,,,,,,,,,300.0,Greece,4,95,0,3,0,5,4,86,-2,0,9,0,-40.0,0.0,10.465116279069768,0.0,2026-03-31,1.764,165,Greece ranked 1 out of 165 countries in the Global Peace Index (2025).,56.0,182,Greece ranked 56 out of 182 countries in the Corruption Perception Index (2025).,,,"There is 1 current crisis and severity category listed in the <a href=""https://www.acaps.org/en/thematics/all-topics/inform-severity-index"" target=""_blank"">INFORM Severity Index</a> for Greece: International Displacement to Greece (Medium), as of 30/03/26.",,"<ul><li>There is 1 current crisis and severity category listed in the <a href=""https://www.acaps.org/en/thematics/all-topics/inform-severity-index"" target=""_blank"">INFORM Severity Index</a> for Greece: International Displacement to Greece (Medium), as of 30/03/26.</li></ul>","<ul><li>Greece ranked 1 out of 165 countries in the Global Peace Index (2025).</li><li>Greece ranked 56 out of 182 countries in the Corruption Perception Index (2025).</li><li>There is 1 current crisis and severity category listed in the <a href=""https://www.acaps.org/en/thematics/all-topics/inform-severity-index"" target=""_blank"">INFORM Severity Index</a> for Greece: International Displacement to Greece (Medium), as of 30/03/26.</li></ul>"
pax,Greece,165.0,GRC,350.0,300.0,GRC,2.0,All,https://www.peaceagreements.org/tracker/all,https://www.peaceagreements.org/agreements/search/?search_type=basic-search&countries=165&match_any_issues=True&name=&text=&signed_after=&signed_before=,1,1,"<ul><li>The most recent agreement signed in Greece was <a href=""https://www.peaceagreements.org/agreements/381/"" target=""_blank"">Framework Agreement (The Ohrid Agreement) (13/08/2001)</a>, as part of the Macedonia peace process.</li><li>There has been a total of 1 agreement in Greece, since the first agreement was signed in 2001 (<a href=""https://www.peaceagreements.org/agreements/381/"" target=""_blank"">Framework Agreement (The Ohrid Agreement) (13/08/2001)</a>), in 1 peace process (Macedonia peace process).</li></ul>",,,,,,,,,,,,,,,,,,,,300.0,Greece,4,95,0,3,0,5,4,86,-2,0,9,0,-40.0,0.0,10.465116279069768,0.0,2026-03-31,45.0,165,Greece ranked 45 out of 165 countries in the Global Peace Index (2025).,56.0,182,Greece ranked 56 out of 182 countries in the Corruption Perception Index (2025).,,,"There is 1 current crisis and severity category listed in the <a href=""https://www.acaps.org/en/thematics/all-topics/inform-severity-index"" target=""_blank"">INFORM Severity Index</a> for Greece: International Displacement to Greece (Medium), as of 30/03/26.",,"<ul><li>There is 1 current crisis and severity category listed in the <a href=""https://www.acaps.org/en/thematics/all-topics/inform-severity-index"" target=""_blank"">INFORM Severity Index</a> for Greece: International Displacement to Greece (Medium), as of 30/03/26.</li></ul>","<ul><li>Greece ranked 45 out of 165 countries in the Global Peace Index (2025).</li><li>Greece ranked 56 out of 182 countries in the Corruption Perception Index (2025).</li><li>There is 1 current crisis and severity category listed in the <a href=""https://www.acaps.org/en/thematics/all-topics/inform-severity-index"" target=""_blank"">INFORM Severity Index</a> for Greece: International Displacement to Greece (Medium), as of 30/03/26.</li></ul>"
pax,Guatemala,56.0,GTM,90.0,320.0,GUA,2.0,All,https://www.peaceagreements.org/tracker/all,https://www.peaceagreements.org/agreements/search/?search_type=basic-search&countries=56&match_any_issues=True&name=&text=&signed_after=&signed_before=,18,1,"<ul><li>The most recent agreement signed in Guatemala was <a href=""https://www.peaceagreements.org/agreements/254/"" target=""_blank"">Agreement on a Firm and Lasting Peace (29/12/1996)</a>, as part of the Guatemala peace process.</li><li>There has been a total of 18 agreements in Guatemala, since the first agreement was signed in 1990 (<a href=""https://www.peaceagreements.org/agreements/309/"" target=""_blank"">Basic Agreement for the Search for Peace by Political Means ('Oslo Agreement') (30/03/1990)</a>), in 1 peace process (Guatemala peace process).</li></ul>",,,,,,,,,,,,,,,,,,,,320.0,Guatemala,518,482,21,24,28,23,321,286,1,-7,196,197,4.3478260869565215,-25.0,68.53146853146853,61.37071651090342,2026-03-31,2.174,165,Guatemala ranked 2 out of 165 countries in the Global Peace Index (2025).,142.0,182,Guatemala ranked 142 out of 182 countries in the Corruption Perception Index (2025).,"In the current period of analysis (May 2025) by the <a href='https://data.humdata.org/dataset/global-acute-food-insecurity-country-data', target='_blank'>IPC</a>, 19% of the population of Guatemala are in IPC Phase 3+ (in food crisis), an estimated 3437133 people. 2% (330145 people) are estimated to be in Phase 4 (emergency).","In Guatemala there has been a total of 572,813 people displaced, with 553 new displacements in 2024 [<a href='https://data.humdata.org/dataset/idmc-internal-displacements-new-displacements-idps', target='_blank'>IDMC</a>].","There is 1 current crisis and severity category listed in the <a href=""https://www.acaps.org/en/thematics/all-topics/inform-severity-index"" target=""_blank"">INFORM Severity Index</a> for Guatemala: Climatic Shocks and Violence in Guatemala (High), as of 31/03/26.",,"<ul><li>In the current period of analysis (May 2025) by the <a href='https://data.humdata.org/dataset/global-acute-food-insecurity-country-data', target='_blank'>IPC</a>, 19% of the population of Guatemala are in IPC Phase 3+ (in food crisis), an estimated 3437133 people. 2% (330145 people) are estimated to be in Phase 4 (emergency).</li><li>In Guatemala there has been a total of 572,813 people displaced, with 553 new displacements in 2024 [<a href='https://data.humdata.org/dataset/idmc-internal-displacements-new-displacements-idps', target='_blank'>IDMC</a>].</li><li>There is 1 current crisis and severity category listed in the <a href=""https://www.acaps.org/en/thematics/all-topics/inform-severity-index"" target=""_blank"">INFORM Severity Index</a> for Guatemala: Climatic Shocks and Violence in Guatemala (High), as of 31/03/26.</li></ul>","<ul><li>Guatemala ranked 2 out of 165 countries in the Global Peace Index (2025).</li><li>Guatemala ranked 142 out of 182 countries in the Corruption Perception Index (2025).</li><li>In the current period of analysis (May 2025) by the <a href='https://data.humdata.org/dataset/global-acute-food-insecurity-country-data', target='_blank'>IPC</a>, 19% of the population of Guatemala are in IPC Phase 3+ (in food crisis), an estimated 3437133 people. 2% (330145 people) are estimated to be in Phase 4 (emergency).</li><li>In Guatemala there has been a total of 572,813 people displaced, with 553 new displacements in 2024 [<a href='https://data.humdata.org/dataset/idmc-internal-displacements-new-displacements-idps', target='_blank'>IDMC</a>].</li><li>There is 1 current crisis and severity category listed in the <a href=""https://www.acaps.org/en/thematics/all-topics/inform-severity-index"" target=""_blank"">INFORM Severity Index</a> for Guatemala: Climatic Shocks and Violence in Guatemala (High), as of 31/03/26.</li></ul>"
pax,Guatemala,56.0,GTM,90.0,320.0,GUA,2.0,All,https://www.peaceagreements.org/tracker/all,https://www.peaceagreements.org/agreements/search/?search_type=basic-search&countries=56&match_any_issues=True&name=&text=&signed_after=&signed_before=,18,1,"<ul><li>The most recent agreement signed in Guatemala was <a href=""https://www.peaceagreements.org/agreements/254/"" target=""_blank"">Agreement on a Firm and Lasting Peace (29/12/1996)</a>, as part of the Guatemala peace process.</li><li>There has been a total of 18 agreements in Guatemala, since the first agreement was signed in 1990 (<a href=""https://www.peaceagreements.org/agreements/309/"" target=""_blank"">Basic Agreement for the Search for Peace by Political Means ('Oslo Agreement') (30/03/1990)</a>), in 1 peace process (Guatemala peace process).</li></ul>",,,,,,,,,,,,,,,,,,,,320.0,Guatemala,518,482,21,24,28,23,321,286,1,-7,196,197,4.3478260869565215,-25.0,68.53146853146853,61.37071651090342,2026-03-31,108.0,165,Guatemala ranked 108 out of 165 countries in the Global Peace Index (2025).,142.0,182,Guatemala ranked 142 out of 182 countries in the Corruption Perception Index (2025).,"In the current period of analysis (May 2025) by the <a href='https://data.humdata.org/dataset/global-acute-food-insecurity-country-data', target='_blank'>IPC</a>, 19% of the population of Guatemala are in IPC Phase 3+ (in food crisis), an estimated 3437133 people. 2% (330145 people) are estimated to be in Phase 4 (emergency).","In Guatemala there has been a total of 572,813 people displaced, with 553 new displacements in 2024 [<a href='https://data.humdata.org/dataset/idmc-internal-displacements-new-displacements-idps', target='_blank'>IDMC</a>].","There is 1 current crisis and severity category listed in the <a href=""https://www.acaps.org/en/thematics/all-topics/inform-severity-index"" target=""_blank"">INFORM Severity Index</a> for Guatemala: Climatic Shocks and Violence in Guatemala (High), as of 31/03/26.",,"<ul><li>In the current period of analysis (May 2025) by the <a href='https://data.humdata.org/dataset/global-acute-food-insecurity-country-data', target='_blank'>IPC</a>, 19% of the population of Guatemala are in IPC Phase 3+ (in food crisis), an estimated 3437133 people. 2% (330145 people) are estimated to be in Phase 4 (emergency).</li><li>In Guatemala there has been a total of 572,813 people displaced, with 553 new displacements in 2024 [<a href='https://data.humdata.org/dataset/idmc-internal-displacements-new-displacements-idps', target='_blank'>IDMC</a>].</li><li>There is 1 current crisis and severity category listed in the <a href=""https://www.acaps.org/en/thematics/all-topics/inform-severity-index"" target=""_blank"">INFORM Severity Index</a> for Guatemala: Climatic Shocks and Violence in Guatemala (High), as of 31/03/26.</li></ul>","<ul><li>Guatemala ranked 108 out of 165 countries in the Global Peace Index (2025).</li><li>Guatemala ranked 142 out of 182 countries in the Corruption Perception Index (2025).</li><li>In the current period of analysis (May 2025) by the <a href='https://data.humdata.org/dataset/global-acute-food-insecurity-country-data', target='_blank'>IPC</a>, 19% of the population of Guatemala are in IPC Phase 3+ (in food crisis), an estimated 3437133 people. 2% (330145 people) are estimated to be in Phase 4 (emergency).</li><li>In Guatemala there has been a total of 572,813 people displaced, with 553 new displacements in 2024 [<a href='https://data.humdata.org/dataset/idmc-internal-displacements-new-displacements-idps', target='_blank'>IDMC</a>].</li><li>There is 1 current crisis and severity category listed in the <a href=""https://www.acaps.org/en/thematics/all-topics/inform-severity-index"" target=""_blank"">INFORM Severity Index</a> for Guatemala: Climatic Shocks and Violence in Guatemala (High), as of 31/03/26.</li></ul>"
pax,Guinea,57.0,GIN,438.0,324.0,GUI,2.0,All,https://www.peaceagreements.org/tracker/all,https://www.peaceagreements.org/agreements/search/?search_type=basic-search&countries=57&match_any_issues=True&name=&text=&signed_after=&signed_before=,2,1,"<ul><li>The most recent agreement signed in Guinea was <a href=""https://www.peaceagreements.org/agreements/1915/"" target=""_blank"">Dialogue Politique Inter-Guinéen Accord du 12 Octobre 2016 (12/10/2016)</a>, as part of the Guinea peace process.</li><li>There has been a total of 2 agreements in Guinea, since the first agreement was signed in 2010 (<a href=""https://www.peaceagreements.org/agreements/763/"" target=""_blank"">Ouagadougou Joint Declaration (15/01/2010)</a>), in 1 peace process (Guinea peace process).</li></ul>",,,,,,,,,,,,,,,,,,,,324.0,Guinea,29,69,0,1,0,2,32,82,-1,0,-13,-3,-50.0,0.0,-15.853658536585366,-9.375,2026-03-31,118.0,165,Guinea ranked 118 out of 165 countries in the Global Peace Index (2025).,142.0,182,Guinea ranked 142 out of 182 countries in the Corruption Perception Index (2025).,"In the current period of analysis (Oct 2025) by the <a href='https://data.humdata.org/dataset/global-acute-food-insecurity-country-data', target='_blank'>IPC</a>, 11% of the population of Guinea are in IPC Phase 3+ (in food crisis), an estimated 1480656 people. 0% (53948 people) are estimated to be in Phase 4 (emergency).",,,,"<ul><li>In the current period of analysis (Oct 2025) by the <a href='https://data.humdata.org/dataset/global-acute-food-insecurity-country-data', target='_blank'>IPC</a>, 11% of the population of Guinea are in IPC Phase 3+ (in food crisis), an estimated 1480656 people. 0% (53948 people) are estimated to be in Phase 4 (emergency).</li></ul>","<ul><li>Guinea ranked 118 out of 165 countries in the Global Peace Index (2025).</li><li>Guinea ranked 142 out of 182 countries in the Corruption Perception Index (2025).</li><li>In the current period of analysis (Oct 2025) by the <a href='https://data.humdata.org/dataset/global-acute-food-insecurity-country-data', target='_blank'>IPC</a>, 11% of the population of Guinea are in IPC Phase 3+ (in food crisis), an estimated 1480656 people. 0% (53948 people) are estimated to be in Phase 4 (emergency).</li></ul>"
pax,Guinea,57.0,GIN,438.0,324.0,GUI,2.0,All,https://www.peaceagreements.org/tracker/all,https://www.peaceagreements.org/agreements/search/?search_type=basic-search&countries=57&match_any_issues=True&name=&text=&signed_after=&signed_before=,2,1,"<ul><li>The most recent agreement signed in Guinea was <a href=""https://www.peaceagreements.org/agreements/1915/"" target=""_blank"">Dialogue Politique Inter-Guinéen Accord du 12 Octobre 2016 (12/10/2016)</a>, as part of the Guinea peace process.</li><li>There has been a total of 2 agreements in Guinea, since the first agreement was signed in 2010 (<a href=""https://www.peaceagreements.org/agreements/763/"" target=""_blank"">Ouagadougou Joint Declaration (15/01/2010)</a>), in 1 peace process (Guinea peace process).</li></ul>",,,,,,,,,,,,,,,,,,,,324.0,Guinea,29,69,0,1,0,2,32,82,-1,0,-13,-3,-50.0,0.0,-15.853658536585366,-9.375,2026-03-31,2.253,165,Guinea ranked 2 out of 165 countries in the Global Peace Index (2025).,142.0,182,Guinea ranked 142 out of 182 countries in the Corruption Perception Index (2025).,"In the current period of analysis (Oct 2025) by the <a href='https://data.humdata.org/dataset/global-acute-food-insecurity-country-data', target='_blank'>IPC</a>, 11% of the population of Guinea are in IPC Phase 3+ (in food crisis), an estimated 1480656 people. 0% (53948 people) are estimated to be in Phase 4 (emergency).",,,,"<ul><li>In the current period of analysis (Oct 2025) by the <a href='https://data.humdata.org/dataset/global-acute-food-insecurity-country-data', target='_blank'>IPC</a>, 11% of the population of Guinea are in IPC Phase 3+ (in food crisis), an estimated 1480656 people. 0% (53948 people) are estimated to be in Phase 4 (emergency).</li></ul>","<ul><li>Guinea ranked 2 out of 165 countries in the Global Peace Index (2025).</li><li>Guinea ranked 142 out of 182 countries in the Corruption Perception Index (2025).</li><li>In the current period of analysis (Oct 2025) by the <a href='https://data.humdata.org/dataset/global-acute-food-insecurity-country-data', target='_blank'>IPC</a>, 11% of the population of Guinea are in IPC Phase 3+ (in food crisis), an estimated 1480656 people. 0% (53948 people) are estimated to be in Phase 4 (emergency).</li></ul>"
pax,Guinea-Bissau,58.0,GNB,404.0,624.0,GNB,2.0,All,https://www.peaceagreements.org/tracker/all,https://www.peaceagreements.org/agreements/search/?search_type=basic-search&countries=58&match_any_issues=True&name=&text=&signed_after=&signed_before=,6,1,"<ul><li>The most recent agreement signed in Guinea-Bissau was <a href=""https://www.peaceagreements.org/agreements/79/"" target=""_blank"">Final Communique of the Lome Meeting on the Peace Process in Guinea-Bissau (15/12/1998)</a>, as part of the Guinea Bissau peace process.</li><li>There has been a total of 6 agreements in Guinea-Bissau, since the first agreement was signed in 1998 (<a href=""https://www.peaceagreements.org/agreements/1040/"" target=""_blank"">Memorandum of Understanding between the Government of Guinea Bissau and the Self-proclaimed Military Junta (26/07/1998)</a>), in 1 peace process (Guinea Bissau peace process).</li></ul>",,,,,,,,,,,,,,,,,,,,624.0,Guinea-Bissau,2,7,1,1,0,0,1,5,1,1,2,1,0.0,0.0,40.0,100.0,2026-03-31,2.112,165,Guinea-Bissau ranked 2 out of 165 countries in the Global Peace Index (2025).,161.0,182,Guinea Bissau ranked 161 out of 182 countries in the Corruption Perception Index (2025).,"In the current period of analysis (Mar 2025) by the <a href='https://data.humdata.org/dataset/global-acute-food-insecurity-country-data', target='_blank'>IPC</a>, 7% of the population of Guinea-Bissau are in IPC Phase 3+ (in food crisis), an estimated 121695 people.",,,,"<ul><li>In the current period of analysis (Mar 2025) by the <a href='https://data.humdata.org/dataset/global-acute-food-insecurity-country-data', target='_blank'>IPC</a>, 7% of the population of Guinea-Bissau are in IPC Phase 3+ (in food crisis), an estimated 121695 people.</li></ul>","<ul><li>Guinea-Bissau ranked 2 out of 165 countries in the Global Peace Index (2025).</li><li>Guinea Bissau ranked 161 out of 182 countries in the Corruption Perception Index (2025).</li><li>In the current period of analysis (Mar 2025) by the <a href='https://data.humdata.org/dataset/global-acute-food-insecurity-country-data', target='_blank'>IPC</a>, 7% of the population of Guinea-Bissau are in IPC Phase 3+ (in food crisis), an estimated 121695 people.</li></ul>"
pax,Guinea-Bissau,58.0,GNB,404.0,624.0,GNB,2.0,All,https://www.peaceagreements.org/tracker/all,https://www.peaceagreements.org/agreements/search/?search_type=basic-search&countries=58&match_any_issues=True&name=&text=&signed_after=&signed_before=,6,1,"<ul><li>The most recent agreement signed in Guinea-Bissau was <a href=""https://www.peaceagreements.org/agreements/79/"" target=""_blank"">Final Communique of the Lome Meeting on the Peace Process in Guinea-Bissau (15/12/1998)</a>, as part of the Guinea Bissau peace process.</li><li>There has been a total of 6 agreements in Guinea-Bissau, since the first agreement was signed in 1998 (<a href=""https://www.peaceagreements.org/agreements/1040/"" target=""_blank"">Memorandum of Understanding between the Government of Guinea Bissau and the Self-proclaimed Military Junta (26/07/1998)</a>), in 1 peace process (Guinea Bissau peace process).</li></ul>",,,,,,,,,,,,,,,,,,,,624.0,Guinea-Bissau,2,7,1,1,0,0,1,5,1,1,2,1,0.0,0.0,40.0,100.0,2026-03-31,101.0,165,Guinea-Bissau ranked 101 out of 165 countries in the Global Peace Index (2025).,161.0,182,Guinea Bissau ranked 161 out of 182 countries in the Corruption Perception Index (2025).,"In the current period of analysis (Mar 2025) by the <a href='https://data.humdata.org/dataset/global-acute-food-insecurity-country-data', target='_blank'>IPC</a>, 7% of the population of Guinea-Bissau are in IPC Phase 3+ (in food crisis), an estimated 121695 people.",,,,"<ul><li>In the current period of analysis (Mar 2025) by the <a href='https://data.humdata.org/dataset/global-acute-food-insecurity-country-data', target='_blank'>IPC</a>, 7% of the population of Guinea-Bissau are in IPC Phase 3+ (in food crisis), an estimated 121695 people.</li></ul>","<ul><li>Guinea-Bissau ranked 101 out of 165 countries in the Global Peace Index (2025).</li><li>Guinea Bissau ranked 161 out of 182 countries in the Corruption Perception Index (2025).</li><li>In the current period of analysis (Mar 2025) by the <a href='https://data.humdata.org/dataset/global-acute-food-insecurity-country-data', target='_blank'>IPC</a>, 7% of the population of Guinea-Bissau are in IPC Phase 3+ (in food crisis), an estimated 121695 people.</li></ul>"
pax,Haiti,59.0,HTI,41.0,332.0,HAI,2.0,All,https://www.peaceagreements.org/tracker/all,https://www.peaceagreements.org/agreements/search/?search_type=basic-search&countries=59&match_any_issues=True&name=&text=&signed_after=&signed_before=,6,2,"<ul><li>The most recent agreement signed in Haiti was <a href=""https://www.peaceagreements.org/agreements/2619/"" target=""_blank"">Outcome Declaration of CARICOM, International Partners and Haitian Stakeholders (11/03/2024)</a>, as part of the Haiti: post-2022 agreements.</li><li>There has been a total of 6 agreements in Haiti, since the first agreement was signed in 1992 (<a href=""https://www.peaceagreements.org/agreements/28/"" target=""_blank"">Protocol between President Jean-Bertrand Aristide and the parliamentary negotiating commission to find a definitive solution to the Haitian crisis (23/02/1992)</a>), in 2 peace processes (Haitian peace process, Haiti: post-2022 agreements).</li></ul>",41.0,Haiti,331.0,25.0,0.0,0.0,0.0,0.0,410.0,46.0,0.0,0.0,-21.0,-79.0,0.0,0.0,-45.65217391304348,-19.26829268292683,2026-01-31,332.0,Haiti,3437,1276,152,62,174,64,4508,1715,-2,-22,-439,-1071,-3.125,-12.643678160919542,-25.59766763848397,-23.75776397515528,2026-03-31,141.0,165,Haiti ranked 141 out of 165 countries in the Global Peace Index (2025).,169.0,182,Haiti ranked 169 out of 182 countries in the Corruption Perception Index (2025).,"In the first projection period of analysis (Mar 2026) by the <a href='https://data.humdata.org/dataset/global-acute-food-insecurity-country-data', target='_blank'>IPC</a>, 52% of the population of Haiti are in IPC Phase 3+ (in food crisis), an estimated 5834134 people. 16% (1827378 people) are estimated to be in Phase 4 (emergency).","In Haiti there has been a total of 1,037,463 people displaced, with 888,684 new displacements in 2024 [<a href='https://data.humdata.org/dataset/idmc-internal-displacements-new-displacements-idps', target='_blank'>IDMC</a>].","There is 1 current crisis and severity category listed in the <a href=""https://www.acaps.org/en/thematics/all-topics/inform-severity-index"" target=""_blank"">INFORM Severity Index</a> for Haiti: Complex crisis in Haiti (Very High), as of 26/03/26.",,"<ul><li>In the first projection period of analysis (Mar 2026) by the <a href='https://data.humdata.org/dataset/global-acute-food-insecurity-country-data', target='_blank'>IPC</a>, 52% of the population of Haiti are in IPC Phase 3+ (in food crisis), an estimated 5834134 people. 16% (1827378 people) are estimated to be in Phase 4 (emergency).</li><li>In Haiti there has been a total of 1,037,463 people displaced, with 888,684 new displacements in 2024 [<a href='https://data.humdata.org/dataset/idmc-internal-displacements-new-displacements-idps', target='_blank'>IDMC</a>].</li><li>There is 1 current crisis and severity category listed in the <a href=""https://www.acaps.org/en/thematics/all-topics/inform-severity-index"" target=""_blank"">INFORM Severity Index</a> for Haiti: Complex crisis in Haiti (Very High), as of 26/03/26.</li></ul>","<ul><li>Haiti ranked 141 out of 165 countries in the Global Peace Index (2025).</li><li>Haiti ranked 169 out of 182 countries in the Corruption Perception Index (2025).</li><li>In the first projection period of analysis (Mar 2026) by the <a href='https://data.humdata.org/dataset/global-acute-food-insecurity-country-data', target='_blank'>IPC</a>, 52% of the population of Haiti are in IPC Phase 3+ (in food crisis), an estimated 5834134 people. 16% (1827378 people) are estimated to be in Phase 4 (emergency).</li><li>In Haiti there has been a total of 1,037,463 people displaced, with 888,684 new displacements in 2024 [<a href='https://data.humdata.org/dataset/idmc-internal-displacements-new-displacements-idps', target='_blank'>IDMC</a>].</li><li>There is 1 current crisis and severity category listed in the <a href=""https://www.acaps.org/en/thematics/all-topics/inform-severity-index"" target=""_blank"">INFORM Severity Index</a> for Haiti: Complex crisis in Haiti (Very High), as of 26/03/26.</li></ul>"
pax,Haiti,59.0,HTI,41.0,332.0,HAI,2.0,All,https://www.peaceagreements.org/tracker/all,https://www.peaceagreements.org/agreements/search/?search_type=basic-search&countries=59&match_any_issues=True&name=&text=&signed_after=&signed_before=,6,2,"<ul><li>The most recent agreement signed in Haiti was <a href=""https://www.peaceagreements.org/agreements/2619/"" target=""_blank"">Outcome Declaration of CARICOM, International Partners and Haitian Stakeholders (11/03/2024)</a>, as part of the Haiti: post-2022 agreements.</li><li>There has been a total of 6 agreements in Haiti, since the first agreement was signed in 1992 (<a href=""https://www.peaceagreements.org/agreements/28/"" target=""_blank"">Protocol between President Jean-Bertrand Aristide and the parliamentary negotiating commission to find a definitive solution to the Haitian crisis (23/02/1992)</a>), in 2 peace processes (Haitian peace process, Haiti: post-2022 agreements).</li></ul>",41.0,Haiti,331.0,25.0,0.0,0.0,0.0,0.0,410.0,46.0,0.0,0.0,-21.0,-79.0,0.0,0.0,-45.65217391304348,-19.26829268292683,2026-01-31,332.0,Haiti,3437,1276,152,62,174,64,4508,1715,-2,-22,-439,-1071,-3.125,-12.643678160919542,-25.59766763848397,-23.75776397515528,2026-03-31,2.731,165,Haiti ranked 2 out of 165 countries in the Global Peace Index (2025).,169.0,182,Haiti ranked 169 out of 182 countries in the Corruption Perception Index (2025).,"In the first projection period of analysis (Mar 2026) by the <a href='https://data.humdata.org/dataset/global-acute-food-insecurity-country-data', target='_blank'>IPC</a>, 52% of the population of Haiti are in IPC Phase 3+ (in food crisis), an estimated 5834134 people. 16% (1827378 people) are estimated to be in Phase 4 (emergency).","In Haiti there has been a total of 1,037,463 people displaced, with 888,684 new displacements in 2024 [<a href='https://data.humdata.org/dataset/idmc-internal-displacements-new-displacements-idps', target='_blank'>IDMC</a>].","There is 1 current crisis and severity category listed in the <a href=""https://www.acaps.org/en/thematics/all-topics/inform-severity-index"" target=""_blank"">INFORM Severity Index</a> for Haiti: Complex crisis in Haiti (Very High), as of 26/03/26.",,"<ul><li>In the first projection period of analysis (Mar 2026) by the <a href='https://data.humdata.org/dataset/global-acute-food-insecurity-country-data', target='_blank'>IPC</a>, 52% of the population of Haiti are in IPC Phase 3+ (in food crisis), an estimated 5834134 people. 16% (1827378 people) are estimated to be in Phase 4 (emergency).</li><li>In Haiti there has been a total of 1,037,463 people displaced, with 888,684 new displacements in 2024 [<a href='https://data.humdata.org/dataset/idmc-internal-displacements-new-displacements-idps', target='_blank'>IDMC</a>].</li><li>There is 1 current crisis and severity category listed in the <a href=""https://www.acaps.org/en/thematics/all-topics/inform-severity-index"" target=""_blank"">INFORM Severity Index</a> for Haiti: Complex crisis in Haiti (Very High), as of 26/03/26.</li></ul>","<ul><li>Haiti ranked 2 out of 165 countries in the Global Peace Index (2025).</li><li>Haiti ranked 169 out of 182 countries in the Corruption Perception Index (2025).</li><li>In the first projection period of analysis (Mar 2026) by the <a href='https://data.humdata.org/dataset/global-acute-food-insecurity-country-data', target='_blank'>IPC</a>, 52% of the population of Haiti are in IPC Phase 3+ (in food crisis), an estimated 5834134 people. 16% (1827378 people) are estimated to be in Phase 4 (emergency).</li><li>In Haiti there has been a total of 1,037,463 people displaced, with 888,684 new displacements in 2024 [<a href='https://data.humdata.org/dataset/idmc-internal-displacements-new-displacements-idps', target='_blank'>IDMC</a>].</li><li>There is 1 current crisis and severity category listed in the <a href=""https://www.acaps.org/en/thematics/all-topics/inform-severity-index"" target=""_blank"">INFORM Severity Index</a> for Haiti: Complex crisis in Haiti (Very High), as of 26/03/26.</li></ul>"
pax,Honduras,61.0,HND,91.0,340.0,HON,2.0,All,https://www.peaceagreements.org/tracker/all,https://www.peaceagreements.org/agreements/search/?search_type=basic-search&countries=61&match_any_issues=True&name=&text=&signed_after=&signed_before=,2,1,"<ul><li>The most recent agreement signed in Honduras was <a href=""https://www.peaceagreements.org/agreements/1940/"" target=""_blank"">Dialogo Guaymuras Acuerdo Tegucigalpa/San Jose Para La Reconciliacion Nacional Y El Fortalecimiento de la democracia en Honduras (30/10/2009)</a>, as part of the Honduran constitutional crisis process.</li><li>There has been a total of 2 agreements in Honduras, since the first agreement was signed in 2009 (<a href=""https://www.peaceagreements.org/agreements/845/"" target=""_blank"">Acuerdo de San José para la reconciliación nacional y el fortalecimiento de la democracia en Honduras (22/07/2009)</a>), in 1 peace process (Honduran constitutional crisis process).</li></ul>",,,,,,,,,,,,,,,,,,,,340.0,Honduras,545,512,42,38,46,48,502,439,-10,-4,73,43,-20.833333333333336,-8.695652173913043,16.62870159453303,8.565737051792828,2026-03-31,2.347,165,Honduras ranked 2 out of 165 countries in the Global Peace Index (2025).,157.0,182,Honduras ranked 157 out of 182 countries in the Corruption Perception Index (2025).,"In the current period of analysis (Feb 2025) by the <a href='https://data.humdata.org/dataset/global-acute-food-insecurity-country-data', target='_blank'>IPC</a>, 18% of the population of Honduras are in IPC Phase 3+ (in food crisis), an estimated 1784832 people. 1% (115602 people) are estimated to be in Phase 4 (emergency).","In Honduras there has been a total of 100,637 people displaced, with 4,306 new displacements in 2024 [<a href='https://data.humdata.org/dataset/idmc-internal-displacements-new-displacements-idps', target='_blank'>IDMC</a>].","There is 1 current crisis and severity category listed in the <a href=""https://www.acaps.org/en/thematics/all-topics/inform-severity-index"" target=""_blank"">INFORM Severity Index</a> for Honduras: Climatic Shocks and Conflict and Violence in Honduras (High), as of 31/03/26.",,"<ul><li>In the current period of analysis (Feb 2025) by the <a href='https://data.humdata.org/dataset/global-acute-food-insecurity-country-data', target='_blank'>IPC</a>, 18% of the population of Honduras are in IPC Phase 3+ (in food crisis), an estimated 1784832 people. 1% (115602 people) are estimated to be in Phase 4 (emergency).</li><li>In Honduras there has been a total of 100,637 people displaced, with 4,306 new displacements in 2024 [<a href='https://data.humdata.org/dataset/idmc-internal-displacements-new-displacements-idps', target='_blank'>IDMC</a>].</li><li>There is 1 current crisis and severity category listed in the <a href=""https://www.acaps.org/en/thematics/all-topics/inform-severity-index"" target=""_blank"">INFORM Severity Index</a> for Honduras: Climatic Shocks and Conflict and Violence in Honduras (High), as of 31/03/26.</li></ul>","<ul><li>Honduras ranked 2 out of 165 countries in the Global Peace Index (2025).</li><li>Honduras ranked 157 out of 182 countries in the Corruption Perception Index (2025).</li><li>In the current period of analysis (Feb 2025) by the <a href='https://data.humdata.org/dataset/global-acute-food-insecurity-country-data', target='_blank'>IPC</a>, 18% of the population of Honduras are in IPC Phase 3+ (in food crisis), an estimated 1784832 people. 1% (115602 people) are estimated to be in Phase 4 (emergency).</li><li>In Honduras there has been a total of 100,637 people displaced, with 4,306 new displacements in 2024 [<a href='https://data.humdata.org/dataset/idmc-internal-displacements-new-displacements-idps', target='_blank'>IDMC</a>].</li><li>There is 1 current crisis and severity category listed in the <a href=""https://www.acaps.org/en/thematics/all-topics/inform-severity-index"" target=""_blank"">INFORM Severity Index</a> for Honduras: Climatic Shocks and Conflict and Violence in Honduras (High), as of 31/03/26.</li></ul>"
pax,Honduras,61.0,HND,91.0,340.0,HON,2.0,All,https://www.peaceagreements.org/tracker/all,https://www.peaceagreements.org/agreements/search/?search_type=basic-search&countries=61&match_any_issues=True&name=&text=&signed_after=&signed_before=,2,1,"<ul><li>The most recent agreement signed in Honduras was <a href=""https://www.peaceagreements.org/agreements/1940/"" target=""_blank"">Dialogo Guaymuras Acuerdo Tegucigalpa/San Jose Para La Reconciliacion Nacional Y El Fortalecimiento de la democracia en Honduras (30/10/2009)</a>, as part of the Honduran constitutional crisis process.</li><li>There has been a total of 2 agreements in Honduras, since the first agreement was signed in 2009 (<a href=""https://www.peaceagreements.org/agreements/845/"" target=""_blank"">Acuerdo de San José para la reconciliación nacional y el fortalecimiento de la democracia en Honduras (22/07/2009)</a>), in 1 peace process (Honduran constitutional crisis process).</li></ul>",,,,,,,,,,,,,,,,,,,,340.0,Honduras,545,512,42,38,46,48,502,439,-10,-4,73,43,-20.833333333333336,-8.695652173913043,16.62870159453303,8.565737051792828,2026-03-31,124.0,165,Honduras ranked 124 out of 165 countries in the Global Peace Index (2025).,157.0,182,Honduras ranked 157 out of 182 countries in the Corruption Perception Index (2025).,"In the current period of analysis (Feb 2025) by the <a href='https://data.humdata.org/dataset/global-acute-food-insecurity-country-data', target='_blank'>IPC</a>, 18% of the population of Honduras are in IPC Phase 3+ (in food crisis), an estimated 1784832 people. 1% (115602 people) are estimated to be in Phase 4 (emergency).","In Honduras there has been a total of 100,637 people displaced, with 4,306 new displacements in 2024 [<a href='https://data.humdata.org/dataset/idmc-internal-displacements-new-displacements-idps', target='_blank'>IDMC</a>].","There is 1 current crisis and severity category listed in the <a href=""https://www.acaps.org/en/thematics/all-topics/inform-severity-index"" target=""_blank"">INFORM Severity Index</a> for Honduras: Climatic Shocks and Conflict and Violence in Honduras (High), as of 31/03/26.",,"<ul><li>In the current period of analysis (Feb 2025) by the <a href='https://data.humdata.org/dataset/global-acute-food-insecurity-country-data', target='_blank'>IPC</a>, 18% of the population of Honduras are in IPC Phase 3+ (in food crisis), an estimated 1784832 people. 1% (115602 people) are estimated to be in Phase 4 (emergency).</li><li>In Honduras there has been a total of 100,637 people displaced, with 4,306 new displacements in 2024 [<a href='https://data.humdata.org/dataset/idmc-internal-displacements-new-displacements-idps', target='_blank'>IDMC</a>].</li><li>There is 1 current crisis and severity category listed in the <a href=""https://www.acaps.org/en/thematics/all-topics/inform-severity-index"" target=""_blank"">INFORM Severity Index</a> for Honduras: Climatic Shocks and Conflict and Violence in Honduras (High), as of 31/03/26.</li></ul>","<ul><li>Honduras ranked 124 out of 165 countries in the Global Peace Index (2025).</li><li>Honduras ranked 157 out of 182 countries in the Corruption Perception Index (2025).</li><li>In the current period of analysis (Feb 2025) by the <a href='https://data.humdata.org/dataset/global-acute-food-insecurity-country-data', target='_blank'>IPC</a>, 18% of the population of Honduras are in IPC Phase 3+ (in food crisis), an estimated 1784832 people. 1% (115602 people) are estimated to be in Phase 4 (emergency).</li><li>In Honduras there has been a total of 100,637 people displaced, with 4,306 new displacements in 2024 [<a href='https://data.humdata.org/dataset/idmc-internal-displacements-new-displacements-idps', target='_blank'>IDMC</a>].</li><li>There is 1 current crisis and severity category listed in the <a href=""https://www.acaps.org/en/thematics/all-topics/inform-severity-index"" target=""_blank"">INFORM Severity Index</a> for Honduras: Climatic Shocks and Conflict and Violence in Honduras (High), as of 31/03/26.</li></ul>"
pax,India,62.0,IND,750.0,356.0,IND,2.0,All,https://www.peaceagreements.org/tracker/all,https://www.peaceagreements.org/agreements/search/?search_type=basic-search&countries=62&match_any_issues=True&name=&text=&signed_after=&signed_before=,48,9,"<ul><li>The most recent agreement signed in India was <a href=""https://www.peaceagreements.org/agreements/2839/"" target=""_blank"">Ceasefire Extension Agreement Between the Government of India and the National Socialist Council of Nagaland(K)Niki, Nagaland (09/09/2025)</a>, as part of the India-Nagaland peace process.</li><li>There has been a total of 48 agreements in India, since the first agreement was signed in 1991 (<a href=""https://www.peaceagreements.org/agreements/1522/"" target=""_blank"">Agreement between India and Pakistan on Prevention of Air Space Violations and for Permitting over flights and landings by military aircraft (06/04/1991)</a>), in 9 peace processes (India-Pakistan border and related process, India Bodoland peace process, India-Tripura peace process, India-Hmar-Bodoland peace process, India-Darjeeling peace process, India-Assam, India-Nagaland peace process, India - Manipur, China-India border dispute peace process).</li></ul>",750.0,India,373.0,103.0,43.0,9.0,0.0,0.0,547.0,220.0,0.0,0.0,-117.0,-174.0,0.0,0.0,-53.18181818181819,-31.809872029250457,2026-01-31,356.0,India,1005,2975,48,240,51,214,1269,3423,26,-3,-448,-264,12.149532710280374,-5.88235294117647,-13.0879345603272,-20.803782505910164,2026-03-31,115.0,165,India ranked 115 out of 165 countries in the Global Peace Index (2025).,91.0,182,India ranked 91 out of 182 countries in the Corruption Perception Index (2025).,,"In India there has been a total of 524,814 people displaced, with 1,736 new displacements in 2024 [<a href='https://data.humdata.org/dataset/idmc-internal-displacements-new-displacements-idps', target='_blank'>IDMC</a>].","There are 3 current crises and severity categories listed in the <a href=""https://www.acaps.org/en/thematics/all-topics/inform-severity-index"" target=""_blank"">INFORM Severity Index</a> for India: 2025 Monsoon Floods in India (Medium), Conflict in Jammu and Kashmir (None), Multiple Crises in India (Medium), as of 31/03/26.",,"<ul><li>In India there has been a total of 524,814 people displaced, with 1,736 new displacements in 2024 [<a href='https://data.humdata.org/dataset/idmc-internal-displacements-new-displacements-idps', target='_blank'>IDMC</a>].</li><li>There are 3 current crises and severity categories listed in the <a href=""https://www.acaps.org/en/thematics/all-topics/inform-severity-index"" target=""_blank"">INFORM Severity Index</a> for India: 2025 Monsoon Floods in India (Medium), Conflict in Jammu and Kashmir (None), Multiple Crises in India (Medium), as of 31/03/26.</li></ul>","<ul><li>India ranked 115 out of 165 countries in the Global Peace Index (2025).</li><li>India ranked 91 out of 182 countries in the Corruption Perception Index (2025).</li><li>In India there has been a total of 524,814 people displaced, with 1,736 new displacements in 2024 [<a href='https://data.humdata.org/dataset/idmc-internal-displacements-new-displacements-idps', target='_blank'>IDMC</a>].</li><li>There are 3 current crises and severity categories listed in the <a href=""https://www.acaps.org/en/thematics/all-topics/inform-severity-index"" target=""_blank"">INFORM Severity Index</a> for India: 2025 Monsoon Floods in India (Medium), Conflict in Jammu and Kashmir (None), Multiple Crises in India (Medium), as of 31/03/26.</li></ul>"
pax,India,62.0,IND,750.0,356.0,IND,2.0,All,https://www.peaceagreements.org/tracker/all,https://www.peaceagreements.org/agreements/search/?search_type=basic-search&countries=62&match_any_issues=True&name=&text=&signed_after=&signed_before=,48,9,"<ul><li>The most recent agreement signed in India was <a href=""https://www.peaceagreements.org/agreements/2839/"" target=""_blank"">Ceasefire Extension Agreement Between the Government of India and the National Socialist Council of Nagaland(K)Niki, Nagaland (09/09/2025)</a>, as part of the India-Nagaland peace process.</li><li>There has been a total of 48 agreements in India, since the first agreement was signed in 1991 (<a href=""https://www.peaceagreements.org/agreements/1522/"" target=""_blank"">Agreement between India and Pakistan on Prevention of Air Space Violations and for Permitting over flights and landings by military aircraft (06/04/1991)</a>), in 9 peace processes (India-Pakistan border and related process, India Bodoland peace process, India-Tripura peace process, India-Hmar-Bodoland peace process, India-Darjeeling peace process, India-Assam, India-Nagaland peace process, India - Manipur, China-India border dispute peace process).</li></ul>",750.0,India,373.0,103.0,43.0,9.0,0.0,0.0,547.0,220.0,0.0,0.0,-117.0,-174.0,0.0,0.0,-53.18181818181819,-31.809872029250457,2026-01-31,356.0,India,1005,2975,48,240,51,214,1269,3423,26,-3,-448,-264,12.149532710280374,-5.88235294117647,-13.0879345603272,-20.803782505910164,2026-03-31,2.229,165,India ranked 2 out of 165 countries in the Global Peace Index (2025).,91.0,182,India ranked 91 out of 182 countries in the Corruption Perception Index (2025).,,"In India there has been a total of 524,814 people displaced, with 1,736 new displacements in 2024 [<a href='https://data.humdata.org/dataset/idmc-internal-displacements-new-displacements-idps', target='_blank'>IDMC</a>].","There are 3 current crises and severity categories listed in the <a href=""https://www.acaps.org/en/thematics/all-topics/inform-severity-index"" target=""_blank"">INFORM Severity Index</a> for India: 2025 Monsoon Floods in India (Medium), Conflict in Jammu and Kashmir (None), Multiple Crises in India (Medium), as of 31/03/26.",,"<ul><li>In India there has been a total of 524,814 people displaced, with 1,736 new displacements in 2024 [<a href='https://data.humdata.org/dataset/idmc-internal-displacements-new-displacements-idps', target='_blank'>IDMC</a>].</li><li>There are 3 current crises and severity categories listed in the <a href=""https://www.acaps.org/en/thematics/all-topics/inform-severity-index"" target=""_blank"">INFORM Severity Index</a> for India: 2025 Monsoon Floods in India (Medium), Conflict in Jammu and Kashmir (None), Multiple Crises in India (Medium), as of 31/03/26.</li></ul>","<ul><li>India ranked 2 out of 165 countries in the Global Peace Index (2025).</li><li>India ranked 91 out of 182 countries in the Corruption Perception Index (2025).</li><li>In India there has been a total of 524,814 people displaced, with 1,736 new displacements in 2024 [<a href='https://data.humdata.org/dataset/idmc-internal-displacements-new-displacements-idps', target='_blank'>IDMC</a>].</li><li>There are 3 current crises and severity categories listed in the <a href=""https://www.acaps.org/en/thematics/all-topics/inform-severity-index"" target=""_blank"">INFORM Severity Index</a> for India: 2025 Monsoon Floods in India (Medium), Conflict in Jammu and Kashmir (None), Multiple Crises in India (Medium), as of 31/03/26.</li></ul>"
pax,Indonesia,63.0,IDN,850.0,360.0,INS,2.0,All,https://www.peaceagreements.org/tracker/all,https://www.peaceagreements.org/agreements/search/?search_type=basic-search&countries=63&match_any_issues=True&name=&text=&signed_after=&signed_before=,27,3,"<ul><li>The most recent agreement signed in Indonesia was <a href=""https://www.peaceagreements.org/agreements/450/"" target=""_blank"">Memorandum of Understanding between the Goverment of the Republic of Indonesia and the Free Aceh Movement (Helsinki MOU) (15/08/2005)</a>, as part of the Indonesia-Aceh peace process.</li><li>There has been a total of 27 agreements in Indonesia, since the first agreement was signed in 1999 (<a href=""https://www.peaceagreements.org/agreements/367/"" target=""_blank"">Dili Peace Accord (21/04/1999)</a>), in 3 peace processes (East Timor-Indonesia peace process, Indonesia-Aceh peace process, Moluccas peace process).</li></ul>",850.0,Indonesia,35.0,13.0,0.0,0.0,0.0,0.0,52.0,39.0,0.0,0.0,-26.0,-17.0,0.0,0.0,-66.66666666666666,-32.69230769230769,2026-01-31,360.0,Indonesia,262,725,24,101,21,69,166,467,32,3,258,96,46.3768115942029,14.285714285714285,55.24625267665952,57.831325301204814,2026-03-31,1.786,165,Indonesia ranked 1 out of 165 countries in the Global Peace Index (2025).,109.0,182,Indonesia ranked 109 out of 182 countries in the Corruption Perception Index (2025).,,"In Indonesia there has been a total of 56,966 people displaced, with 14,296 new displacements in 2024 [<a href='https://data.humdata.org/dataset/idmc-internal-displacements-new-displacements-idps', target='_blank'>IDMC</a>].","There are 3 current crises and severity categories listed in the <a href=""https://www.acaps.org/en/thematics/all-topics/inform-severity-index"" target=""_blank"">INFORM Severity Index</a> for Indonesia: Conflict in Papua (Medium), Cyclone Senyar and floods in Indonesia (Medium), Multiple crises in Indonesia (Medium), as of 31/03/26.",,"<ul><li>In Indonesia there has been a total of 56,966 people displaced, with 14,296 new displacements in 2024 [<a href='https://data.humdata.org/dataset/idmc-internal-displacements-new-displacements-idps', target='_blank'>IDMC</a>].</li><li>There are 3 current crises and severity categories listed in the <a href=""https://www.acaps.org/en/thematics/all-topics/inform-severity-index"" target=""_blank"">INFORM Severity Index</a> for Indonesia: Conflict in Papua (Medium), Cyclone Senyar and floods in Indonesia (Medium), Multiple crises in Indonesia (Medium), as of 31/03/26.</li></ul>","<ul><li>Indonesia ranked 1 out of 165 countries in the Global Peace Index (2025).</li><li>Indonesia ranked 109 out of 182 countries in the Corruption Perception Index (2025).</li><li>In Indonesia there has been a total of 56,966 people displaced, with 14,296 new displacements in 2024 [<a href='https://data.humdata.org/dataset/idmc-internal-displacements-new-displacements-idps', target='_blank'>IDMC</a>].</li><li>There are 3 current crises and severity categories listed in the <a href=""https://www.acaps.org/en/thematics/all-topics/inform-severity-index"" target=""_blank"">INFORM Severity Index</a> for Indonesia: Conflict in Papua (Medium), Cyclone Senyar and floods in Indonesia (Medium), Multiple crises in Indonesia (Medium), as of 31/03/26.</li></ul>"
pax,Indonesia,63.0,IDN,850.0,360.0,INS,2.0,All,https://www.peaceagreements.org/tracker/all,https://www.peaceagreements.org/agreements/search/?search_type=basic-search&countries=63&match_any_issues=True&name=&text=&signed_after=&signed_before=,27,3,"<ul><li>The most recent agreement signed in Indonesia was <a href=""https://www.peaceagreements.org/agreements/450/"" target=""_blank"">Memorandum of Understanding between the Goverment of the Republic of Indonesia and the Free Aceh Movement (Helsinki MOU) (15/08/2005)</a>, as part of the Indonesia-Aceh peace process.</li><li>There has been a total of 27 agreements in Indonesia, since the first agreement was signed in 1999 (<a href=""https://www.peaceagreements.org/agreements/367/"" target=""_blank"">Dili Peace Accord (21/04/1999)</a>), in 3 peace processes (East Timor-Indonesia peace process, Indonesia-Aceh peace process, Moluccas peace process).</li></ul>",850.0,Indonesia,35.0,13.0,0.0,0.0,0.0,0.0,52.0,39.0,0.0,0.0,-26.0,-17.0,0.0,0.0,-66.66666666666666,-32.69230769230769,2026-01-31,360.0,Indonesia,262,725,24,101,21,69,166,467,32,3,258,96,46.3768115942029,14.285714285714285,55.24625267665952,57.831325301204814,2026-03-31,49.0,165,Indonesia ranked 49 out of 165 countries in the Global Peace Index (2025).,109.0,182,Indonesia ranked 109 out of 182 countries in the Corruption Perception Index (2025).,,"In Indonesia there has been a total of 56,966 people displaced, with 14,296 new displacements in 2024 [<a href='https://data.humdata.org/dataset/idmc-internal-displacements-new-displacements-idps', target='_blank'>IDMC</a>].","There are 3 current crises and severity categories listed in the <a href=""https://www.acaps.org/en/thematics/all-topics/inform-severity-index"" target=""_blank"">INFORM Severity Index</a> for Indonesia: Conflict in Papua (Medium), Cyclone Senyar and floods in Indonesia (Medium), Multiple crises in Indonesia (Medium), as of 31/03/26.",,"<ul><li>In Indonesia there has been a total of 56,966 people displaced, with 14,296 new displacements in 2024 [<a href='https://data.humdata.org/dataset/idmc-internal-displacements-new-displacements-idps', target='_blank'>IDMC</a>].</li><li>There are 3 current crises and severity categories listed in the <a href=""https://www.acaps.org/en/thematics/all-topics/inform-severity-index"" target=""_blank"">INFORM Severity Index</a> for Indonesia: Conflict in Papua (Medium), Cyclone Senyar and floods in Indonesia (Medium), Multiple crises in Indonesia (Medium), as of 31/03/26.</li></ul>","<ul><li>Indonesia ranked 49 out of 165 countries in the Global Peace Index (2025).</li><li>Indonesia ranked 109 out of 182 countries in the Corruption Perception Index (2025).</li><li>In Indonesia there has been a total of 56,966 people displaced, with 14,296 new displacements in 2024 [<a href='https://data.humdata.org/dataset/idmc-internal-displacements-new-displacements-idps', target='_blank'>IDMC</a>].</li><li>There are 3 current crises and severity categories listed in the <a href=""https://www.acaps.org/en/thematics/all-topics/inform-severity-index"" target=""_blank"">INFORM Severity Index</a> for Indonesia: Conflict in Papua (Medium), Cyclone Senyar and floods in Indonesia (Medium), Multiple crises in Indonesia (Medium), as of 31/03/26.</li></ul>"
pax,Iran,66.0,IRN,630.0,364.0,IRN,2.0,All,https://www.peaceagreements.org/tracker/all,https://www.peaceagreements.org/agreements/search/?search_type=basic-search&countries=66&match_any_issues=True&name=&text=&signed_after=&signed_before=,1,1,"<ul><li>The most recent agreement signed in Iran was <a href=""https://www.peaceagreements.org/agreements/2558/"" target=""_blank"">Joint Trilateral Statement by the People’s Republic of China, the Kingdom of Saudi Arabia, and the Islamic Republic of Iran (10/03/2023)</a>, as part of the Iran-Saudi Arabia Process.</li><li>There has been a total of 1 agreement in Iran, since the first agreement was signed in 2023 (<a href=""https://www.peaceagreements.org/agreements/2558/"" target=""_blank"">Joint Trilateral Statement by the People’s Republic of China, the Kingdom of Saudi Arabia, and the Islamic Republic of Iran (10/03/2023)</a>), in 1 peace process (Iran-Saudi Arabia Process).</li></ul>",630.0,Iran,1195.0,37.0,0.0,0.0,0.0,0.0,113.0,26.0,0.0,0.0,11.0,1082.0,0.0,0.0,42.30769230769231,957.5221238938052,2026-01-31,364.0,Iran,7601,3158,1096,2255,271,102,212,136,2153,825,3022,7389,2110.7843137254904,304.4280442804428,2222.0588235294117,3485.377358490566,2026-03-31,2.75,165,Iran ranked 2 out of 165 countries in the Global Peace Index (2025).,153.0,182,Iran ranked 153 out of 182 countries in the Corruption Perception Index (2025).,,,"There are 3 current crises and severity categories listed in the <a href=""https://www.acaps.org/en/thematics/all-topics/inform-severity-index"" target=""_blank"">INFORM Severity Index</a> for Iran: Conflict in Iran (High), Displacement from Afghanistan to Iran (High), Multiple crises in Iran (Very High), as of 19/03/26.",,"<ul><li>There are 3 current crises and severity categories listed in the <a href=""https://www.acaps.org/en/thematics/all-topics/inform-severity-index"" target=""_blank"">INFORM Severity Index</a> for Iran: Conflict in Iran (High), Displacement from Afghanistan to Iran (High), Multiple crises in Iran (Very High), as of 19/03/26.</li></ul>","<ul><li>Iran ranked 2 out of 165 countries in the Global Peace Index (2025).</li><li>Iran ranked 153 out of 182 countries in the Corruption Perception Index (2025).</li><li>There are 3 current crises and severity categories listed in the <a href=""https://www.acaps.org/en/thematics/all-topics/inform-severity-index"" target=""_blank"">INFORM Severity Index</a> for Iran: Conflict in Iran (High), Displacement from Afghanistan to Iran (High), Multiple crises in Iran (Very High), as of 19/03/26.</li></ul>"
pax,Iran,66.0,IRN,630.0,364.0,IRN,2.0,All,https://www.peaceagreements.org/tracker/all,https://www.peaceagreements.org/agreements/search/?search_type=basic-search&countries=66&match_any_issues=True&name=&text=&signed_after=&signed_before=,1,1,"<ul><li>The most recent agreement signed in Iran was <a href=""https://www.peaceagreements.org/agreements/2558/"" target=""_blank"">Joint Trilateral Statement by the People’s Republic of China, the Kingdom of Saudi Arabia, and the Islamic Republic of Iran (10/03/2023)</a>, as part of the Iran-Saudi Arabia Process.</li><li>There has been a total of 1 agreement in Iran, since the first agreement was signed in 2023 (<a href=""https://www.peaceagreements.org/agreements/2558/"" target=""_blank"">Joint Trilateral Statement by the People’s Republic of China, the Kingdom of Saudi Arabia, and the Islamic Republic of Iran (10/03/2023)</a>), in 1 peace process (Iran-Saudi Arabia Process).</li></ul>",630.0,Iran,1195.0,37.0,0.0,0.0,0.0,0.0,113.0,26.0,0.0,0.0,11.0,1082.0,0.0,0.0,42.30769230769231,957.5221238938052,2026-01-31,364.0,Iran,7601,3158,1096,2255,271,102,212,136,2153,825,3022,7389,2110.7843137254904,304.4280442804428,2222.0588235294117,3485.377358490566,2026-03-31,142.0,165,Iran ranked 142 out of 165 countries in the Global Peace Index (2025).,153.0,182,Iran ranked 153 out of 182 countries in the Corruption Perception Index (2025).,,,"There are 3 current crises and severity categories listed in the <a href=""https://www.acaps.org/en/thematics/all-topics/inform-severity-index"" target=""_blank"">INFORM Severity Index</a> for Iran: Conflict in Iran (High), Displacement from Afghanistan to Iran (High), Multiple crises in Iran (Very High), as of 19/03/26.",,"<ul><li>There are 3 current crises and severity categories listed in the <a href=""https://www.acaps.org/en/thematics/all-topics/inform-severity-index"" target=""_blank"">INFORM Severity Index</a> for Iran: Conflict in Iran (High), Displacement from Afghanistan to Iran (High), Multiple crises in Iran (Very High), as of 19/03/26.</li></ul>","<ul><li>Iran ranked 142 out of 165 countries in the Global Peace Index (2025).</li><li>Iran ranked 153 out of 182 countries in the Corruption Perception Index (2025).</li><li>There are 3 current crises and severity categories listed in the <a href=""https://www.acaps.org/en/thematics/all-topics/inform-severity-index"" target=""_blank"">INFORM Severity Index</a> for Iran: Conflict in Iran (High), Displacement from Afghanistan to Iran (High), Multiple crises in Iran (Very High), as of 19/03/26.</li></ul>"
pax,Iraq,64.0,IRQ,645.0,368.0,IRQ,1.0,Iraq,https://www.peaceagreements.org/tracker/iraq,https://www.peaceagreements.org/agreements/search/?search_type=basic-search&countries=64&match_any_issues=True&name=&text=&signed_after=&signed_before=,13,4,"<ul><li>The most recent agreement signed in Iraq was <a href=""https://www.peaceagreements.org/agreements/2744/"" target=""_blank"">Agreement for Restoring Stability and Normalising Conditions in the Sinjar District (09/10/2020)</a>, as part of the Kurdistan/Iraq territorial conflict.</li><li>There has been a total of 13 agreements in Iraq, since the first agreement was signed in 1991 (<a href=""https://www.peaceagreements.org/agreements/538/"" target=""_blank"">UN Security Council Resolution 687 (03/04/1991)</a>), in 4 peace processes (Iraq peace process - first Iraq war, Iraq peace process - second Iraq war, Kurdistan/Iraq territorial conflict, Iraq Post-ISIS local agreements).</li></ul>",645.0,Iraq,46.0,39.0,0.0,0.0,0.0,0.0,378.0,260.0,0.0,0.0,-221.0,-332.0,0.0,0.0,-85.0,-87.83068783068782,2026-01-31,368.0,Iraq,560,1922,153,395,29,49,972,6319,346,124,-4397,-412,706.1224489795918,427.5862068965517,-69.583794904257,-42.38683127572017,2026-03-31,2.862,165,Iraq ranked 2 out of 165 countries in the Global Peace Index (2025).,136.0,182,Iraq ranked 136 out of 182 countries in the Corruption Perception Index (2025).,,"In Iraq there has been a total of 1,031,475 people displaced, with 22,947 new displacements in 2024 [<a href='https://data.humdata.org/dataset/idmc-internal-displacements-new-displacements-idps', target='_blank'>IDMC</a>].","There are 3 current crises and severity categories listed in the <a href=""https://www.acaps.org/en/thematics/all-topics/inform-severity-index"" target=""_blank"">INFORM Severity Index</a> for Iraq: Displacement from Syria to Iraq (Medium), Internal displacement in Iraq (High), Multiple crises in Iraq (High), as of 27/03/26.","Iraq is one of 12 focus countries in the UK's WPS <a href='https://assets.publishing.service.gov.uk/government/uploads/system/uploads/attachment_data/file/1156085/uk-women-peace-security-national-action-plan-2023-2027.pdf', target='_blank'>National Action Plan</a> for 2023-2027. ","<ul><li>In Iraq there has been a total of 1,031,475 people displaced, with 22,947 new displacements in 2024 [<a href='https://data.humdata.org/dataset/idmc-internal-displacements-new-displacements-idps', target='_blank'>IDMC</a>].</li><li>There are 3 current crises and severity categories listed in the <a href=""https://www.acaps.org/en/thematics/all-topics/inform-severity-index"" target=""_blank"">INFORM Severity Index</a> for Iraq: Displacement from Syria to Iraq (Medium), Internal displacement in Iraq (High), Multiple crises in Iraq (High), as of 27/03/26.</li><li>Iraq is one of 12 focus countries in the UK's WPS <a href='https://assets.publishing.service.gov.uk/government/uploads/system/uploads/attachment_data/file/1156085/uk-women-peace-security-national-action-plan-2023-2027.pdf', target='_blank'>National Action Plan</a> for 2023-2027.</li></ul>","<ul><li>Iraq ranked 2 out of 165 countries in the Global Peace Index (2025).</li><li>Iraq ranked 136 out of 182 countries in the Corruption Perception Index (2025).</li><li>In Iraq there has been a total of 1,031,475 people displaced, with 22,947 new displacements in 2024 [<a href='https://data.humdata.org/dataset/idmc-internal-displacements-new-displacements-idps', target='_blank'>IDMC</a>].</li><li>There are 3 current crises and severity categories listed in the <a href=""https://www.acaps.org/en/thematics/all-topics/inform-severity-index"" target=""_blank"">INFORM Severity Index</a> for Iraq: Displacement from Syria to Iraq (Medium), Internal displacement in Iraq (High), Multiple crises in Iraq (High), as of 27/03/26.</li><li>Iraq is one of 12 focus countries in the UK's WPS <a href='https://assets.publishing.service.gov.uk/government/uploads/system/uploads/attachment_data/file/1156085/uk-women-peace-security-national-action-plan-2023-2027.pdf', target='_blank'>National Action Plan</a> for 2023-2027.</li></ul>"
pax,Iraq,64.0,IRQ,645.0,368.0,IRQ,1.0,Iraq,https://www.peaceagreements.org/tracker/iraq,https://www.peaceagreements.org/agreements/search/?search_type=basic-search&countries=64&match_any_issues=True&name=&text=&signed_after=&signed_before=,13,4,"<ul><li>The most recent agreement signed in Iraq was <a href=""https://www.peaceagreements.org/agreements/2744/"" target=""_blank"">Agreement for Restoring Stability and Normalising Conditions in the Sinjar District (09/10/2020)</a>, as part of the Kurdistan/Iraq territorial conflict.</li><li>There has been a total of 13 agreements in Iraq, since the first agreement was signed in 1991 (<a href=""https://www.peaceagreements.org/agreements/538/"" target=""_blank"">UN Security Council Resolution 687 (03/04/1991)</a>), in 4 peace processes (Iraq peace process - first Iraq war, Iraq peace process - second Iraq war, Kurdistan/Iraq territorial conflict, Iraq Post-ISIS local agreements).</li></ul>",645.0,Iraq,46.0,39.0,0.0,0.0,0.0,0.0,378.0,260.0,0.0,0.0,-221.0,-332.0,0.0,0.0,-85.0,-87.83068783068782,2026-01-31,368.0,Iraq,560,1922,153,395,29,49,972,6319,346,124,-4397,-412,706.1224489795918,427.5862068965517,-69.583794904257,-42.38683127572017,2026-03-31,147.0,165,Iraq ranked 147 out of 165 countries in the Global Peace Index (2025).,136.0,182,Iraq ranked 136 out of 182 countries in the Corruption Perception Index (2025).,,"In Iraq there has been a total of 1,031,475 people displaced, with 22,947 new displacements in 2024 [<a href='https://data.humdata.org/dataset/idmc-internal-displacements-new-displacements-idps', target='_blank'>IDMC</a>].","There are 3 current crises and severity categories listed in the <a href=""https://www.acaps.org/en/thematics/all-topics/inform-severity-index"" target=""_blank"">INFORM Severity Index</a> for Iraq: Displacement from Syria to Iraq (Medium), Internal displacement in Iraq (High), Multiple crises in Iraq (High), as of 27/03/26.","Iraq is one of 12 focus countries in the UK's WPS <a href='https://assets.publishing.service.gov.uk/government/uploads/system/uploads/attachment_data/file/1156085/uk-women-peace-security-national-action-plan-2023-2027.pdf', target='_blank'>National Action Plan</a> for 2023-2027. ","<ul><li>In Iraq there has been a total of 1,031,475 people displaced, with 22,947 new displacements in 2024 [<a href='https://data.humdata.org/dataset/idmc-internal-displacements-new-displacements-idps', target='_blank'>IDMC</a>].</li><li>There are 3 current crises and severity categories listed in the <a href=""https://www.acaps.org/en/thematics/all-topics/inform-severity-index"" target=""_blank"">INFORM Severity Index</a> for Iraq: Displacement from Syria to Iraq (Medium), Internal displacement in Iraq (High), Multiple crises in Iraq (High), as of 27/03/26.</li><li>Iraq is one of 12 focus countries in the UK's WPS <a href='https://assets.publishing.service.gov.uk/government/uploads/system/uploads/attachment_data/file/1156085/uk-women-peace-security-national-action-plan-2023-2027.pdf', target='_blank'>National Action Plan</a> for 2023-2027.</li></ul>","<ul><li>Iraq ranked 147 out of 165 countries in the Global Peace Index (2025).</li><li>Iraq ranked 136 out of 182 countries in the Corruption Perception Index (2025).</li><li>In Iraq there has been a total of 1,031,475 people displaced, with 22,947 new displacements in 2024 [<a href='https://data.humdata.org/dataset/idmc-internal-displacements-new-displacements-idps', target='_blank'>IDMC</a>].</li><li>There are 3 current crises and severity categories listed in the <a href=""https://www.acaps.org/en/thematics/all-topics/inform-severity-index"" target=""_blank"">INFORM Severity Index</a> for Iraq: Displacement from Syria to Iraq (Medium), Internal displacement in Iraq (High), Multiple crises in Iraq (High), as of 27/03/26.</li><li>Iraq is one of 12 focus countries in the UK's WPS <a href='https://assets.publishing.service.gov.uk/government/uploads/system/uploads/attachment_data/file/1156085/uk-women-peace-security-national-action-plan-2023-2027.pdf', target='_blank'>National Action Plan</a> for 2023-2027.</li></ul>"
pax,Ireland,65.0,IRL,205.0,372.0,IRE,2.0,All,https://www.peaceagreements.org/tracker/all,https://www.peaceagreements.org/agreements/search/?search_type=basic-search&countries=65&match_any_issues=True&name=&text=&signed_after=&signed_before=,35,1,"<ul><li>The most recent agreement signed in Ireland was <a href=""https://www.peaceagreements.org/agreements/2270/"" target=""_blank"">New Decade, New Approach (10/01/2020)</a>, as part of the Northern Ireland peace process.</li><li>There has been a total of 35 agreements in Ireland, since the first agreement was signed in 1993 (<a href=""https://www.peaceagreements.org/agreements/127/"" target=""_blank"">Joint Declaration Issued by The Prime Minister Rt John Major MP and the Taoiseach Mr Albert Reynolds TD (Downing Street Declaration) (15/12/1993)</a>), in 1 peace process (Northern Ireland peace process).</li></ul>",,,,,,,,,,,,,,,,,,,,372.0,Ireland,0,2,0,0,0,0,0,3,0,0,-1,0,0.0,0.0,-33.33333333333333,0.0,2026-03-31,2.0,165,Ireland ranked 2 out of 165 countries in the Global Peace Index (2025).,12.0,182,Ireland ranked 12 out of 182 countries in the Corruption Perception Index (2025).,,,,, ,<ul><li>Ireland ranked 2 out of 165 countries in the Global Peace Index (2025).</li><li>Ireland ranked 12 out of 182 countries in the Corruption Perception Index (2025).</li></ul>
pax,Ireland,65.0,IRL,205.0,372.0,IRE,2.0,All,https://www.peaceagreements.org/tracker/all,https://www.peaceagreements.org/agreements/search/?search_type=basic-search&countries=65&match_any_issues=True&name=&text=&signed_after=&signed_before=,35,1,"<ul><li>The most recent agreement signed in Ireland was <a href=""https://www.peaceagreements.org/agreements/2270/"" target=""_blank"">New Decade, New Approach (10/01/2020)</a>, as part of the Northern Ireland peace process.</li><li>There has been a total of 35 agreements in Ireland, since the first agreement was signed in 1993 (<a href=""https://www.peaceagreements.org/agreements/127/"" target=""_blank"">Joint Declaration Issued by The Prime Minister Rt John Major MP and the Taoiseach Mr Albert Reynolds TD (Downing Street Declaration) (15/12/1993)</a>), in 1 peace process (Northern Ireland peace process).</li></ul>",,,,,,,,,,,,,,,,,,,,372.0,Ireland,0,2,0,0,0,0,0,3,0,0,-1,0,0.0,0.0,-33.33333333333333,0.0,2026-03-31,1.26,165,Ireland ranked 1 out of 165 countries in the Global Peace Index (2025).,12.0,182,Ireland ranked 12 out of 182 countries in the Corruption Perception Index (2025).,,,,, ,<ul><li>Ireland ranked 1 out of 165 countries in the Global Peace Index (2025).</li><li>Ireland ranked 12 out of 182 countries in the Corruption Perception Index (2025).</li></ul>
pax,Israel,67.0,ISR,666.0,376.0,ISR,2.0,All,https://www.peaceagreements.org/tracker/all,https://www.peaceagreements.org/agreements/search/?search_type=basic-search&countries=67&match_any_issues=True&name=&text=&signed_after=&signed_before=,49,3,"<ul><li>The most recent agreement signed in Israel was <a href=""https://www.peaceagreements.org/agreements/2881/"" target=""_blank"">UNSC Resolution 2803 (17/11/2025)</a>, as part of the Israel-Palestine peace process.</li><li>There has been a total of 49 agreements in Israel, since the first agreement was signed in 1991 (<a href=""https://www.peaceagreements.org/agreements/33/"" target=""_blank"">Letter of Invitation to Madrid Peace Conference (30/10/1991)</a>), in 3 peace processes (Israel-Palestine peace process, Israel-Lebanon peace process, Palestine, Intra-Palestian agreements).</li></ul>",666.0,Israel,7430.0,1588.0,154.0,72.0,0.0,0.0,22452.0,3097.0,0.0,0.0,-1509.0,-15022.0,0.0,0.0,-48.72457216661285,-66.90717976126848,2026-01-31,376.0,Israel,60,780,18,561,2,21,95,2753,540,16,-1973,-35,2571.4285714285716,800.0,-71.66727206683618,-36.84210526315789,2026-03-31,3.108,165,Israel ranked 3 out of 165 countries in the Global Peace Index (2025).,35.0,182,Israel ranked 35 out of 182 countries in the Corruption Perception Index (2025).,,"In Israel there has been a total of 68,000 people displaced, with 743 new displacements in 2024 [<a href='https://data.humdata.org/dataset/idmc-internal-displacements-new-displacements-idps', target='_blank'>IDMC</a>].",,,"<ul><li>In Israel there has been a total of 68,000 people displaced, with 743 new displacements in 2024 [<a href='https://data.humdata.org/dataset/idmc-internal-displacements-new-displacements-idps', target='_blank'>IDMC</a>].</li></ul>","<ul><li>Israel ranked 3 out of 165 countries in the Global Peace Index (2025).</li><li>Israel ranked 35 out of 182 countries in the Corruption Perception Index (2025).</li><li>In Israel there has been a total of 68,000 people displaced, with 743 new displacements in 2024 [<a href='https://data.humdata.org/dataset/idmc-internal-displacements-new-displacements-idps', target='_blank'>IDMC</a>].</li></ul>"
pax,Israel,67.0,ISR,666.0,376.0,ISR,2.0,All,https://www.peaceagreements.org/tracker/all,https://www.peaceagreements.org/agreements/search/?search_type=basic-search&countries=67&match_any_issues=True&name=&text=&signed_after=&signed_before=,49,3,"<ul><li>The most recent agreement signed in Israel was <a href=""https://www.peaceagreements.org/agreements/2881/"" target=""_blank"">UNSC Resolution 2803 (17/11/2025)</a>, as part of the Israel-Palestine peace process.</li><li>There has been a total of 49 agreements in Israel, since the first agreement was signed in 1991 (<a href=""https://www.peaceagreements.org/agreements/33/"" target=""_blank"">Letter of Invitation to Madrid Peace Conference (30/10/1991)</a>), in 3 peace processes (Israel-Palestine peace process, Israel-Lebanon peace process, Palestine, Intra-Palestian agreements).</li></ul>",666.0,Israel,7430.0,1588.0,154.0,72.0,0.0,0.0,22452.0,3097.0,0.0,0.0,-1509.0,-15022.0,0.0,0.0,-48.72457216661285,-66.90717976126848,2026-01-31,376.0,Israel,60,780,18,561,2,21,95,2753,540,16,-1973,-35,2571.4285714285716,800.0,-71.66727206683618,-36.84210526315789,2026-03-31,155.0,165,Israel ranked 155 out of 165 countries in the Global Peace Index (2025).,35.0,182,Israel ranked 35 out of 182 countries in the Corruption Perception Index (2025).,,"In Israel there has been a total of 68,000 people displaced, with 743 new displacements in 2024 [<a href='https://data.humdata.org/dataset/idmc-internal-displacements-new-displacements-idps', target='_blank'>IDMC</a>].",,,"<ul><li>In Israel there has been a total of 68,000 people displaced, with 743 new displacements in 2024 [<a href='https://data.humdata.org/dataset/idmc-internal-displacements-new-displacements-idps', target='_blank'>IDMC</a>].</li></ul>","<ul><li>Israel ranked 155 out of 165 countries in the Global Peace Index (2025).</li><li>Israel ranked 35 out of 182 countries in the Corruption Perception Index (2025).</li><li>In Israel there has been a total of 68,000 people displaced, with 743 new displacements in 2024 [<a href='https://data.humdata.org/dataset/idmc-internal-displacements-new-displacements-idps', target='_blank'>IDMC</a>].</li></ul>"
pax,Jordan,68.0,JOR,663.0,400.0,JOR,2.0,All,https://www.peaceagreements.org/tracker/all,https://www.peaceagreements.org/agreements/search/?search_type=basic-search&countries=68&match_any_issues=True&name=&text=&signed_after=&signed_before=,4,1,"<ul><li>The most recent agreement signed in Jordan was <a href=""https://www.peaceagreements.org/agreements/360/"" target=""_blank"">Declaration of principles for co-operation
among the core parties on water-related matters and new and additional water
resources (13/02/1996)</a>, as part of the Israel-Palestine peace process.</li><li>There has been a total of 4 agreements in Jordan, since the first agreement was signed in 1993 (<a href=""https://www.peaceagreements.org/agreements/222/"" target=""_blank"">Agreed Common Agenda (14/09/1993)</a>), in 1 peace process (Israel-Palestine peace process).</li></ul>",,,,,,,,,,,,,,,,,,,,400.0,Jordan,10,34,0,15,1,10,0,7,5,-1,27,10,50.0,-100.0,385.7142857142857,0.0,2026-03-31,1.957,165,Jordan ranked 1 out of 165 countries in the Global Peace Index (2025).,56.0,182,Jordan ranked 56 out of 182 countries in the Corruption Perception Index (2025).,,,"There is 1 current crisis and severity category listed in the <a href=""https://www.acaps.org/en/thematics/all-topics/inform-severity-index"" target=""_blank"">INFORM Severity Index</a> for Jordan: International displacement from Syria to Jordan (Medium), as of 26/03/26.",,"<ul><li>There is 1 current crisis and severity category listed in the <a href=""https://www.acaps.org/en/thematics/all-topics/inform-severity-index"" target=""_blank"">INFORM Severity Index</a> for Jordan: International displacement from Syria to Jordan (Medium), as of 26/03/26.</li></ul>","<ul><li>Jordan ranked 1 out of 165 countries in the Global Peace Index (2025).</li><li>Jordan ranked 56 out of 182 countries in the Corruption Perception Index (2025).</li><li>There is 1 current crisis and severity category listed in the <a href=""https://www.acaps.org/en/thematics/all-topics/inform-severity-index"" target=""_blank"">INFORM Severity Index</a> for Jordan: International displacement from Syria to Jordan (Medium), as of 26/03/26.</li></ul>"
pax,Jordan,68.0,JOR,663.0,400.0,JOR,2.0,All,https://www.peaceagreements.org/tracker/all,https://www.peaceagreements.org/agreements/search/?search_type=basic-search&countries=68&match_any_issues=True&name=&text=&signed_after=&signed_before=,4,1,"<ul><li>The most recent agreement signed in Jordan was <a href=""https://www.peaceagreements.org/agreements/360/"" target=""_blank"">Declaration of principles for co-operation
among the core parties on water-related matters and new and additional water
resources (13/02/1996)</a>, as part of the Israel-Palestine peace process.</li><li>There has been a total of 4 agreements in Jordan, since the first agreement was signed in 1993 (<a href=""https://www.peaceagreements.org/agreements/222/"" target=""_blank"">Agreed Common Agenda (14/09/1993)</a>), in 1 peace process (Israel-Palestine peace process).</li></ul>",,,,,,,,,,,,,,,,,,,,400.0,Jordan,10,34,0,15,1,10,0,7,5,-1,27,10,50.0,-100.0,385.7142857142857,0.0,2026-03-31,72.0,165,Jordan ranked 72 out of 165 countries in the Global Peace Index (2025).,56.0,182,Jordan ranked 56 out of 182 countries in the Corruption Perception Index (2025).,,,"There is 1 current crisis and severity category listed in the <a href=""https://www.acaps.org/en/thematics/all-topics/inform-severity-index"" target=""_blank"">INFORM Severity Index</a> for Jordan: International displacement from Syria to Jordan (Medium), as of 26/03/26.",,"<ul><li>There is 1 current crisis and severity category listed in the <a href=""https://www.acaps.org/en/thematics/all-topics/inform-severity-index"" target=""_blank"">INFORM Severity Index</a> for Jordan: International displacement from Syria to Jordan (Medium), as of 26/03/26.</li></ul>","<ul><li>Jordan ranked 72 out of 165 countries in the Global Peace Index (2025).</li><li>Jordan ranked 56 out of 182 countries in the Corruption Perception Index (2025).</li><li>There is 1 current crisis and severity category listed in the <a href=""https://www.acaps.org/en/thematics/all-topics/inform-severity-index"" target=""_blank"">INFORM Severity Index</a> for Jordan: International displacement from Syria to Jordan (Medium), as of 26/03/26.</li></ul>"
pax,Kenya,70.0,KEN,501.0,404.0,KEN,2.0,All,https://www.peaceagreements.org/tracker/all,https://www.peaceagreements.org/agreements/search/?search_type=basic-search&countries=70&match_any_issues=True&name=&text=&signed_after=&signed_before=,30,3,"<ul><li>The most recent agreement signed in Kenya was <a href=""https://www.peaceagreements.org/agreements/2316/"" target=""_blank"">Resolutions of the Conflict Mitigation Strategy between Elders from Garissa (Lagdera Sub-County) and Isiolo (Garbatulla Sub-County) Counties attended by National Government Officials together with Building Bridges Initiative at Sportsman’s Arms Hotel, Nanyuki (01/04/2019)</a>, as part of the Kenya peace process.</li><li>There has been a total of 30 agreements in Kenya, since the first agreement was signed in 1993 (<a href=""https://www.peaceagreements.org/agreements/1916/"" target=""_blank"">Al-Fatah Peace Declaration (29/09/1993)</a>), in 3 peace processes (Kenya Local Agreements, Kenya peace process, Kenya-Ethiopia local cross-border talks).</li></ul>",501.0,Kenya,45.0,11.0,0.0,0.0,0.0,0.0,64.0,19.0,0.0,0.0,-8.0,-19.0,0.0,0.0,-42.10526315789473,-29.6875,2026-01-31,404.0,Kenya,901,1413,69,101,53,105,736,1106,-4,16,307,165,-3.8095238095238098,30.18867924528302,27.75768535262206,22.418478260869566,2026-03-31,2.392,165,Kenya ranked 2 out of 165 countries in the Global Peace Index (2025).,130.0,182,Kenya ranked 130 out of 182 countries in the Corruption Perception Index (2025).,"In the current period of analysis (Feb 2026) by the <a href='https://data.humdata.org/dataset/global-acute-food-insecurity-country-data', target='_blank'>IPC</a>, 20% of the population of Kenya are in IPC Phase 3+ (in food crisis), an estimated 3702705 people. 3% (586306 people) are estimated to be in Phase 4 (emergency).","In Kenya there has been a total of 99,950 people displaced, with 38,079 new displacements in 2024 [<a href='https://data.humdata.org/dataset/idmc-internal-displacements-new-displacements-idps', target='_blank'>IDMC</a>].","There are 3 current crises and severity categories listed in the <a href=""https://www.acaps.org/en/thematics/all-topics/inform-severity-index"" target=""_blank"">INFORM Severity Index</a> for Kenya: Drought in ASAL areas of Kenya (High), International displacement to Kenya (Medium), Multiple crises in Kenya (High), as of 27/03/26.",,"<ul><li>In the current period of analysis (Feb 2026) by the <a href='https://data.humdata.org/dataset/global-acute-food-insecurity-country-data', target='_blank'>IPC</a>, 20% of the population of Kenya are in IPC Phase 3+ (in food crisis), an estimated 3702705 people. 3% (586306 people) are estimated to be in Phase 4 (emergency).</li><li>In Kenya there has been a total of 99,950 people displaced, with 38,079 new displacements in 2024 [<a href='https://data.humdata.org/dataset/idmc-internal-displacements-new-displacements-idps', target='_blank'>IDMC</a>].</li><li>There are 3 current crises and severity categories listed in the <a href=""https://www.acaps.org/en/thematics/all-topics/inform-severity-index"" target=""_blank"">INFORM Severity Index</a> for Kenya: Drought in ASAL areas of Kenya (High), International displacement to Kenya (Medium), Multiple crises in Kenya (High), as of 27/03/26.</li></ul>","<ul><li>Kenya ranked 2 out of 165 countries in the Global Peace Index (2025).</li><li>Kenya ranked 130 out of 182 countries in the Corruption Perception Index (2025).</li><li>In the current period of analysis (Feb 2026) by the <a href='https://data.humdata.org/dataset/global-acute-food-insecurity-country-data', target='_blank'>IPC</a>, 20% of the population of Kenya are in IPC Phase 3+ (in food crisis), an estimated 3702705 people. 3% (586306 people) are estimated to be in Phase 4 (emergency).</li><li>In Kenya there has been a total of 99,950 people displaced, with 38,079 new displacements in 2024 [<a href='https://data.humdata.org/dataset/idmc-internal-displacements-new-displacements-idps', target='_blank'>IDMC</a>].</li><li>There are 3 current crises and severity categories listed in the <a href=""https://www.acaps.org/en/thematics/all-topics/inform-severity-index"" target=""_blank"">INFORM Severity Index</a> for Kenya: Drought in ASAL areas of Kenya (High), International displacement to Kenya (Medium), Multiple crises in Kenya (High), as of 27/03/26.</li></ul>"
pax,Kenya,70.0,KEN,501.0,404.0,KEN,2.0,All,https://www.peaceagreements.org/tracker/all,https://www.peaceagreements.org/agreements/search/?search_type=basic-search&countries=70&match_any_issues=True&name=&text=&signed_after=&signed_before=,30,3,"<ul><li>The most recent agreement signed in Kenya was <a href=""https://www.peaceagreements.org/agreements/2316/"" target=""_blank"">Resolutions of the Conflict Mitigation Strategy between Elders from Garissa (Lagdera Sub-County) and Isiolo (Garbatulla Sub-County) Counties attended by National Government Officials together with Building Bridges Initiative at Sportsman’s Arms Hotel, Nanyuki (01/04/2019)</a>, as part of the Kenya peace process.</li><li>There has been a total of 30 agreements in Kenya, since the first agreement was signed in 1993 (<a href=""https://www.peaceagreements.org/agreements/1916/"" target=""_blank"">Al-Fatah Peace Declaration (29/09/1993)</a>), in 3 peace processes (Kenya Local Agreements, Kenya peace process, Kenya-Ethiopia local cross-border talks).</li></ul>",501.0,Kenya,45.0,11.0,0.0,0.0,0.0,0.0,64.0,19.0,0.0,0.0,-8.0,-19.0,0.0,0.0,-42.10526315789473,-29.6875,2026-01-31,404.0,Kenya,901,1413,69,101,53,105,736,1106,-4,16,307,165,-3.8095238095238098,30.18867924528302,27.75768535262206,22.418478260869566,2026-03-31,127.0,165,Kenya ranked 127 out of 165 countries in the Global Peace Index (2025).,130.0,182,Kenya ranked 130 out of 182 countries in the Corruption Perception Index (2025).,"In the current period of analysis (Feb 2026) by the <a href='https://data.humdata.org/dataset/global-acute-food-insecurity-country-data', target='_blank'>IPC</a>, 20% of the population of Kenya are in IPC Phase 3+ (in food crisis), an estimated 3702705 people. 3% (586306 people) are estimated to be in Phase 4 (emergency).","In Kenya there has been a total of 99,950 people displaced, with 38,079 new displacements in 2024 [<a href='https://data.humdata.org/dataset/idmc-internal-displacements-new-displacements-idps', target='_blank'>IDMC</a>].","There are 3 current crises and severity categories listed in the <a href=""https://www.acaps.org/en/thematics/all-topics/inform-severity-index"" target=""_blank"">INFORM Severity Index</a> for Kenya: Drought in ASAL areas of Kenya (High), International displacement to Kenya (Medium), Multiple crises in Kenya (High), as of 27/03/26.",,"<ul><li>In the current period of analysis (Feb 2026) by the <a href='https://data.humdata.org/dataset/global-acute-food-insecurity-country-data', target='_blank'>IPC</a>, 20% of the population of Kenya are in IPC Phase 3+ (in food crisis), an estimated 3702705 people. 3% (586306 people) are estimated to be in Phase 4 (emergency).</li><li>In Kenya there has been a total of 99,950 people displaced, with 38,079 new displacements in 2024 [<a href='https://data.humdata.org/dataset/idmc-internal-displacements-new-displacements-idps', target='_blank'>IDMC</a>].</li><li>There are 3 current crises and severity categories listed in the <a href=""https://www.acaps.org/en/thematics/all-topics/inform-severity-index"" target=""_blank"">INFORM Severity Index</a> for Kenya: Drought in ASAL areas of Kenya (High), International displacement to Kenya (Medium), Multiple crises in Kenya (High), as of 27/03/26.</li></ul>","<ul><li>Kenya ranked 127 out of 165 countries in the Global Peace Index (2025).</li><li>Kenya ranked 130 out of 182 countries in the Corruption Perception Index (2025).</li><li>In the current period of analysis (Feb 2026) by the <a href='https://data.humdata.org/dataset/global-acute-food-insecurity-country-data', target='_blank'>IPC</a>, 20% of the population of Kenya are in IPC Phase 3+ (in food crisis), an estimated 3702705 people. 3% (586306 people) are estimated to be in Phase 4 (emergency).</li><li>In Kenya there has been a total of 99,950 people displaced, with 38,079 new displacements in 2024 [<a href='https://data.humdata.org/dataset/idmc-internal-displacements-new-displacements-idps', target='_blank'>IDMC</a>].</li><li>There are 3 current crises and severity categories listed in the <a href=""https://www.acaps.org/en/thematics/all-topics/inform-severity-index"" target=""_blank"">INFORM Severity Index</a> for Kenya: Drought in ASAL areas of Kenya (High), International displacement to Kenya (Medium), Multiple crises in Kenya (High), as of 27/03/26.</li></ul>"
pax,Kuwait,72.0,KWT,690.0,414.0,KUW,2.0,All,https://www.peaceagreements.org/tracker/all,https://www.peaceagreements.org/agreements/search/?search_type=basic-search&countries=72&match_any_issues=True&name=&text=&signed_after=&signed_before=,1,1,"<ul><li>The most recent agreement signed in Kuwait was <a href=""https://www.peaceagreements.org/agreements/538/"" target=""_blank"">UN Security Council Resolution 687 (03/04/1991)</a>, as part of the Iraq peace process - first Iraq war.</li><li>There has been a total of 1 agreement in Kuwait, since the first agreement was signed in 1991 (<a href=""https://www.peaceagreements.org/agreements/538/"" target=""_blank"">UN Security Council Resolution 687 (03/04/1991)</a>), in 1 peace process (Iraq peace process - first Iraq war).</li></ul>",,,,,,,,,,,,,,,,,,,,414.0,Kuwait,13,67,12,61,1,6,0,0,55,11,67,13,916.6666666666666,1100.0,0.0,0.0,2026-03-31,31.0,165,Kuwait ranked 31 out of 165 countries in the Global Peace Index (2025).,65.0,182,Kuwait ranked 65 out of 182 countries in the Corruption Perception Index (2025).,,,,, ,<ul><li>Kuwait ranked 31 out of 165 countries in the Global Peace Index (2025).</li><li>Kuwait ranked 65 out of 182 countries in the Corruption Perception Index (2025).</li></ul>
pax,Kuwait,72.0,KWT,690.0,414.0,KUW,2.0,All,https://www.peaceagreements.org/tracker/all,https://www.peaceagreements.org/agreements/search/?search_type=basic-search&countries=72&match_any_issues=True&name=&text=&signed_after=&signed_before=,1,1,"<ul><li>The most recent agreement signed in Kuwait was <a href=""https://www.peaceagreements.org/agreements/538/"" target=""_blank"">UN Security Council Resolution 687 (03/04/1991)</a>, as part of the Iraq peace process - first Iraq war.</li><li>There has been a total of 1 agreement in Kuwait, since the first agreement was signed in 1991 (<a href=""https://www.peaceagreements.org/agreements/538/"" target=""_blank"">UN Security Council Resolution 687 (03/04/1991)</a>), in 1 peace process (Iraq peace process - first Iraq war).</li></ul>",,,,,,,,,,,,,,,,,,,,414.0,Kuwait,13,67,12,61,1,6,0,0,55,11,67,13,916.6666666666666,1100.0,0.0,0.0,2026-03-31,1.642,165,Kuwait ranked 1 out of 165 countries in the Global Peace Index (2025).,65.0,182,Kuwait ranked 65 out of 182 countries in the Corruption Perception Index (2025).,,,,, ,<ul><li>Kuwait ranked 1 out of 165 countries in the Global Peace Index (2025).</li><li>Kuwait ranked 65 out of 182 countries in the Corruption Perception Index (2025).</li></ul>
pax,Kyrgyzstan,73.0,KGZ,703.0,417.0,KYR,2.0,All,https://www.peaceagreements.org/tracker/all,https://www.peaceagreements.org/agreements/search/?search_type=basic-search&countries=73&match_any_issues=True&name=&text=&signed_after=&signed_before=,2,1,"<ul><li>The most recent agreement signed in Kyrgyzstan was <a href=""https://www.peaceagreements.org/agreements/2392/"" target=""_blank"">Joint Statement (29/06/2021)</a>, as part of the Kyrgyzstan–Tajikistan Border Process.</li><li>There has been a total of 2 agreements in Kyrgyzstan, since the first agreement was signed in 2021 (<a href=""https://www.peaceagreements.org/agreements/2474/"" target=""_blank"">Joint statements of the Governmental delegations of the Republic of Tajikistan and the Kyrgyz Republic on the delimitation and demarcation of the Tajik-Kyrgyz state border (05/05/2021)</a>), in 1 peace process (Kyrgyzstan–Tajikistan Border Process).</li></ul>",,,,,,,,,,,,,,,,,,,,417.0,Kyrgyzstan,6,41,0,0,0,1,1,39,-1,0,2,5,-100.0,0.0,5.128205128205128,500.0,2026-03-31,1.988,165,Kyrgyz Republic ranked 1 out of 165 countries in the Global Peace Index (2025).,142.0,182,Kyrgyzstan ranked 142 out of 182 countries in the Corruption Perception Index (2025).,,"In Kyrgyzstan, there were no reported displacements in 2024 [<a href='https://data.humdata.org/dataset/idmc-internal-displacements-new-displacements-idps', target='_blank'>IDMC</a>].",,,"<ul><li>In Kyrgyzstan, there were no reported displacements in 2024 [<a href='https://data.humdata.org/dataset/idmc-internal-displacements-new-displacements-idps', target='_blank'>IDMC</a>].</li></ul>","<ul><li>Kyrgyz Republic ranked 1 out of 165 countries in the Global Peace Index (2025).</li><li>Kyrgyzstan ranked 142 out of 182 countries in the Corruption Perception Index (2025).</li><li>In Kyrgyzstan, there were no reported displacements in 2024 [<a href='https://data.humdata.org/dataset/idmc-internal-displacements-new-displacements-idps', target='_blank'>IDMC</a>].</li></ul>"
pax,Kyrgyzstan,73.0,KGZ,703.0,417.0,KYR,2.0,All,https://www.peaceagreements.org/tracker/all,https://www.peaceagreements.org/agreements/search/?search_type=basic-search&countries=73&match_any_issues=True&name=&text=&signed_after=&signed_before=,2,1,"<ul><li>The most recent agreement signed in Kyrgyzstan was <a href=""https://www.peaceagreements.org/agreements/2392/"" target=""_blank"">Joint Statement (29/06/2021)</a>, as part of the Kyrgyzstan–Tajikistan Border Process.</li><li>There has been a total of 2 agreements in Kyrgyzstan, since the first agreement was signed in 2021 (<a href=""https://www.peaceagreements.org/agreements/2474/"" target=""_blank"">Joint statements of the Governmental delegations of the Republic of Tajikistan and the Kyrgyz Republic on the delimitation and demarcation of the Tajik-Kyrgyz state border (05/05/2021)</a>), in 1 peace process (Kyrgyzstan–Tajikistan Border Process).</li></ul>",,,,,,,,,,,,,,,,,,,,417.0,Kyrgyzstan,6,41,0,0,0,1,1,39,-1,0,2,5,-100.0,0.0,5.128205128205128,500.0,2026-03-31,78.0,165,Kyrgyz Republic ranked 78 out of 165 countries in the Global Peace Index (2025).,142.0,182,Kyrgyzstan ranked 142 out of 182 countries in the Corruption Perception Index (2025).,,"In Kyrgyzstan, there were no reported displacements in 2024 [<a href='https://data.humdata.org/dataset/idmc-internal-displacements-new-displacements-idps', target='_blank'>IDMC</a>].",,,"<ul><li>In Kyrgyzstan, there were no reported displacements in 2024 [<a href='https://data.humdata.org/dataset/idmc-internal-displacements-new-displacements-idps', target='_blank'>IDMC</a>].</li></ul>","<ul><li>Kyrgyz Republic ranked 78 out of 165 countries in the Global Peace Index (2025).</li><li>Kyrgyzstan ranked 142 out of 182 countries in the Corruption Perception Index (2025).</li><li>In Kyrgyzstan, there were no reported displacements in 2024 [<a href='https://data.humdata.org/dataset/idmc-internal-displacements-new-displacements-idps', target='_blank'>IDMC</a>].</li></ul>"
pax,Lebanon,74.0,LBN,660.0,422.0,LEB,2.0,All,https://www.peaceagreements.org/tracker/all,https://www.peaceagreements.org/agreements/search/?search_type=basic-search&countries=74&match_any_issues=True&name=&text=&signed_after=&signed_before=,8,3,"<ul><li>The most recent agreement signed in Lebanon was <a href=""https://www.peaceagreements.org/agreements/2663/"" target=""_blank"">Announcement of a Cessation of Hostilities and Related Commitments on Enhanced Security Arrangements and Towards the Implementation of UNSCR 1701 (26/11/2024)</a>, as part of the Israel-Lebanon peace process.</li><li>There has been a total of 8 agreements in Lebanon, since the first agreement was signed in 1991 (<a href=""https://www.peaceagreements.org/agreements/1018/"" target=""_blank"">Treaty for Brotherhood, Cooperation and Coordination (22/05/1991)</a>), in 3 peace processes (Lebanon-Syria conflict resolution process, Lebanon peace process, Israel-Lebanon peace process).</li></ul>",660.0,Lebanon,97.0,64.0,0.0,0.0,0.0,0.0,4250.0,1100.0,0.0,0.0,-1036.0,-4153.0,0.0,0.0,-94.18181818181817,-97.71764705882353,2026-01-31,422.0,Lebanon,1312,4274,965,2354,33,193,3917,11607,2161,932,-7333,-2605,1119.6891191709844,2824.242424242424,-63.17739295252864,-66.50497829971917,2026-03-31,136.0,165,Lebanon ranked 136 out of 165 countries in the Global Peace Index (2025).,153.0,182,Lebanon ranked 153 out of 182 countries in the Corruption Perception Index (2025).,"In the current period of analysis (Oct 2025) by the <a href='https://data.humdata.org/dataset/global-acute-food-insecurity-country-data', target='_blank'>IPC</a>, 17% of the population of Lebanon are in IPC Phase 3+ (in food crisis), an estimated 873739 people. 0% (22497 people) are estimated to be in Phase 4 (emergency).","In Lebanon there has been a total of 984,514 people displaced, with 1,055,662 new displacements in 2024 [<a href='https://data.humdata.org/dataset/idmc-internal-displacements-new-displacements-idps', target='_blank'>IDMC</a>].","There are 2 current crises and severity categories listed in the <a href=""https://www.acaps.org/en/thematics/all-topics/inform-severity-index"" target=""_blank"">INFORM Severity Index</a> for Lebanon: Complex crisis in Lebanon (High), International displacement from Syria to Lebanon (Medium), as of 27/03/26.",,"<ul><li>In the current period of analysis (Oct 2025) by the <a href='https://data.humdata.org/dataset/global-acute-food-insecurity-country-data', target='_blank'>IPC</a>, 17% of the population of Lebanon are in IPC Phase 3+ (in food crisis), an estimated 873739 people. 0% (22497 people) are estimated to be in Phase 4 (emergency).</li><li>In Lebanon there has been a total of 984,514 people displaced, with 1,055,662 new displacements in 2024 [<a href='https://data.humdata.org/dataset/idmc-internal-displacements-new-displacements-idps', target='_blank'>IDMC</a>].</li><li>There are 2 current crises and severity categories listed in the <a href=""https://www.acaps.org/en/thematics/all-topics/inform-severity-index"" target=""_blank"">INFORM Severity Index</a> for Lebanon: Complex crisis in Lebanon (High), International displacement from Syria to Lebanon (Medium), as of 27/03/26.</li></ul>","<ul><li>Lebanon ranked 136 out of 165 countries in the Global Peace Index (2025).</li><li>Lebanon ranked 153 out of 182 countries in the Corruption Perception Index (2025).</li><li>In the current period of analysis (Oct 2025) by the <a href='https://data.humdata.org/dataset/global-acute-food-insecurity-country-data', target='_blank'>IPC</a>, 17% of the population of Lebanon are in IPC Phase 3+ (in food crisis), an estimated 873739 people. 0% (22497 people) are estimated to be in Phase 4 (emergency).</li><li>In Lebanon there has been a total of 984,514 people displaced, with 1,055,662 new displacements in 2024 [<a href='https://data.humdata.org/dataset/idmc-internal-displacements-new-displacements-idps', target='_blank'>IDMC</a>].</li><li>There are 2 current crises and severity categories listed in the <a href=""https://www.acaps.org/en/thematics/all-topics/inform-severity-index"" target=""_blank"">INFORM Severity Index</a> for Lebanon: Complex crisis in Lebanon (High), International displacement from Syria to Lebanon (Medium), as of 27/03/26.</li></ul>"
pax,Lebanon,74.0,LBN,660.0,422.0,LEB,2.0,All,https://www.peaceagreements.org/tracker/all,https://www.peaceagreements.org/agreements/search/?search_type=basic-search&countries=74&match_any_issues=True&name=&text=&signed_after=&signed_before=,8,3,"<ul><li>The most recent agreement signed in Lebanon was <a href=""https://www.peaceagreements.org/agreements/2663/"" target=""_blank"">Announcement of a Cessation of Hostilities and Related Commitments on Enhanced Security Arrangements and Towards the Implementation of UNSCR 1701 (26/11/2024)</a>, as part of the Israel-Lebanon peace process.</li><li>There has been a total of 8 agreements in Lebanon, since the first agreement was signed in 1991 (<a href=""https://www.peaceagreements.org/agreements/1018/"" target=""_blank"">Treaty for Brotherhood, Cooperation and Coordination (22/05/1991)</a>), in 3 peace processes (Lebanon-Syria conflict resolution process, Lebanon peace process, Israel-Lebanon peace process).</li></ul>",660.0,Lebanon,97.0,64.0,0.0,0.0,0.0,0.0,4250.0,1100.0,0.0,0.0,-1036.0,-4153.0,0.0,0.0,-94.18181818181817,-97.71764705882353,2026-01-31,422.0,Lebanon,1312,4274,965,2354,33,193,3917,11607,2161,932,-7333,-2605,1119.6891191709844,2824.242424242424,-63.17739295252864,-66.50497829971917,2026-03-31,2.674,165,Lebanon ranked 2 out of 165 countries in the Global Peace Index (2025).,153.0,182,Lebanon ranked 153 out of 182 countries in the Corruption Perception Index (2025).,"In the current period of analysis (Oct 2025) by the <a href='https://data.humdata.org/dataset/global-acute-food-insecurity-country-data', target='_blank'>IPC</a>, 17% of the population of Lebanon are in IPC Phase 3+ (in food crisis), an estimated 873739 people. 0% (22497 people) are estimated to be in Phase 4 (emergency).","In Lebanon there has been a total of 984,514 people displaced, with 1,055,662 new displacements in 2024 [<a href='https://data.humdata.org/dataset/idmc-internal-displacements-new-displacements-idps', target='_blank'>IDMC</a>].","There are 2 current crises and severity categories listed in the <a href=""https://www.acaps.org/en/thematics/all-topics/inform-severity-index"" target=""_blank"">INFORM Severity Index</a> for Lebanon: Complex crisis in Lebanon (High), International displacement from Syria to Lebanon (Medium), as of 27/03/26.",,"<ul><li>In the current period of analysis (Oct 2025) by the <a href='https://data.humdata.org/dataset/global-acute-food-insecurity-country-data', target='_blank'>IPC</a>, 17% of the population of Lebanon are in IPC Phase 3+ (in food crisis), an estimated 873739 people. 0% (22497 people) are estimated to be in Phase 4 (emergency).</li><li>In Lebanon there has been a total of 984,514 people displaced, with 1,055,662 new displacements in 2024 [<a href='https://data.humdata.org/dataset/idmc-internal-displacements-new-displacements-idps', target='_blank'>IDMC</a>].</li><li>There are 2 current crises and severity categories listed in the <a href=""https://www.acaps.org/en/thematics/all-topics/inform-severity-index"" target=""_blank"">INFORM Severity Index</a> for Lebanon: Complex crisis in Lebanon (High), International displacement from Syria to Lebanon (Medium), as of 27/03/26.</li></ul>","<ul><li>Lebanon ranked 2 out of 165 countries in the Global Peace Index (2025).</li><li>Lebanon ranked 153 out of 182 countries in the Corruption Perception Index (2025).</li><li>In the current period of analysis (Oct 2025) by the <a href='https://data.humdata.org/dataset/global-acute-food-insecurity-country-data', target='_blank'>IPC</a>, 17% of the population of Lebanon are in IPC Phase 3+ (in food crisis), an estimated 873739 people. 0% (22497 people) are estimated to be in Phase 4 (emergency).</li><li>In Lebanon there has been a total of 984,514 people displaced, with 1,055,662 new displacements in 2024 [<a href='https://data.humdata.org/dataset/idmc-internal-displacements-new-displacements-idps', target='_blank'>IDMC</a>].</li><li>There are 2 current crises and severity categories listed in the <a href=""https://www.acaps.org/en/thematics/all-topics/inform-severity-index"" target=""_blank"">INFORM Severity Index</a> for Lebanon: Complex crisis in Lebanon (High), International displacement from Syria to Lebanon (Medium), as of 27/03/26.</li></ul>"
pax,Lesotho,75.0,LSO,570.0,426.0,LES,2.0,All,https://www.peaceagreements.org/tracker/all,https://www.peaceagreements.org/agreements/search/?search_type=basic-search&countries=75&match_any_issues=True&name=&text=&signed_after=&signed_before=,5,1,"<ul><li>The most recent agreement signed in Lesotho was <a href=""https://www.peaceagreements.org/agreements/1661/"" target=""_blank"">The Electoral Pledge (11/12/2014)</a>, as part of the Lesotho process.</li><li>There has been a total of 5 agreements in Lesotho, since the first agreement was signed in 1999 (<a href=""https://www.peaceagreements.org/agreements/1042/"" target=""_blank"">Memorandum of Agreement between the Government of Lesotho and the Interim Political Authority (IPA) (03/12/1999)</a>), in 1 peace process (Lesotho process).</li></ul>",,,,,,,,,,,,,,,,,,,,426.0,Lesotho,0,1,0,0,0,0,2,6,0,0,-5,-2,0.0,0.0,-83.33333333333334,-100.0,2026-03-31,120.0,165,Lesotho ranked 120 out of 165 countries in the Global Peace Index (2025).,99.0,182,Lesotho ranked 99 out of 182 countries in the Corruption Perception Index (2025).,"In the current period of analysis (Mar 2025) by the <a href='https://data.humdata.org/dataset/global-acute-food-insecurity-country-data', target='_blank'>IPC</a>, 17% of the population of Lesotho are in IPC Phase 3+ (in food crisis), an estimated 258331 people.",,"There is 1 current crisis and severity category listed in the <a href=""https://www.acaps.org/en/thematics/all-topics/inform-severity-index"" target=""_blank"">INFORM Severity Index</a> for Lesotho: Drought in Lesotho (Medium), as of 24/03/26.",,"<ul><li>In the current period of analysis (Mar 2025) by the <a href='https://data.humdata.org/dataset/global-acute-food-insecurity-country-data', target='_blank'>IPC</a>, 17% of the population of Lesotho are in IPC Phase 3+ (in food crisis), an estimated 258331 people.</li><li>There is 1 current crisis and severity category listed in the <a href=""https://www.acaps.org/en/thematics/all-topics/inform-severity-index"" target=""_blank"">INFORM Severity Index</a> for Lesotho: Drought in Lesotho (Medium), as of 24/03/26.</li></ul>","<ul><li>Lesotho ranked 120 out of 165 countries in the Global Peace Index (2025).</li><li>Lesotho ranked 99 out of 182 countries in the Corruption Perception Index (2025).</li><li>In the current period of analysis (Mar 2025) by the <a href='https://data.humdata.org/dataset/global-acute-food-insecurity-country-data', target='_blank'>IPC</a>, 17% of the population of Lesotho are in IPC Phase 3+ (in food crisis), an estimated 258331 people.</li><li>There is 1 current crisis and severity category listed in the <a href=""https://www.acaps.org/en/thematics/all-topics/inform-severity-index"" target=""_blank"">INFORM Severity Index</a> for Lesotho: Drought in Lesotho (Medium), as of 24/03/26.</li></ul>"
pax,Lesotho,75.0,LSO,570.0,426.0,LES,2.0,All,https://www.peaceagreements.org/tracker/all,https://www.peaceagreements.org/agreements/search/?search_type=basic-search&countries=75&match_any_issues=True&name=&text=&signed_after=&signed_before=,5,1,"<ul><li>The most recent agreement signed in Lesotho was <a href=""https://www.peaceagreements.org/agreements/1661/"" target=""_blank"">The Electoral Pledge (11/12/2014)</a>, as part of the Lesotho process.</li><li>There has been a total of 5 agreements in Lesotho, since the first agreement was signed in 1999 (<a href=""https://www.peaceagreements.org/agreements/1042/"" target=""_blank"">Memorandum of Agreement between the Government of Lesotho and the Interim Political Authority (IPA) (03/12/1999)</a>), in 1 peace process (Lesotho process).</li></ul>",,,,,,,,,,,,,,,,,,,,426.0,Lesotho,0,1,0,0,0,0,2,6,0,0,-5,-2,0.0,0.0,-83.33333333333334,-100.0,2026-03-31,2.267,165,Lesotho ranked 2 out of 165 countries in the Global Peace Index (2025).,99.0,182,Lesotho ranked 99 out of 182 countries in the Corruption Perception Index (2025).,"In the current period of analysis (Mar 2025) by the <a href='https://data.humdata.org/dataset/global-acute-food-insecurity-country-data', target='_blank'>IPC</a>, 17% of the population of Lesotho are in IPC Phase 3+ (in food crisis), an estimated 258331 people.",,"There is 1 current crisis and severity category listed in the <a href=""https://www.acaps.org/en/thematics/all-topics/inform-severity-index"" target=""_blank"">INFORM Severity Index</a> for Lesotho: Drought in Lesotho (Medium), as of 24/03/26.",,"<ul><li>In the current period of analysis (Mar 2025) by the <a href='https://data.humdata.org/dataset/global-acute-food-insecurity-country-data', target='_blank'>IPC</a>, 17% of the population of Lesotho are in IPC Phase 3+ (in food crisis), an estimated 258331 people.</li><li>There is 1 current crisis and severity category listed in the <a href=""https://www.acaps.org/en/thematics/all-topics/inform-severity-index"" target=""_blank"">INFORM Severity Index</a> for Lesotho: Drought in Lesotho (Medium), as of 24/03/26.</li></ul>","<ul><li>Lesotho ranked 2 out of 165 countries in the Global Peace Index (2025).</li><li>Lesotho ranked 99 out of 182 countries in the Corruption Perception Index (2025).</li><li>In the current period of analysis (Mar 2025) by the <a href='https://data.humdata.org/dataset/global-acute-food-insecurity-country-data', target='_blank'>IPC</a>, 17% of the population of Lesotho are in IPC Phase 3+ (in food crisis), an estimated 258331 people.</li><li>There is 1 current crisis and severity category listed in the <a href=""https://www.acaps.org/en/thematics/all-topics/inform-severity-index"" target=""_blank"">INFORM Severity Index</a> for Lesotho: Drought in Lesotho (Medium), as of 24/03/26.</li></ul>"
pax,Liberia,76.0,LBR,450.0,430.0,LBR,2.0,All,https://www.peaceagreements.org/tracker/all,https://www.peaceagreements.org/agreements/search/?search_type=basic-search&countries=76&match_any_issues=True&name=&text=&signed_after=&signed_before=,30,1,"<ul><li>The most recent agreement signed in Liberia was <a href=""https://www.peaceagreements.org/agreements/338/"" target=""_blank"">Peace Agreement between the Government of Liberia, the Liberians United for Reconciliation and Democracy (LURD), the Movement of Democracy in Liberia (MODEL) and the Political Parties (Accra Agreement) (18/08/2003)</a>, as part of the Liberia peace process.</li><li>There has been a total of 30 agreements in Liberia, since the first agreement was signed in 1990 (<a href=""https://www.peaceagreements.org/agreements/1305/"" target=""_blank"">Decision A/DEC.1/8/90 on the Ceasefire and Establishment of an ECOWAS Ceasefire Monitoring Group for Liberia (ECOWAS Peace Plan) (07/08/1990)</a>), in 1 peace process (Liberia peace process).</li></ul>",,,,,,,,,,,,,,,,,,,,430.0,Liberia,19,29,0,2,0,2,7,14,0,0,15,12,0.0,0.0,107.14285714285714,171.42857142857142,2026-03-31,70.0,165,Liberia ranked 70 out of 165 countries in the Global Peace Index (2025).,136.0,182,Liberia ranked 136 out of 182 countries in the Corruption Perception Index (2025).,"In the current period of analysis (Nov 2025) by the <a href='https://data.humdata.org/dataset/global-acute-food-insecurity-country-data', target='_blank'>IPC</a>, 7% of the population of Liberia are in IPC Phase 3+ (in food crisis), an estimated 418213 people.",,,,"<ul><li>In the current period of analysis (Nov 2025) by the <a href='https://data.humdata.org/dataset/global-acute-food-insecurity-country-data', target='_blank'>IPC</a>, 7% of the population of Liberia are in IPC Phase 3+ (in food crisis), an estimated 418213 people.</li></ul>","<ul><li>Liberia ranked 70 out of 165 countries in the Global Peace Index (2025).</li><li>Liberia ranked 136 out of 182 countries in the Corruption Perception Index (2025).</li><li>In the current period of analysis (Nov 2025) by the <a href='https://data.humdata.org/dataset/global-acute-food-insecurity-country-data', target='_blank'>IPC</a>, 7% of the population of Liberia are in IPC Phase 3+ (in food crisis), an estimated 418213 people.</li></ul>"
pax,Liberia,76.0,LBR,450.0,430.0,LBR,2.0,All,https://www.peaceagreements.org/tracker/all,https://www.peaceagreements.org/agreements/search/?search_type=basic-search&countries=76&match_any_issues=True&name=&text=&signed_after=&signed_before=,30,1,"<ul><li>The most recent agreement signed in Liberia was <a href=""https://www.peaceagreements.org/agreements/338/"" target=""_blank"">Peace Agreement between the Government of Liberia, the Liberians United for Reconciliation and Democracy (LURD), the Movement of Democracy in Liberia (MODEL) and the Political Parties (Accra Agreement) (18/08/2003)</a>, as part of the Liberia peace process.</li><li>There has been a total of 30 agreements in Liberia, since the first agreement was signed in 1990 (<a href=""https://www.peaceagreements.org/agreements/1305/"" target=""_blank"">Decision A/DEC.1/8/90 on the Ceasefire and Establishment of an ECOWAS Ceasefire Monitoring Group for Liberia (ECOWAS Peace Plan) (07/08/1990)</a>), in 1 peace process (Liberia peace process).</li></ul>",,,,,,,,,,,,,,,,,,,,430.0,Liberia,19,29,0,2,0,2,7,14,0,0,15,12,0.0,0.0,107.14285714285714,171.42857142857142,2026-03-31,1.939,165,Liberia ranked 1 out of 165 countries in the Global Peace Index (2025).,136.0,182,Liberia ranked 136 out of 182 countries in the Corruption Perception Index (2025).,"In the current period of analysis (Nov 2025) by the <a href='https://data.humdata.org/dataset/global-acute-food-insecurity-country-data', target='_blank'>IPC</a>, 7% of the population of Liberia are in IPC Phase 3+ (in food crisis), an estimated 418213 people.",,,,"<ul><li>In the current period of analysis (Nov 2025) by the <a href='https://data.humdata.org/dataset/global-acute-food-insecurity-country-data', target='_blank'>IPC</a>, 7% of the population of Liberia are in IPC Phase 3+ (in food crisis), an estimated 418213 people.</li></ul>","<ul><li>Liberia ranked 1 out of 165 countries in the Global Peace Index (2025).</li><li>Liberia ranked 136 out of 182 countries in the Corruption Perception Index (2025).</li><li>In the current period of analysis (Nov 2025) by the <a href='https://data.humdata.org/dataset/global-acute-food-insecurity-country-data', target='_blank'>IPC</a>, 7% of the population of Liberia are in IPC Phase 3+ (in food crisis), an estimated 418213 people.</li></ul>"
pax,Libya,77.0,LBY,620.0,434.0,LIB,1.0,Libya,https://www.peaceagreements.org/tracker/libya,https://www.peaceagreements.org/agreements/search/?search_type=basic-search&countries=77&match_any_issues=True&name=&text=&signed_after=&signed_before=,51,4,"<ul><li>The most recent agreement signed in Libya was <a href=""https://www.peaceagreements.org/agreements/2540/"" target=""_blank"">STATEMENT BY THE 5+5 JOINT MILITARY COMMISSION (JMC) MEETING WITH MILITARY AND SECURITY LEADERS IN BENGHAZI (07/04/2023)</a>, as part of the Libyan peace process.</li><li>There has been a total of 51 agreements in Libya, since the first agreement was signed in 1994 (<a href=""https://www.peaceagreements.org/agreements/237/"" target=""_blank"">Agreement between the Great Socialist People's Libyan Arab Jamahariya and the Rep of Chad concerning the practical modalitities for the implementation of the Judgment delivered by the International Court of Justice on 3 February 1994 (04/04/1994)</a>), in 4 peace processes (Libyan transitional process, Libyan local processes, Libyan peace process, Chad-Libya border peace process).</li></ul>",,,,,,,,,,,,,,,,,,,,434.0,Libya,263,351,14,19,24,24,195,261,-5,-10,90,68,-20.833333333333336,-41.66666666666667,34.48275862068966,34.87179487179487,2026-03-31,2.478,165,Libya ranked 2 out of 165 countries in the Global Peace Index (2025).,177.0,182,Libya ranked 177 out of 182 countries in the Corruption Perception Index (2025).,,"In Libya there has been a total of 107,203 people displaced, with 336 new displacements in 2024 [<a href='https://data.humdata.org/dataset/idmc-internal-displacements-new-displacements-idps', target='_blank'>IDMC</a>].","There are 3 current crises and severity categories listed in the <a href=""https://www.acaps.org/en/thematics/all-topics/inform-severity-index"" target=""_blank"">INFORM Severity Index</a> for Libya: Displacement from Sudan to Libya (High), International displacement to Libya (High), Multiple crises in Libya (High), as of 30/03/26.","Libya is one of 12 focus countries in the UK's WPS <a href='https://assets.publishing.service.gov.uk/government/uploads/system/uploads/attachment_data/file/1156085/uk-women-peace-security-national-action-plan-2023-2027.pdf', target='_blank'>National Action Plan</a> for 2023-2027. ","<ul><li>In Libya there has been a total of 107,203 people displaced, with 336 new displacements in 2024 [<a href='https://data.humdata.org/dataset/idmc-internal-displacements-new-displacements-idps', target='_blank'>IDMC</a>].</li><li>There are 3 current crises and severity categories listed in the <a href=""https://www.acaps.org/en/thematics/all-topics/inform-severity-index"" target=""_blank"">INFORM Severity Index</a> for Libya: Displacement from Sudan to Libya (High), International displacement to Libya (High), Multiple crises in Libya (High), as of 30/03/26.</li><li>Libya is one of 12 focus countries in the UK's WPS <a href='https://assets.publishing.service.gov.uk/government/uploads/system/uploads/attachment_data/file/1156085/uk-women-peace-security-national-action-plan-2023-2027.pdf', target='_blank'>National Action Plan</a> for 2023-2027.</li></ul>","<ul><li>Libya ranked 2 out of 165 countries in the Global Peace Index (2025).</li><li>Libya ranked 177 out of 182 countries in the Corruption Perception Index (2025).</li><li>In Libya there has been a total of 107,203 people displaced, with 336 new displacements in 2024 [<a href='https://data.humdata.org/dataset/idmc-internal-displacements-new-displacements-idps', target='_blank'>IDMC</a>].</li><li>There are 3 current crises and severity categories listed in the <a href=""https://www.acaps.org/en/thematics/all-topics/inform-severity-index"" target=""_blank"">INFORM Severity Index</a> for Libya: Displacement from Sudan to Libya (High), International displacement to Libya (High), Multiple crises in Libya (High), as of 30/03/26.</li><li>Libya is one of 12 focus countries in the UK's WPS <a href='https://assets.publishing.service.gov.uk/government/uploads/system/uploads/attachment_data/file/1156085/uk-women-peace-security-national-action-plan-2023-2027.pdf', target='_blank'>National Action Plan</a> for 2023-2027.</li></ul>"
pax,Libya,77.0,LBY,620.0,434.0,LIB,1.0,Libya,https://www.peaceagreements.org/tracker/libya,https://www.peaceagreements.org/agreements/search/?search_type=basic-search&countries=77&match_any_issues=True&name=&text=&signed_after=&signed_before=,51,4,"<ul><li>The most recent agreement signed in Libya was <a href=""https://www.peaceagreements.org/agreements/2540/"" target=""_blank"">STATEMENT BY THE 5+5 JOINT MILITARY COMMISSION (JMC) MEETING WITH MILITARY AND SECURITY LEADERS IN BENGHAZI (07/04/2023)</a>, as part of the Libyan peace process.</li><li>There has been a total of 51 agreements in Libya, since the first agreement was signed in 1994 (<a href=""https://www.peaceagreements.org/agreements/237/"" target=""_blank"">Agreement between the Great Socialist People's Libyan Arab Jamahariya and the Rep of Chad concerning the practical modalitities for the implementation of the Judgment delivered by the International Court of Justice on 3 February 1994 (04/04/1994)</a>), in 4 peace processes (Libyan transitional process, Libyan local processes, Libyan peace process, Chad-Libya border peace process).</li></ul>",,,,,,,,,,,,,,,,,,,,434.0,Libya,263,351,14,19,24,24,195,261,-5,-10,90,68,-20.833333333333336,-41.66666666666667,34.48275862068966,34.87179487179487,2026-03-31,131.0,165,Libya ranked 131 out of 165 countries in the Global Peace Index (2025).,177.0,182,Libya ranked 177 out of 182 countries in the Corruption Perception Index (2025).,,"In Libya there has been a total of 107,203 people displaced, with 336 new displacements in 2024 [<a href='https://data.humdata.org/dataset/idmc-internal-displacements-new-displacements-idps', target='_blank'>IDMC</a>].","There are 3 current crises and severity categories listed in the <a href=""https://www.acaps.org/en/thematics/all-topics/inform-severity-index"" target=""_blank"">INFORM Severity Index</a> for Libya: Displacement from Sudan to Libya (High), International displacement to Libya (High), Multiple crises in Libya (High), as of 30/03/26.","Libya is one of 12 focus countries in the UK's WPS <a href='https://assets.publishing.service.gov.uk/government/uploads/system/uploads/attachment_data/file/1156085/uk-women-peace-security-national-action-plan-2023-2027.pdf', target='_blank'>National Action Plan</a> for 2023-2027. ","<ul><li>In Libya there has been a total of 107,203 people displaced, with 336 new displacements in 2024 [<a href='https://data.humdata.org/dataset/idmc-internal-displacements-new-displacements-idps', target='_blank'>IDMC</a>].</li><li>There are 3 current crises and severity categories listed in the <a href=""https://www.acaps.org/en/thematics/all-topics/inform-severity-index"" target=""_blank"">INFORM Severity Index</a> for Libya: Displacement from Sudan to Libya (High), International displacement to Libya (High), Multiple crises in Libya (High), as of 30/03/26.</li><li>Libya is one of 12 focus countries in the UK's WPS <a href='https://assets.publishing.service.gov.uk/government/uploads/system/uploads/attachment_data/file/1156085/uk-women-peace-security-national-action-plan-2023-2027.pdf', target='_blank'>National Action Plan</a> for 2023-2027.</li></ul>","<ul><li>Libya ranked 131 out of 165 countries in the Global Peace Index (2025).</li><li>Libya ranked 177 out of 182 countries in the Corruption Perception Index (2025).</li><li>In Libya there has been a total of 107,203 people displaced, with 336 new displacements in 2024 [<a href='https://data.humdata.org/dataset/idmc-internal-displacements-new-displacements-idps', target='_blank'>IDMC</a>].</li><li>There are 3 current crises and severity categories listed in the <a href=""https://www.acaps.org/en/thematics/all-topics/inform-severity-index"" target=""_blank"">INFORM Severity Index</a> for Libya: Displacement from Sudan to Libya (High), International displacement to Libya (High), Multiple crises in Libya (High), as of 30/03/26.</li><li>Libya is one of 12 focus countries in the UK's WPS <a href='https://assets.publishing.service.gov.uk/government/uploads/system/uploads/attachment_data/file/1156085/uk-women-peace-security-national-action-plan-2023-2027.pdf', target='_blank'>National Action Plan</a> for 2023-2027.</li></ul>"
pax,Macedonia,78.0,MKD,343.0,807.0,MAC,2.0,All,https://www.peaceagreements.org/tracker/all,https://www.peaceagreements.org/agreements/search/?search_type=basic-search&countries=78&match_any_issues=True&name=&text=&signed_after=&signed_before=,1,1,"<ul><li>The most recent agreement signed in Macedonia was <a href=""https://www.peaceagreements.org/agreements/381/"" target=""_blank"">Framework Agreement (The Ohrid Agreement) (13/08/2001)</a>, as part of the Macedonia peace process.</li><li>There has been a total of 1 agreement in Macedonia, since the first agreement was signed in 2001 (<a href=""https://www.peaceagreements.org/agreements/381/"" target=""_blank"">Framework Agreement (The Ohrid Agreement) (13/08/2001)</a>), in 1 peace process (Macedonia peace process).</li></ul>",,,,,,,,,,,,,,,,,,,,807.0,North Macedonia,0,4,0,0,0,0,0,3,0,0,1,0,0.0,0.0,33.33333333333333,0.0,2026-03-31,51.0,165,North Macedonia ranked 51 out of 165 countries in the Global Peace Index (2025).,84.0,182,North Macedonia ranked 84 out of 182 countries in the Corruption Perception Index (2025).,,"In North Macedonia, there were no reported displacements in 2024 [<a href='https://data.humdata.org/dataset/idmc-internal-displacements-new-displacements-idps', target='_blank'>IDMC</a>].",,,"<ul><li>In North Macedonia, there were no reported displacements in 2024 [<a href='https://data.humdata.org/dataset/idmc-internal-displacements-new-displacements-idps', target='_blank'>IDMC</a>].</li></ul>","<ul><li>North Macedonia ranked 51 out of 165 countries in the Global Peace Index (2025).</li><li>North Macedonia ranked 84 out of 182 countries in the Corruption Perception Index (2025).</li><li>In North Macedonia, there were no reported displacements in 2024 [<a href='https://data.humdata.org/dataset/idmc-internal-displacements-new-displacements-idps', target='_blank'>IDMC</a>].</li></ul>"
pax,Macedonia,78.0,MKD,343.0,807.0,MAC,2.0,All,https://www.peaceagreements.org/tracker/all,https://www.peaceagreements.org/agreements/search/?search_type=basic-search&countries=78&match_any_issues=True&name=&text=&signed_after=&signed_before=,1,1,"<ul><li>The most recent agreement signed in Macedonia was <a href=""https://www.peaceagreements.org/agreements/381/"" target=""_blank"">Framework Agreement (The Ohrid Agreement) (13/08/2001)</a>, as part of the Macedonia peace process.</li><li>There has been a total of 1 agreement in Macedonia, since the first agreement was signed in 2001 (<a href=""https://www.peaceagreements.org/agreements/381/"" target=""_blank"">Framework Agreement (The Ohrid Agreement) (13/08/2001)</a>), in 1 peace process (Macedonia peace process).</li></ul>",,,,,,,,,,,,,,,,,,,,807.0,North Macedonia,0,4,0,0,0,0,0,3,0,0,1,0,0.0,0.0,33.33333333333333,0.0,2026-03-31,1.799,165,North Macedonia ranked 1 out of 165 countries in the Global Peace Index (2025).,84.0,182,North Macedonia ranked 84 out of 182 countries in the Corruption Perception Index (2025).,,"In North Macedonia, there were no reported displacements in 2024 [<a href='https://data.humdata.org/dataset/idmc-internal-displacements-new-displacements-idps', target='_blank'>IDMC</a>].",,,"<ul><li>In North Macedonia, there were no reported displacements in 2024 [<a href='https://data.humdata.org/dataset/idmc-internal-displacements-new-displacements-idps', target='_blank'>IDMC</a>].</li></ul>","<ul><li>North Macedonia ranked 1 out of 165 countries in the Global Peace Index (2025).</li><li>North Macedonia ranked 84 out of 182 countries in the Corruption Perception Index (2025).</li><li>In North Macedonia, there were no reported displacements in 2024 [<a href='https://data.humdata.org/dataset/idmc-internal-displacements-new-displacements-idps', target='_blank'>IDMC</a>].</li></ul>"
pax,Madagascar,79.0,MDG,580.0,450.0,MAG,2.0,All,https://www.peaceagreements.org/tracker/all,https://www.peaceagreements.org/agreements/search/?search_type=basic-search&countries=79&match_any_issues=True&name=&text=&signed_after=&signed_before=,11,1,"<ul><li>The most recent agreement signed in Madagascar was <a href=""https://www.peaceagreements.org/agreements/768/"" target=""_blank"">Roadmap for Ending the Crisis in Madagascar - Commitments by Malagasy Political Stakeholders (13/09/2011)</a>, as part of the Madagascar peace process.</li><li>There has been a total of 11 agreements in Madagascar, since the first agreement was signed in 2002 (<a href=""https://www.peaceagreements.org/agreements/2048/"" target=""_blank"">Accord (Dakar I) (18/04/2002)</a>), in 1 peace process (Madagascar peace process).</li></ul>",,,,,,,,,,,,,,,,,,,,450.0,Madagascar,234,275,11,16,15,14,416,439,2,-4,-164,-182,14.285714285714285,-26.666666666666668,-37.357630979498865,-43.75,2026-03-31,60.0,165,Madagascar ranked 60 out of 165 countries in the Global Peace Index (2025).,148.0,182,Madagascar ranked 148 out of 182 countries in the Corruption Perception Index (2025).,"In the current period of analysis (Dec 2025) by the <a href='https://data.humdata.org/dataset/global-acute-food-insecurity-country-data', target='_blank'>IPC</a>, 17% of the population of Madagascar are in IPC Phase 3+ (in food crisis), an estimated 1573101 people. 1% (84417 people) are estimated to be in Phase 4 (emergency).","In Madagascar there has been a total of 182 people displaced, with 182 new displacements in 2024 [<a href='https://data.humdata.org/dataset/idmc-internal-displacements-new-displacements-idps', target='_blank'>IDMC</a>].","There are 3 current crises and severity categories listed in the <a href=""https://www.acaps.org/en/thematics/all-topics/inform-severity-index"" target=""_blank"">INFORM Severity Index</a> for Madagascar: 2026 Rainy and Cyclone season in Madagascar (Medium), Drought in Southern Madagascar (Medium), Multiple crisis in Madagascar (High), as of 31/03/26.",,"<ul><li>In the current period of analysis (Dec 2025) by the <a href='https://data.humdata.org/dataset/global-acute-food-insecurity-country-data', target='_blank'>IPC</a>, 17% of the population of Madagascar are in IPC Phase 3+ (in food crisis), an estimated 1573101 people. 1% (84417 people) are estimated to be in Phase 4 (emergency).</li><li>In Madagascar there has been a total of 182 people displaced, with 182 new displacements in 2024 [<a href='https://data.humdata.org/dataset/idmc-internal-displacements-new-displacements-idps', target='_blank'>IDMC</a>].</li><li>There are 3 current crises and severity categories listed in the <a href=""https://www.acaps.org/en/thematics/all-topics/inform-severity-index"" target=""_blank"">INFORM Severity Index</a> for Madagascar: 2026 Rainy and Cyclone season in Madagascar (Medium), Drought in Southern Madagascar (Medium), Multiple crisis in Madagascar (High), as of 31/03/26.</li></ul>","<ul><li>Madagascar ranked 60 out of 165 countries in the Global Peace Index (2025).</li><li>Madagascar ranked 148 out of 182 countries in the Corruption Perception Index (2025).</li><li>In the current period of analysis (Dec 2025) by the <a href='https://data.humdata.org/dataset/global-acute-food-insecurity-country-data', target='_blank'>IPC</a>, 17% of the population of Madagascar are in IPC Phase 3+ (in food crisis), an estimated 1573101 people. 1% (84417 people) are estimated to be in Phase 4 (emergency).</li><li>In Madagascar there has been a total of 182 people displaced, with 182 new displacements in 2024 [<a href='https://data.humdata.org/dataset/idmc-internal-displacements-new-displacements-idps', target='_blank'>IDMC</a>].</li><li>There are 3 current crises and severity categories listed in the <a href=""https://www.acaps.org/en/thematics/all-topics/inform-severity-index"" target=""_blank"">INFORM Severity Index</a> for Madagascar: 2026 Rainy and Cyclone season in Madagascar (Medium), Drought in Southern Madagascar (Medium), Multiple crisis in Madagascar (High), as of 31/03/26.</li></ul>"
pax,Madagascar,79.0,MDG,580.0,450.0,MAG,2.0,All,https://www.peaceagreements.org/tracker/all,https://www.peaceagreements.org/agreements/search/?search_type=basic-search&countries=79&match_any_issues=True&name=&text=&signed_after=&signed_before=,11,1,"<ul><li>The most recent agreement signed in Madagascar was <a href=""https://www.peaceagreements.org/agreements/768/"" target=""_blank"">Roadmap for Ending the Crisis in Madagascar - Commitments by Malagasy Political Stakeholders (13/09/2011)</a>, as part of the Madagascar peace process.</li><li>There has been a total of 11 agreements in Madagascar, since the first agreement was signed in 2002 (<a href=""https://www.peaceagreements.org/agreements/2048/"" target=""_blank"">Accord (Dakar I) (18/04/2002)</a>), in 1 peace process (Madagascar peace process).</li></ul>",,,,,,,,,,,,,,,,,,,,450.0,Madagascar,234,275,11,16,15,14,416,439,2,-4,-164,-182,14.285714285714285,-26.666666666666668,-37.357630979498865,-43.75,2026-03-31,1.895,165,Madagascar ranked 1 out of 165 countries in the Global Peace Index (2025).,148.0,182,Madagascar ranked 148 out of 182 countries in the Corruption Perception Index (2025).,"In the current period of analysis (Dec 2025) by the <a href='https://data.humdata.org/dataset/global-acute-food-insecurity-country-data', target='_blank'>IPC</a>, 17% of the population of Madagascar are in IPC Phase 3+ (in food crisis), an estimated 1573101 people. 1% (84417 people) are estimated to be in Phase 4 (emergency).","In Madagascar there has been a total of 182 people displaced, with 182 new displacements in 2024 [<a href='https://data.humdata.org/dataset/idmc-internal-displacements-new-displacements-idps', target='_blank'>IDMC</a>].","There are 3 current crises and severity categories listed in the <a href=""https://www.acaps.org/en/thematics/all-topics/inform-severity-index"" target=""_blank"">INFORM Severity Index</a> for Madagascar: 2026 Rainy and Cyclone season in Madagascar (Medium), Drought in Southern Madagascar (Medium), Multiple crisis in Madagascar (High), as of 31/03/26.",,"<ul><li>In the current period of analysis (Dec 2025) by the <a href='https://data.humdata.org/dataset/global-acute-food-insecurity-country-data', target='_blank'>IPC</a>, 17% of the population of Madagascar are in IPC Phase 3+ (in food crisis), an estimated 1573101 people. 1% (84417 people) are estimated to be in Phase 4 (emergency).</li><li>In Madagascar there has been a total of 182 people displaced, with 182 new displacements in 2024 [<a href='https://data.humdata.org/dataset/idmc-internal-displacements-new-displacements-idps', target='_blank'>IDMC</a>].</li><li>There are 3 current crises and severity categories listed in the <a href=""https://www.acaps.org/en/thematics/all-topics/inform-severity-index"" target=""_blank"">INFORM Severity Index</a> for Madagascar: 2026 Rainy and Cyclone season in Madagascar (Medium), Drought in Southern Madagascar (Medium), Multiple crisis in Madagascar (High), as of 31/03/26.</li></ul>","<ul><li>Madagascar ranked 1 out of 165 countries in the Global Peace Index (2025).</li><li>Madagascar ranked 148 out of 182 countries in the Corruption Perception Index (2025).</li><li>In the current period of analysis (Dec 2025) by the <a href='https://data.humdata.org/dataset/global-acute-food-insecurity-country-data', target='_blank'>IPC</a>, 17% of the population of Madagascar are in IPC Phase 3+ (in food crisis), an estimated 1573101 people. 1% (84417 people) are estimated to be in Phase 4 (emergency).</li><li>In Madagascar there has been a total of 182 people displaced, with 182 new displacements in 2024 [<a href='https://data.humdata.org/dataset/idmc-internal-displacements-new-displacements-idps', target='_blank'>IDMC</a>].</li><li>There are 3 current crises and severity categories listed in the <a href=""https://www.acaps.org/en/thematics/all-topics/inform-severity-index"" target=""_blank"">INFORM Severity Index</a> for Madagascar: 2026 Rainy and Cyclone season in Madagascar (Medium), Drought in Southern Madagascar (Medium), Multiple crisis in Madagascar (High), as of 31/03/26.</li></ul>"
pax,Mali,82.0,MLI,432.0,466.0,MLI,2.0,All,https://www.peaceagreements.org/tracker/all,https://www.peaceagreements.org/agreements/search/?search_type=basic-search&countries=82&match_any_issues=True&name=&text=&signed_after=&signed_before=,43,3,"<ul><li>The most recent agreement signed in Mali was <a href=""https://www.peaceagreements.org/agreements/2696/"" target=""_blank"">Pacte d’Honneur pour l’Unite du Peuple de Azawad (30/11/2024)</a>, as part of the Mali-Azawad Inter-Azawad peace process.</li><li>There has been a total of 43 agreements in Mali, since the first agreement was signed in 1991 (<a href=""https://www.peaceagreements.org/agreements/206/"" target=""_blank"">Accord sur la cessation des hostilities entre le Gouvernement de la Republique du Mali d'une part, et le Mouvement Populaire de l'Azaouad et le Front Islamique Arabe d'autre part (Accords de Tamanrasset) (06/01/1991)</a>), in 3 peace processes (Mali-Azawad Inter-Azawad peace process, Mali Local Processes, Mali - Niger: local agreements in border areas).</li></ul>",432.0,Mali,1280.0,207.0,85.0,13.0,0.0,0.0,1977.0,460.0,0.0,0.0,-253.0,-697.0,0.0,0.0,-55.00000000000001,-35.25543753161355,2026-01-31,466.0,Mali,3868,1558,274,105,318,105,4077,1445,0,-44,113,-209,0.0,-13.836477987421384,7.82006920415225,-5.126318371351484,2026-03-31,3.061,165,Mali ranked 3 out of 165 countries in the Global Peace Index (2025).,136.0,182,Mali ranked 136 out of 182 countries in the Corruption Perception Index (2025).,"In the current period of analysis (Nov 2025) by the <a href='https://data.humdata.org/dataset/global-acute-food-insecurity-country-data', target='_blank'>IPC</a>, 3% of the population of Mali are in IPC Phase 3+ (in food crisis), an estimated 855640 people. 0% (30817 people) are estimated to be in Phase 4 (emergency).","In Mali there has been a total of 360,591 people displaced, with 130,600 new displacements in 2024 [<a href='https://data.humdata.org/dataset/idmc-internal-displacements-new-displacements-idps', target='_blank'>IDMC</a>].","There is 1 current crisis and severity category listed in the <a href=""https://www.acaps.org/en/thematics/all-topics/inform-severity-index"" target=""_blank"">INFORM Severity Index</a> for Mali: Complex crisis in Mali (Very High), as of 23/03/26.",,"<ul><li>In the current period of analysis (Nov 2025) by the <a href='https://data.humdata.org/dataset/global-acute-food-insecurity-country-data', target='_blank'>IPC</a>, 3% of the population of Mali are in IPC Phase 3+ (in food crisis), an estimated 855640 people. 0% (30817 people) are estimated to be in Phase 4 (emergency).</li><li>In Mali there has been a total of 360,591 people displaced, with 130,600 new displacements in 2024 [<a href='https://data.humdata.org/dataset/idmc-internal-displacements-new-displacements-idps', target='_blank'>IDMC</a>].</li><li>There is 1 current crisis and severity category listed in the <a href=""https://www.acaps.org/en/thematics/all-topics/inform-severity-index"" target=""_blank"">INFORM Severity Index</a> for Mali: Complex crisis in Mali (Very High), as of 23/03/26.</li></ul>","<ul><li>Mali ranked 3 out of 165 countries in the Global Peace Index (2025).</li><li>Mali ranked 136 out of 182 countries in the Corruption Perception Index (2025).</li><li>In the current period of analysis (Nov 2025) by the <a href='https://data.humdata.org/dataset/global-acute-food-insecurity-country-data', target='_blank'>IPC</a>, 3% of the population of Mali are in IPC Phase 3+ (in food crisis), an estimated 855640 people. 0% (30817 people) are estimated to be in Phase 4 (emergency).</li><li>In Mali there has been a total of 360,591 people displaced, with 130,600 new displacements in 2024 [<a href='https://data.humdata.org/dataset/idmc-internal-displacements-new-displacements-idps', target='_blank'>IDMC</a>].</li><li>There is 1 current crisis and severity category listed in the <a href=""https://www.acaps.org/en/thematics/all-topics/inform-severity-index"" target=""_blank"">INFORM Severity Index</a> for Mali: Complex crisis in Mali (Very High), as of 23/03/26.</li></ul>"
pax,Mali,82.0,MLI,432.0,466.0,MLI,2.0,All,https://www.peaceagreements.org/tracker/all,https://www.peaceagreements.org/agreements/search/?search_type=basic-search&countries=82&match_any_issues=True&name=&text=&signed_after=&signed_before=,43,3,"<ul><li>The most recent agreement signed in Mali was <a href=""https://www.peaceagreements.org/agreements/2696/"" target=""_blank"">Pacte d’Honneur pour l’Unite du Peuple de Azawad (30/11/2024)</a>, as part of the Mali-Azawad Inter-Azawad peace process.</li><li>There has been a total of 43 agreements in Mali, since the first agreement was signed in 1991 (<a href=""https://www.peaceagreements.org/agreements/206/"" target=""_blank"">Accord sur la cessation des hostilities entre le Gouvernement de la Republique du Mali d'une part, et le Mouvement Populaire de l'Azaouad et le Front Islamique Arabe d'autre part (Accords de Tamanrasset) (06/01/1991)</a>), in 3 peace processes (Mali-Azawad Inter-Azawad peace process, Mali Local Processes, Mali - Niger: local agreements in border areas).</li></ul>",432.0,Mali,1280.0,207.0,85.0,13.0,0.0,0.0,1977.0,460.0,0.0,0.0,-253.0,-697.0,0.0,0.0,-55.00000000000001,-35.25543753161355,2026-01-31,466.0,Mali,3868,1558,274,105,318,105,4077,1445,0,-44,113,-209,0.0,-13.836477987421384,7.82006920415225,-5.126318371351484,2026-03-31,154.0,165,Mali ranked 154 out of 165 countries in the Global Peace Index (2025).,136.0,182,Mali ranked 136 out of 182 countries in the Corruption Perception Index (2025).,"In the current period of analysis (Nov 2025) by the <a href='https://data.humdata.org/dataset/global-acute-food-insecurity-country-data', target='_blank'>IPC</a>, 3% of the population of Mali are in IPC Phase 3+ (in food crisis), an estimated 855640 people. 0% (30817 people) are estimated to be in Phase 4 (emergency).","In Mali there has been a total of 360,591 people displaced, with 130,600 new displacements in 2024 [<a href='https://data.humdata.org/dataset/idmc-internal-displacements-new-displacements-idps', target='_blank'>IDMC</a>].","There is 1 current crisis and severity category listed in the <a href=""https://www.acaps.org/en/thematics/all-topics/inform-severity-index"" target=""_blank"">INFORM Severity Index</a> for Mali: Complex crisis in Mali (Very High), as of 23/03/26.",,"<ul><li>In the current period of analysis (Nov 2025) by the <a href='https://data.humdata.org/dataset/global-acute-food-insecurity-country-data', target='_blank'>IPC</a>, 3% of the population of Mali are in IPC Phase 3+ (in food crisis), an estimated 855640 people. 0% (30817 people) are estimated to be in Phase 4 (emergency).</li><li>In Mali there has been a total of 360,591 people displaced, with 130,600 new displacements in 2024 [<a href='https://data.humdata.org/dataset/idmc-internal-displacements-new-displacements-idps', target='_blank'>IDMC</a>].</li><li>There is 1 current crisis and severity category listed in the <a href=""https://www.acaps.org/en/thematics/all-topics/inform-severity-index"" target=""_blank"">INFORM Severity Index</a> for Mali: Complex crisis in Mali (Very High), as of 23/03/26.</li></ul>","<ul><li>Mali ranked 154 out of 165 countries in the Global Peace Index (2025).</li><li>Mali ranked 136 out of 182 countries in the Corruption Perception Index (2025).</li><li>In the current period of analysis (Nov 2025) by the <a href='https://data.humdata.org/dataset/global-acute-food-insecurity-country-data', target='_blank'>IPC</a>, 3% of the population of Mali are in IPC Phase 3+ (in food crisis), an estimated 855640 people. 0% (30817 people) are estimated to be in Phase 4 (emergency).</li><li>In Mali there has been a total of 360,591 people displaced, with 130,600 new displacements in 2024 [<a href='https://data.humdata.org/dataset/idmc-internal-displacements-new-displacements-idps', target='_blank'>IDMC</a>].</li><li>There is 1 current crisis and severity category listed in the <a href=""https://www.acaps.org/en/thematics/all-topics/inform-severity-index"" target=""_blank"">INFORM Severity Index</a> for Mali: Complex crisis in Mali (Very High), as of 23/03/26.</li></ul>"
pax,Mexico,84.0,MEX,70.0,484.0,MEX,2.0,All,https://www.peaceagreements.org/tracker/all,https://www.peaceagreements.org/agreements/search/?search_type=basic-search&countries=84&match_any_issues=True&name=&text=&signed_after=&signed_before=,6,1,"<ul><li>The most recent agreement signed in Mexico was <a href=""https://www.peaceagreements.org/agreements/214/"" target=""_blank"">Actions and Measures for Chiapas Joint Commitments and Proposals from the State and Federal Governments, and the EZLN (16/02/1996)</a>, as part of the Mexico-Chiapas peace process.</li><li>There has been a total of 6 agreements in Mexico, since the first agreement was signed in 1995 (<a href=""https://www.peaceagreements.org/agreements/523/"" target=""_blank"">Protocole sur les principes de négociation en vue d’un accord de paix conclu par le
Gouvernement et l’EZLN (Ejército zapatista de liberación nacional) (11/09/1995)</a>), in 1 peace process (Mexico-Chiapas peace process).</li></ul>",70.0,Mexico,1116.0,959.0,50.0,56.0,1.0,1.0,3673.0,2656.0,55.0,49.0,-1697.0,-2557.0,5500.0,4900.0,-63.89307228915663,-69.61611761502859,2026-01-31,484.0,Mexico,7660,7709,527,572,533,572,8587,8098,0,-6,-389,-927,0.0,-1.125703564727955,-4.803655223511978,-10.795388377780366,2026-03-31,135.0,165,Mexico ranked 135 out of 165 countries in the Global Peace Index (2025).,141.0,182,Mexico ranked 141 out of 182 countries in the Corruption Perception Index (2025).,,"In Mexico there has been a total of 390,250 people displaced, with 25,543 new displacements in 2024 [<a href='https://data.humdata.org/dataset/idmc-internal-displacements-new-displacements-idps', target='_blank'>IDMC</a>].","There is 1 current crisis and severity category listed in the <a href=""https://www.acaps.org/en/thematics/all-topics/inform-severity-index"" target=""_blank"">INFORM Severity Index</a> for Mexico: International Displacement to Mexico (Medium), as of 26/03/26.",,"<ul><li>In Mexico there has been a total of 390,250 people displaced, with 25,543 new displacements in 2024 [<a href='https://data.humdata.org/dataset/idmc-internal-displacements-new-displacements-idps', target='_blank'>IDMC</a>].</li><li>There is 1 current crisis and severity category listed in the <a href=""https://www.acaps.org/en/thematics/all-topics/inform-severity-index"" target=""_blank"">INFORM Severity Index</a> for Mexico: International Displacement to Mexico (Medium), as of 26/03/26.</li></ul>","<ul><li>Mexico ranked 135 out of 165 countries in the Global Peace Index (2025).</li><li>Mexico ranked 141 out of 182 countries in the Corruption Perception Index (2025).</li><li>In Mexico there has been a total of 390,250 people displaced, with 25,543 new displacements in 2024 [<a href='https://data.humdata.org/dataset/idmc-internal-displacements-new-displacements-idps', target='_blank'>IDMC</a>].</li><li>There is 1 current crisis and severity category listed in the <a href=""https://www.acaps.org/en/thematics/all-topics/inform-severity-index"" target=""_blank"">INFORM Severity Index</a> for Mexico: International Displacement to Mexico (Medium), as of 26/03/26.</li></ul>"
pax,Mexico,84.0,MEX,70.0,484.0,MEX,2.0,All,https://www.peaceagreements.org/tracker/all,https://www.peaceagreements.org/agreements/search/?search_type=basic-search&countries=84&match_any_issues=True&name=&text=&signed_after=&signed_before=,6,1,"<ul><li>The most recent agreement signed in Mexico was <a href=""https://www.peaceagreements.org/agreements/214/"" target=""_blank"">Actions and Measures for Chiapas Joint Commitments and Proposals from the State and Federal Governments, and the EZLN (16/02/1996)</a>, as part of the Mexico-Chiapas peace process.</li><li>There has been a total of 6 agreements in Mexico, since the first agreement was signed in 1995 (<a href=""https://www.peaceagreements.org/agreements/523/"" target=""_blank"">Protocole sur les principes de négociation en vue d’un accord de paix conclu par le
Gouvernement et l’EZLN (Ejército zapatista de liberación nacional) (11/09/1995)</a>), in 1 peace process (Mexico-Chiapas peace process).</li></ul>",70.0,Mexico,1116.0,959.0,50.0,56.0,1.0,1.0,3673.0,2656.0,55.0,49.0,-1697.0,-2557.0,5500.0,4900.0,-63.89307228915663,-69.61611761502859,2026-01-31,484.0,Mexico,7660,7709,527,572,533,572,8587,8098,0,-6,-389,-927,0.0,-1.125703564727955,-4.803655223511978,-10.795388377780366,2026-03-31,2.636,165,Mexico ranked 2 out of 165 countries in the Global Peace Index (2025).,141.0,182,Mexico ranked 141 out of 182 countries in the Corruption Perception Index (2025).,,"In Mexico there has been a total of 390,250 people displaced, with 25,543 new displacements in 2024 [<a href='https://data.humdata.org/dataset/idmc-internal-displacements-new-displacements-idps', target='_blank'>IDMC</a>].","There is 1 current crisis and severity category listed in the <a href=""https://www.acaps.org/en/thematics/all-topics/inform-severity-index"" target=""_blank"">INFORM Severity Index</a> for Mexico: International Displacement to Mexico (Medium), as of 26/03/26.",,"<ul><li>In Mexico there has been a total of 390,250 people displaced, with 25,543 new displacements in 2024 [<a href='https://data.humdata.org/dataset/idmc-internal-displacements-new-displacements-idps', target='_blank'>IDMC</a>].</li><li>There is 1 current crisis and severity category listed in the <a href=""https://www.acaps.org/en/thematics/all-topics/inform-severity-index"" target=""_blank"">INFORM Severity Index</a> for Mexico: International Displacement to Mexico (Medium), as of 26/03/26.</li></ul>","<ul><li>Mexico ranked 2 out of 165 countries in the Global Peace Index (2025).</li><li>Mexico ranked 141 out of 182 countries in the Corruption Perception Index (2025).</li><li>In Mexico there has been a total of 390,250 people displaced, with 25,543 new displacements in 2024 [<a href='https://data.humdata.org/dataset/idmc-internal-displacements-new-displacements-idps', target='_blank'>IDMC</a>].</li><li>There is 1 current crisis and severity category listed in the <a href=""https://www.acaps.org/en/thematics/all-topics/inform-severity-index"" target=""_blank"">INFORM Severity Index</a> for Mexico: International Displacement to Mexico (Medium), as of 26/03/26.</li></ul>"
pax,Moldova,87.0,MDA,359.0,498.0,MLD,2.0,All,https://www.peaceagreements.org/tracker/all,https://www.peaceagreements.org/agreements/search/?search_type=basic-search&countries=87&match_any_issues=True&name=&text=&signed_after=&signed_before=,6,1,"<ul><li>The most recent agreement signed in Moldova was <a href=""https://www.peaceagreements.org/agreements/1957/"" target=""_blank"">Protocol of the Official Meeting of the Permanent Conference for Political Questions in the Framework of the Negotiating Process on the Transdniestrian Settlement (17/11/2017)</a>, as part of the Moldova Transdniestria process.</li><li>There has been a total of 6 agreements in Moldova, since the first agreement was signed in 1992 (<a href=""https://www.peaceagreements.org/agreements/1024/"" target=""_blank"">Agreement on the Principles for a Peaceful Settlement of the Armed Conflict in the Dniester Region of the Republic of Moldova (21/07/1992)</a>), in 1 peace process (Moldova Transdniestria process).</li></ul>",,,,,,,,,,,,,,,,,,,,498.0,Moldova,1,10,0,0,1,1,0,5,-1,-1,5,1,-100.0,-100.0,100.0,0.0,2026-03-31,66.0,165,Moldova ranked 66 out of 165 countries in the Global Peace Index (2025).,80.0,182,Moldova ranked 80 out of 182 countries in the Corruption Perception Index (2025).,,,"There is 1 current crisis and severity category listed in the <a href=""https://www.acaps.org/en/thematics/all-topics/inform-severity-index"" target=""_blank"">INFORM Severity Index</a> for Moldova: Displacement from Ukraine to Moldova (Medium), as of 28/02/26.",,"<ul><li>There is 1 current crisis and severity category listed in the <a href=""https://www.acaps.org/en/thematics/all-topics/inform-severity-index"" target=""_blank"">INFORM Severity Index</a> for Moldova: Displacement from Ukraine to Moldova (Medium), as of 28/02/26.</li></ul>","<ul><li>Moldova ranked 66 out of 165 countries in the Global Peace Index (2025).</li><li>Moldova ranked 80 out of 182 countries in the Corruption Perception Index (2025).</li><li>There is 1 current crisis and severity category listed in the <a href=""https://www.acaps.org/en/thematics/all-topics/inform-severity-index"" target=""_blank"">INFORM Severity Index</a> for Moldova: Displacement from Ukraine to Moldova (Medium), as of 28/02/26.</li></ul>"
pax,Moldova,87.0,MDA,359.0,498.0,MLD,2.0,All,https://www.peaceagreements.org/tracker/all,https://www.peaceagreements.org/agreements/search/?search_type=basic-search&countries=87&match_any_issues=True&name=&text=&signed_after=&signed_before=,6,1,"<ul><li>The most recent agreement signed in Moldova was <a href=""https://www.peaceagreements.org/agreements/1957/"" target=""_blank"">Protocol of the Official Meeting of the Permanent Conference for Political Questions in the Framework of the Negotiating Process on the Transdniestrian Settlement (17/11/2017)</a>, as part of the Moldova Transdniestria process.</li><li>There has been a total of 6 agreements in Moldova, since the first agreement was signed in 1992 (<a href=""https://www.peaceagreements.org/agreements/1024/"" target=""_blank"">Agreement on the Principles for a Peaceful Settlement of the Armed Conflict in the Dniester Region of the Republic of Moldova (21/07/1992)</a>), in 1 peace process (Moldova Transdniestria process).</li></ul>",,,,,,,,,,,,,,,,,,,,498.0,Moldova,1,10,0,0,1,1,0,5,-1,-1,5,1,-100.0,-100.0,100.0,0.0,2026-03-31,1.918,165,Moldova ranked 1 out of 165 countries in the Global Peace Index (2025).,80.0,182,Moldova ranked 80 out of 182 countries in the Corruption Perception Index (2025).,,,"There is 1 current crisis and severity category listed in the <a href=""https://www.acaps.org/en/thematics/all-topics/inform-severity-index"" target=""_blank"">INFORM Severity Index</a> for Moldova: Displacement from Ukraine to Moldova (Medium), as of 28/02/26.",,"<ul><li>There is 1 current crisis and severity category listed in the <a href=""https://www.acaps.org/en/thematics/all-topics/inform-severity-index"" target=""_blank"">INFORM Severity Index</a> for Moldova: Displacement from Ukraine to Moldova (Medium), as of 28/02/26.</li></ul>","<ul><li>Moldova ranked 1 out of 165 countries in the Global Peace Index (2025).</li><li>Moldova ranked 80 out of 182 countries in the Corruption Perception Index (2025).</li><li>There is 1 current crisis and severity category listed in the <a href=""https://www.acaps.org/en/thematics/all-topics/inform-severity-index"" target=""_blank"">INFORM Severity Index</a> for Moldova: Displacement from Ukraine to Moldova (Medium), as of 28/02/26.</li></ul>"
pax,Morocco,90.0,MAR,600.0,504.0,MOR,2.0,All,https://www.peaceagreements.org/tracker/all,https://www.peaceagreements.org/agreements/search/?search_type=basic-search&countries=90&match_any_issues=True&name=&text=&signed_after=&signed_before=,11,1,"<ul><li>The most recent agreement signed in Morocco was <a href=""https://www.peaceagreements.org/agreements/732/"" target=""_blank"">Communique of the Special Envoy of the SG for Western Sahara on the Third Informal Meeting (09/11/2010)</a>, as part of the Morocco-Western Sahara peace process.</li><li>There has been a total of 11 agreements in Morocco, since the first agreement was signed in 1990 (<a href=""https://www.peaceagreements.org/agreements/1247/"" target=""_blank"">Implementation plan proposed by the Secretary-General pursuant to Security Council resolution 621 (1988) of September 1988 (18/06/1990)</a>), in 1 peace process (Morocco-Western Sahara peace process).</li></ul>",,,,,,,,,,,,,,,,,,,,504.0,Morocco,42,44,0,3,0,1,37,50,2,0,-6,5,200.0,0.0,-12.0,13.513513513513514,2026-03-31,2.012,165,Morocco ranked 2 out of 165 countries in the Global Peace Index (2025).,91.0,182,Morocco ranked 91 out of 182 countries in the Corruption Perception Index (2025).,,,"There are 3 current crises and severity categories listed in the <a href=""https://www.acaps.org/en/thematics/all-topics/inform-severity-index"" target=""_blank"">INFORM Severity Index</a> for Morocco: Floods in northern Morocco (Medium), International displacement to Morocco (Low), Multiple crises in Morocco (Medium), as of 25/03/26.",,"<ul><li>There are 3 current crises and severity categories listed in the <a href=""https://www.acaps.org/en/thematics/all-topics/inform-severity-index"" target=""_blank"">INFORM Severity Index</a> for Morocco: Floods in northern Morocco (Medium), International displacement to Morocco (Low), Multiple crises in Morocco (Medium), as of 25/03/26.</li></ul>","<ul><li>Morocco ranked 2 out of 165 countries in the Global Peace Index (2025).</li><li>Morocco ranked 91 out of 182 countries in the Corruption Perception Index (2025).</li><li>There are 3 current crises and severity categories listed in the <a href=""https://www.acaps.org/en/thematics/all-topics/inform-severity-index"" target=""_blank"">INFORM Severity Index</a> for Morocco: Floods in northern Morocco (Medium), International displacement to Morocco (Low), Multiple crises in Morocco (Medium), as of 25/03/26.</li></ul>"
pax,Morocco,90.0,MAR,600.0,504.0,MOR,2.0,All,https://www.peaceagreements.org/tracker/all,https://www.peaceagreements.org/agreements/search/?search_type=basic-search&countries=90&match_any_issues=True&name=&text=&signed_after=&signed_before=,11,1,"<ul><li>The most recent agreement signed in Morocco was <a href=""https://www.peaceagreements.org/agreements/732/"" target=""_blank"">Communique of the Special Envoy of the SG for Western Sahara on the Third Informal Meeting (09/11/2010)</a>, as part of the Morocco-Western Sahara peace process.</li><li>There has been a total of 11 agreements in Morocco, since the first agreement was signed in 1990 (<a href=""https://www.peaceagreements.org/agreements/1247/"" target=""_blank"">Implementation plan proposed by the Secretary-General pursuant to Security Council resolution 621 (1988) of September 1988 (18/06/1990)</a>), in 1 peace process (Morocco-Western Sahara peace process).</li></ul>",,,,,,,,,,,,,,,,,,,,504.0,Morocco,42,44,0,3,0,1,37,50,2,0,-6,5,200.0,0.0,-12.0,13.513513513513514,2026-03-31,85.0,165,Morocco ranked 85 out of 165 countries in the Global Peace Index (2025).,91.0,182,Morocco ranked 91 out of 182 countries in the Corruption Perception Index (2025).,,,"There are 3 current crises and severity categories listed in the <a href=""https://www.acaps.org/en/thematics/all-topics/inform-severity-index"" target=""_blank"">INFORM Severity Index</a> for Morocco: Floods in northern Morocco (Medium), International displacement to Morocco (Low), Multiple crises in Morocco (Medium), as of 25/03/26.",,"<ul><li>There are 3 current crises and severity categories listed in the <a href=""https://www.acaps.org/en/thematics/all-topics/inform-severity-index"" target=""_blank"">INFORM Severity Index</a> for Morocco: Floods in northern Morocco (Medium), International displacement to Morocco (Low), Multiple crises in Morocco (Medium), as of 25/03/26.</li></ul>","<ul><li>Morocco ranked 85 out of 165 countries in the Global Peace Index (2025).</li><li>Morocco ranked 91 out of 182 countries in the Corruption Perception Index (2025).</li><li>There are 3 current crises and severity categories listed in the <a href=""https://www.acaps.org/en/thematics/all-topics/inform-severity-index"" target=""_blank"">INFORM Severity Index</a> for Morocco: Floods in northern Morocco (Medium), International displacement to Morocco (Low), Multiple crises in Morocco (Medium), as of 25/03/26.</li></ul>"
pax,Mozambique,91.0,MOZ,541.0,508.0,MZM,2.0,All,https://www.peaceagreements.org/tracker/all,https://www.peaceagreements.org/agreements/search/?search_type=basic-search&countries=91&match_any_issues=True&name=&text=&signed_after=&signed_before=,16,2,"<ul><li>The most recent agreement signed in Mozambique was <a href=""https://www.peaceagreements.org/agreements/2387/"" target=""_blank"">Accord for National Peace and Reconciliation (06/08/2019)</a>, as part of the Mozambique process - recent.</li><li>There has been a total of 16 agreements in Mozambique, since the first agreement was signed in 1990 (<a href=""https://www.peaceagreements.org/agreements/419/"" target=""_blank"">Joint Communiqué (10/07/1990)</a>), in 2 peace processes (Mozambique process in the 90s, Mozambique process - recent).</li></ul>",541.0,Mozambique,203.0,49.0,0.0,0.0,0.0,0.0,544.0,192.0,0.0,0.0,-143.0,-341.0,0.0,0.0,-74.47916666666666,-62.68382352941176,2026-01-31,508.0,Mozambique,616,349,20,9,50,29,537,457,-20,-30,-108,79,-68.96551724137932,-60.0,-23.63238512035011,14.711359404096836,2026-03-31,2.273,165,Mozambique ranked 2 out of 165 countries in the Global Peace Index (2025).,161.0,182,Mozambique ranked 161 out of 182 countries in the Corruption Perception Index (2025).,"In the current period of analysis (Nov 2025) by the <a href='https://data.humdata.org/dataset/global-acute-food-insecurity-country-data', target='_blank'>IPC</a>, 13% of the population of Mozambique are in IPC Phase 3+ (in food crisis), an estimated 1204836 people. 1% (125701 people) are estimated to be in Phase 4 (emergency).","In Mozambique there has been a total of 579,688 people displaced, with 240,279 new displacements in 2024 [<a href='https://data.humdata.org/dataset/idmc-internal-displacements-new-displacements-idps', target='_blank'>IDMC</a>].","There are 5 current crises and severity categories listed in the <a href=""https://www.acaps.org/en/thematics/all-topics/inform-severity-index"" target=""_blank"">INFORM Severity Index</a> for Mozambique: 2025 Cyclone season in Mozambique (Medium), 2026 Cyclones and rains in Mozambique (Medium), Conflict in northern Mozambique (High), Drought in Mozambique (High), Multiple Crises in Mozambique (High), as of 31/03/26.",,"<ul><li>In the current period of analysis (Nov 2025) by the <a href='https://data.humdata.org/dataset/global-acute-food-insecurity-country-data', target='_blank'>IPC</a>, 13% of the population of Mozambique are in IPC Phase 3+ (in food crisis), an estimated 1204836 people. 1% (125701 people) are estimated to be in Phase 4 (emergency).</li><li>In Mozambique there has been a total of 579,688 people displaced, with 240,279 new displacements in 2024 [<a href='https://data.humdata.org/dataset/idmc-internal-displacements-new-displacements-idps', target='_blank'>IDMC</a>].</li><li>There are 5 current crises and severity categories listed in the <a href=""https://www.acaps.org/en/thematics/all-topics/inform-severity-index"" target=""_blank"">INFORM Severity Index</a> for Mozambique: 2025 Cyclone season in Mozambique (Medium), 2026 Cyclones and rains in Mozambique (Medium), Conflict in northern Mozambique (High), Drought in Mozambique (High), Multiple Crises in Mozambique (High), as of 31/03/26.</li></ul>","<ul><li>Mozambique ranked 2 out of 165 countries in the Global Peace Index (2025).</li><li>Mozambique ranked 161 out of 182 countries in the Corruption Perception Index (2025).</li><li>In the current period of analysis (Nov 2025) by the <a href='https://data.humdata.org/dataset/global-acute-food-insecurity-country-data', target='_blank'>IPC</a>, 13% of the population of Mozambique are in IPC Phase 3+ (in food crisis), an estimated 1204836 people. 1% (125701 people) are estimated to be in Phase 4 (emergency).</li><li>In Mozambique there has been a total of 579,688 people displaced, with 240,279 new displacements in 2024 [<a href='https://data.humdata.org/dataset/idmc-internal-displacements-new-displacements-idps', target='_blank'>IDMC</a>].</li><li>There are 5 current crises and severity categories listed in the <a href=""https://www.acaps.org/en/thematics/all-topics/inform-severity-index"" target=""_blank"">INFORM Severity Index</a> for Mozambique: 2025 Cyclone season in Mozambique (Medium), 2026 Cyclones and rains in Mozambique (Medium), Conflict in northern Mozambique (High), Drought in Mozambique (High), Multiple Crises in Mozambique (High), as of 31/03/26.</li></ul>"
pax,Mozambique,91.0,MOZ,541.0,508.0,MZM,2.0,All,https://www.peaceagreements.org/tracker/all,https://www.peaceagreements.org/agreements/search/?search_type=basic-search&countries=91&match_any_issues=True&name=&text=&signed_after=&signed_before=,16,2,"<ul><li>The most recent agreement signed in Mozambique was <a href=""https://www.peaceagreements.org/agreements/2387/"" target=""_blank"">Accord for National Peace and Reconciliation (06/08/2019)</a>, as part of the Mozambique process - recent.</li><li>There has been a total of 16 agreements in Mozambique, since the first agreement was signed in 1990 (<a href=""https://www.peaceagreements.org/agreements/419/"" target=""_blank"">Joint Communiqué (10/07/1990)</a>), in 2 peace processes (Mozambique process in the 90s, Mozambique process - recent).</li></ul>",541.0,Mozambique,203.0,49.0,0.0,0.0,0.0,0.0,544.0,192.0,0.0,0.0,-143.0,-341.0,0.0,0.0,-74.47916666666666,-62.68382352941176,2026-01-31,508.0,Mozambique,616,349,20,9,50,29,537,457,-20,-30,-108,79,-68.96551724137932,-60.0,-23.63238512035011,14.711359404096836,2026-03-31,121.0,165,Mozambique ranked 121 out of 165 countries in the Global Peace Index (2025).,161.0,182,Mozambique ranked 161 out of 182 countries in the Corruption Perception Index (2025).,"In the current period of analysis (Nov 2025) by the <a href='https://data.humdata.org/dataset/global-acute-food-insecurity-country-data', target='_blank'>IPC</a>, 13% of the population of Mozambique are in IPC Phase 3+ (in food crisis), an estimated 1204836 people. 1% (125701 people) are estimated to be in Phase 4 (emergency).","In Mozambique there has been a total of 579,688 people displaced, with 240,279 new displacements in 2024 [<a href='https://data.humdata.org/dataset/idmc-internal-displacements-new-displacements-idps', target='_blank'>IDMC</a>].","There are 5 current crises and severity categories listed in the <a href=""https://www.acaps.org/en/thematics/all-topics/inform-severity-index"" target=""_blank"">INFORM Severity Index</a> for Mozambique: 2025 Cyclone season in Mozambique (Medium), 2026 Cyclones and rains in Mozambique (Medium), Conflict in northern Mozambique (High), Drought in Mozambique (High), Multiple Crises in Mozambique (High), as of 31/03/26.",,"<ul><li>In the current period of analysis (Nov 2025) by the <a href='https://data.humdata.org/dataset/global-acute-food-insecurity-country-data', target='_blank'>IPC</a>, 13% of the population of Mozambique are in IPC Phase 3+ (in food crisis), an estimated 1204836 people. 1% (125701 people) are estimated to be in Phase 4 (emergency).</li><li>In Mozambique there has been a total of 579,688 people displaced, with 240,279 new displacements in 2024 [<a href='https://data.humdata.org/dataset/idmc-internal-displacements-new-displacements-idps', target='_blank'>IDMC</a>].</li><li>There are 5 current crises and severity categories listed in the <a href=""https://www.acaps.org/en/thematics/all-topics/inform-severity-index"" target=""_blank"">INFORM Severity Index</a> for Mozambique: 2025 Cyclone season in Mozambique (Medium), 2026 Cyclones and rains in Mozambique (Medium), Conflict in northern Mozambique (High), Drought in Mozambique (High), Multiple Crises in Mozambique (High), as of 31/03/26.</li></ul>","<ul><li>Mozambique ranked 121 out of 165 countries in the Global Peace Index (2025).</li><li>Mozambique ranked 161 out of 182 countries in the Corruption Perception Index (2025).</li><li>In the current period of analysis (Nov 2025) by the <a href='https://data.humdata.org/dataset/global-acute-food-insecurity-country-data', target='_blank'>IPC</a>, 13% of the population of Mozambique are in IPC Phase 3+ (in food crisis), an estimated 1204836 people. 1% (125701 people) are estimated to be in Phase 4 (emergency).</li><li>In Mozambique there has been a total of 579,688 people displaced, with 240,279 new displacements in 2024 [<a href='https://data.humdata.org/dataset/idmc-internal-displacements-new-displacements-idps', target='_blank'>IDMC</a>].</li><li>There are 5 current crises and severity categories listed in the <a href=""https://www.acaps.org/en/thematics/all-topics/inform-severity-index"" target=""_blank"">INFORM Severity Index</a> for Mozambique: 2025 Cyclone season in Mozambique (Medium), 2026 Cyclones and rains in Mozambique (Medium), Conflict in northern Mozambique (High), Drought in Mozambique (High), Multiple Crises in Mozambique (High), as of 31/03/26.</li></ul>"
pax,Myanmar,92.0,MMR,775.0,104.0,MYA,1.0,Myanmar,https://www.peaceagreements.org/tracker/myanmar,https://www.peaceagreements.org/agreements/search/?search_type=basic-search&countries=92&match_any_issues=True&name=&text=&signed_after=&signed_before=,40,2,"<ul><li>The most recent agreement signed in Myanmar was <a href=""https://www.peaceagreements.org/agreements/2625/"" target=""_blank"">Haigeng Agreement (12/01/2024)</a>, as part of the Myanmar ceasefires process with ethnic armed groups.</li><li>There has been a total of 40 agreements in Myanmar, since the first agreement was signed in 2011 (<a href=""https://www.peaceagreements.org/agreements/1582/"" target=""_blank"">National Democratic Alliance Army (NDAA) Agreed Terms (07/09/2011)</a>), in 2 peace processes (Myanmar ceasefires process with ethnic armed groups, Myanmar 21st Century Panglong Process).</li></ul>",775.0,Myanmar (Burma),1030.0,325.0,64.0,28.0,0.0,0.0,2620.0,983.0,0.0,0.0,-658.0,-1590.0,0.0,0.0,-66.9379450661241,-60.68702290076335,2026-01-31,104.0,Myanmar,15041,10716,1305,876,955,793,19119,12320,83,350,-1604,-4078,10.466582597730138,36.64921465968586,-13.01948051948052,-21.32956744599613,2026-03-31,3.045,165,Myanmar ranked 3 out of 165 countries in the Global Peace Index (2025).,169.0,182,Myanmar ranked 169 out of 182 countries in the Corruption Perception Index (2025).,,"In Myanmar (Burma) there has been a total of 3,520,700 people displaced, with 1,231,900 new displacements in 2024 [<a href='https://data.humdata.org/dataset/idmc-internal-displacements-new-displacements-idps', target='_blank'>IDMC</a>].","There are 6 current crises and severity categories listed in the <a href=""https://www.acaps.org/en/thematics/all-topics/inform-severity-index"" target=""_blank"">INFORM Severity Index</a> for Myanmar: 2025 Earthquake in Myanmar (Very High), Complex crisis in Myanmar (Very High), Conflict in Kachin and Shan (High), Conflict in Rakhine (High), Multiple crises in Myanmar (Very High), Post-coup conflict in Myanmar (Very High), as of 28/03/26.","Myanmar is one of 12 focus countries in the UK's WPS <a href='https://assets.publishing.service.gov.uk/government/uploads/system/uploads/attachment_data/file/1156085/uk-women-peace-security-national-action-plan-2023-2027.pdf', target='_blank'>National Action Plan</a> for 2023-2027. ","<ul><li>In Myanmar (Burma) there has been a total of 3,520,700 people displaced, with 1,231,900 new displacements in 2024 [<a href='https://data.humdata.org/dataset/idmc-internal-displacements-new-displacements-idps', target='_blank'>IDMC</a>].</li><li>There are 6 current crises and severity categories listed in the <a href=""https://www.acaps.org/en/thematics/all-topics/inform-severity-index"" target=""_blank"">INFORM Severity Index</a> for Myanmar: 2025 Earthquake in Myanmar (Very High), Complex crisis in Myanmar (Very High), Conflict in Kachin and Shan (High), Conflict in Rakhine (High), Multiple crises in Myanmar (Very High), Post-coup conflict in Myanmar (Very High), as of 28/03/26.</li><li>Myanmar is one of 12 focus countries in the UK's WPS <a href='https://assets.publishing.service.gov.uk/government/uploads/system/uploads/attachment_data/file/1156085/uk-women-peace-security-national-action-plan-2023-2027.pdf', target='_blank'>National Action Plan</a> for 2023-2027.</li></ul>","<ul><li>Myanmar ranked 3 out of 165 countries in the Global Peace Index (2025).</li><li>Myanmar ranked 169 out of 182 countries in the Corruption Perception Index (2025).</li><li>In Myanmar (Burma) there has been a total of 3,520,700 people displaced, with 1,231,900 new displacements in 2024 [<a href='https://data.humdata.org/dataset/idmc-internal-displacements-new-displacements-idps', target='_blank'>IDMC</a>].</li><li>There are 6 current crises and severity categories listed in the <a href=""https://www.acaps.org/en/thematics/all-topics/inform-severity-index"" target=""_blank"">INFORM Severity Index</a> for Myanmar: 2025 Earthquake in Myanmar (Very High), Complex crisis in Myanmar (Very High), Conflict in Kachin and Shan (High), Conflict in Rakhine (High), Multiple crises in Myanmar (Very High), Post-coup conflict in Myanmar (Very High), as of 28/03/26.</li><li>Myanmar is one of 12 focus countries in the UK's WPS <a href='https://assets.publishing.service.gov.uk/government/uploads/system/uploads/attachment_data/file/1156085/uk-women-peace-security-national-action-plan-2023-2027.pdf', target='_blank'>National Action Plan</a> for 2023-2027.</li></ul>"
pax,Myanmar,92.0,MMR,775.0,104.0,MYA,1.0,Myanmar,https://www.peaceagreements.org/tracker/myanmar,https://www.peaceagreements.org/agreements/search/?search_type=basic-search&countries=92&match_any_issues=True&name=&text=&signed_after=&signed_before=,40,2,"<ul><li>The most recent agreement signed in Myanmar was <a href=""https://www.peaceagreements.org/agreements/2625/"" target=""_blank"">Haigeng Agreement (12/01/2024)</a>, as part of the Myanmar ceasefires process with ethnic armed groups.</li><li>There has been a total of 40 agreements in Myanmar, since the first agreement was signed in 2011 (<a href=""https://www.peaceagreements.org/agreements/1582/"" target=""_blank"">National Democratic Alliance Army (NDAA) Agreed Terms (07/09/2011)</a>), in 2 peace processes (Myanmar ceasefires process with ethnic armed groups, Myanmar 21st Century Panglong Process).</li></ul>",775.0,Myanmar (Burma),1030.0,325.0,64.0,28.0,0.0,0.0,2620.0,983.0,0.0,0.0,-658.0,-1590.0,0.0,0.0,-66.9379450661241,-60.68702290076335,2026-01-31,104.0,Myanmar,15041,10716,1305,876,955,793,19119,12320,83,350,-1604,-4078,10.466582597730138,36.64921465968586,-13.01948051948052,-21.32956744599613,2026-03-31,153.0,165,Myanmar ranked 153 out of 165 countries in the Global Peace Index (2025).,169.0,182,Myanmar ranked 169 out of 182 countries in the Corruption Perception Index (2025).,,"In Myanmar (Burma) there has been a total of 3,520,700 people displaced, with 1,231,900 new displacements in 2024 [<a href='https://data.humdata.org/dataset/idmc-internal-displacements-new-displacements-idps', target='_blank'>IDMC</a>].","There are 6 current crises and severity categories listed in the <a href=""https://www.acaps.org/en/thematics/all-topics/inform-severity-index"" target=""_blank"">INFORM Severity Index</a> for Myanmar: 2025 Earthquake in Myanmar (Very High), Complex crisis in Myanmar (Very High), Conflict in Kachin and Shan (High), Conflict in Rakhine (High), Multiple crises in Myanmar (Very High), Post-coup conflict in Myanmar (Very High), as of 28/03/26.","Myanmar is one of 12 focus countries in the UK's WPS <a href='https://assets.publishing.service.gov.uk/government/uploads/system/uploads/attachment_data/file/1156085/uk-women-peace-security-national-action-plan-2023-2027.pdf', target='_blank'>National Action Plan</a> for 2023-2027. ","<ul><li>In Myanmar (Burma) there has been a total of 3,520,700 people displaced, with 1,231,900 new displacements in 2024 [<a href='https://data.humdata.org/dataset/idmc-internal-displacements-new-displacements-idps', target='_blank'>IDMC</a>].</li><li>There are 6 current crises and severity categories listed in the <a href=""https://www.acaps.org/en/thematics/all-topics/inform-severity-index"" target=""_blank"">INFORM Severity Index</a> for Myanmar: 2025 Earthquake in Myanmar (Very High), Complex crisis in Myanmar (Very High), Conflict in Kachin and Shan (High), Conflict in Rakhine (High), Multiple crises in Myanmar (Very High), Post-coup conflict in Myanmar (Very High), as of 28/03/26.</li><li>Myanmar is one of 12 focus countries in the UK's WPS <a href='https://assets.publishing.service.gov.uk/government/uploads/system/uploads/attachment_data/file/1156085/uk-women-peace-security-national-action-plan-2023-2027.pdf', target='_blank'>National Action Plan</a> for 2023-2027.</li></ul>","<ul><li>Myanmar ranked 153 out of 165 countries in the Global Peace Index (2025).</li><li>Myanmar ranked 169 out of 182 countries in the Corruption Perception Index (2025).</li><li>In Myanmar (Burma) there has been a total of 3,520,700 people displaced, with 1,231,900 new displacements in 2024 [<a href='https://data.humdata.org/dataset/idmc-internal-displacements-new-displacements-idps', target='_blank'>IDMC</a>].</li><li>There are 6 current crises and severity categories listed in the <a href=""https://www.acaps.org/en/thematics/all-topics/inform-severity-index"" target=""_blank"">INFORM Severity Index</a> for Myanmar: 2025 Earthquake in Myanmar (Very High), Complex crisis in Myanmar (Very High), Conflict in Kachin and Shan (High), Conflict in Rakhine (High), Multiple crises in Myanmar (Very High), Post-coup conflict in Myanmar (Very High), as of 28/03/26.</li><li>Myanmar is one of 12 focus countries in the UK's WPS <a href='https://assets.publishing.service.gov.uk/government/uploads/system/uploads/attachment_data/file/1156085/uk-women-peace-security-national-action-plan-2023-2027.pdf', target='_blank'>National Action Plan</a> for 2023-2027.</li></ul>"
pax,Namibia,96.0,NAM,565.0,516.0,NAM,2.0,All,https://www.peaceagreements.org/tracker/all,https://www.peaceagreements.org/agreements/search/?search_type=basic-search&countries=96&match_any_issues=True&name=&text=&signed_after=&signed_before=,4,1,"<ul><li>The most recent agreement signed in Namibia was <a href=""https://www.peaceagreements.org/agreements/596/"" target=""_blank"">Treaty on Walvis Bay (28/02/1994)</a>, as part of the South Africa - Namibia process.</li><li>There has been a total of 4 agreements in Namibia, since the first agreement was signed in 1991 (<a href=""https://www.peaceagreements.org/agreements/1248/"" target=""_blank"">Joint Statement, Windhoek (17/05/1991)</a>), in 1 peace process (South Africa - Namibia process).</li></ul>",,,,,,,,,,,,,,,,,,,,516.0,Namibia,1,4,0,0,0,0,1,3,0,0,1,0,0.0,0.0,33.33333333333333,0.0,2026-03-31,1.789,165,Namibia ranked 1 out of 165 countries in the Global Peace Index (2025).,65.0,182,Namibia ranked 65 out of 182 countries in the Corruption Perception Index (2025).,"In the current period of analysis (Jul 2025) by the <a href='https://data.humdata.org/dataset/global-acute-food-insecurity-country-data', target='_blank'>IPC</a>, 15% of the population of Namibia are in IPC Phase 3+ (in food crisis), an estimated 455668 people.",,"There is 1 current crisis and severity category listed in the <a href=""https://www.acaps.org/en/thematics/all-topics/inform-severity-index"" target=""_blank"">INFORM Severity Index</a> for Namibia: Drought in Namibia (Medium), as of 31/03/26.",,"<ul><li>In the current period of analysis (Jul 2025) by the <a href='https://data.humdata.org/dataset/global-acute-food-insecurity-country-data', target='_blank'>IPC</a>, 15% of the population of Namibia are in IPC Phase 3+ (in food crisis), an estimated 455668 people.</li><li>There is 1 current crisis and severity category listed in the <a href=""https://www.acaps.org/en/thematics/all-topics/inform-severity-index"" target=""_blank"">INFORM Severity Index</a> for Namibia: Drought in Namibia (Medium), as of 31/03/26.</li></ul>","<ul><li>Namibia ranked 1 out of 165 countries in the Global Peace Index (2025).</li><li>Namibia ranked 65 out of 182 countries in the Corruption Perception Index (2025).</li><li>In the current period of analysis (Jul 2025) by the <a href='https://data.humdata.org/dataset/global-acute-food-insecurity-country-data', target='_blank'>IPC</a>, 15% of the population of Namibia are in IPC Phase 3+ (in food crisis), an estimated 455668 people.</li><li>There is 1 current crisis and severity category listed in the <a href=""https://www.acaps.org/en/thematics/all-topics/inform-severity-index"" target=""_blank"">INFORM Severity Index</a> for Namibia: Drought in Namibia (Medium), as of 31/03/26.</li></ul>"
pax,Namibia,96.0,NAM,565.0,516.0,NAM,2.0,All,https://www.peaceagreements.org/tracker/all,https://www.peaceagreements.org/agreements/search/?search_type=basic-search&countries=96&match_any_issues=True&name=&text=&signed_after=&signed_before=,4,1,"<ul><li>The most recent agreement signed in Namibia was <a href=""https://www.peaceagreements.org/agreements/596/"" target=""_blank"">Treaty on Walvis Bay (28/02/1994)</a>, as part of the South Africa - Namibia process.</li><li>There has been a total of 4 agreements in Namibia, since the first agreement was signed in 1991 (<a href=""https://www.peaceagreements.org/agreements/1248/"" target=""_blank"">Joint Statement, Windhoek (17/05/1991)</a>), in 1 peace process (South Africa - Namibia process).</li></ul>",,,,,,,,,,,,,,,,,,,,516.0,Namibia,1,4,0,0,0,0,1,3,0,0,1,0,0.0,0.0,33.33333333333333,0.0,2026-03-31,50.0,165,Namibia ranked 50 out of 165 countries in the Global Peace Index (2025).,65.0,182,Namibia ranked 65 out of 182 countries in the Corruption Perception Index (2025).,"In the current period of analysis (Jul 2025) by the <a href='https://data.humdata.org/dataset/global-acute-food-insecurity-country-data', target='_blank'>IPC</a>, 15% of the population of Namibia are in IPC Phase 3+ (in food crisis), an estimated 455668 people.",,"There is 1 current crisis and severity category listed in the <a href=""https://www.acaps.org/en/thematics/all-topics/inform-severity-index"" target=""_blank"">INFORM Severity Index</a> for Namibia: Drought in Namibia (Medium), as of 31/03/26.",,"<ul><li>In the current period of analysis (Jul 2025) by the <a href='https://data.humdata.org/dataset/global-acute-food-insecurity-country-data', target='_blank'>IPC</a>, 15% of the population of Namibia are in IPC Phase 3+ (in food crisis), an estimated 455668 people.</li><li>There is 1 current crisis and severity category listed in the <a href=""https://www.acaps.org/en/thematics/all-topics/inform-severity-index"" target=""_blank"">INFORM Severity Index</a> for Namibia: Drought in Namibia (Medium), as of 31/03/26.</li></ul>","<ul><li>Namibia ranked 50 out of 165 countries in the Global Peace Index (2025).</li><li>Namibia ranked 65 out of 182 countries in the Corruption Perception Index (2025).</li><li>In the current period of analysis (Jul 2025) by the <a href='https://data.humdata.org/dataset/global-acute-food-insecurity-country-data', target='_blank'>IPC</a>, 15% of the population of Namibia are in IPC Phase 3+ (in food crisis), an estimated 455668 people.</li><li>There is 1 current crisis and severity category listed in the <a href=""https://www.acaps.org/en/thematics/all-topics/inform-severity-index"" target=""_blank"">INFORM Severity Index</a> for Namibia: Drought in Namibia (Medium), as of 31/03/26.</li></ul>"
pax,Nepal,97.0,NPL,790.0,524.0,NEP,2.0,All,https://www.peaceagreements.org/tracker/all,https://www.peaceagreements.org/agreements/search/?search_type=basic-search&countries=97&match_any_issues=True&name=&text=&signed_after=&signed_before=,51,2,"<ul><li>The most recent agreement signed in Nepal was <a href=""https://www.peaceagreements.org/agreements/1361/"" target=""_blank"">Constitution of Nepal 2015 (20/09/2015)</a>, as part of the Nepal peace process.</li><li>There has been a total of 51 agreements in Nepal, since the first agreement was signed in 2005 (<a href=""https://www.peaceagreements.org/agreements/899/"" target=""_blank"">12-Point Understanding between the Seven Political Parties and Nepal Communist Party (Maoists) (22/11/2005)</a>), in 2 peace processes (Nepal peace process, Nepal related-local processes).</li></ul>",,,,,,,,,,,,,,,,,,,,524.0,Nepal,17,163,2,21,1,18,5,133,3,1,30,12,16.666666666666664,100.0,22.55639097744361,240.0,2026-03-31,1.987,165,Nepal ranked 1 out of 165 countries in the Global Peace Index (2025).,109.0,182,Nepal ranked 109 out of 182 countries in the Corruption Perception Index (2025).,,,,, ,<ul><li>Nepal ranked 1 out of 165 countries in the Global Peace Index (2025).</li><li>Nepal ranked 109 out of 182 countries in the Corruption Perception Index (2025).</li></ul>
pax,Nepal,97.0,NPL,790.0,524.0,NEP,2.0,All,https://www.peaceagreements.org/tracker/all,https://www.peaceagreements.org/agreements/search/?search_type=basic-search&countries=97&match_any_issues=True&name=&text=&signed_after=&signed_before=,51,2,"<ul><li>The most recent agreement signed in Nepal was <a href=""https://www.peaceagreements.org/agreements/1361/"" target=""_blank"">Constitution of Nepal 2015 (20/09/2015)</a>, as part of the Nepal peace process.</li><li>There has been a total of 51 agreements in Nepal, since the first agreement was signed in 2005 (<a href=""https://www.peaceagreements.org/agreements/899/"" target=""_blank"">12-Point Understanding between the Seven Political Parties and Nepal Communist Party (Maoists) (22/11/2005)</a>), in 2 peace processes (Nepal peace process, Nepal related-local processes).</li></ul>",,,,,,,,,,,,,,,,,,,,524.0,Nepal,17,163,2,21,1,18,5,133,3,1,30,12,16.666666666666664,100.0,22.55639097744361,240.0,2026-03-31,77.0,165,Nepal ranked 77 out of 165 countries in the Global Peace Index (2025).,109.0,182,Nepal ranked 109 out of 182 countries in the Corruption Perception Index (2025).,,,,, ,<ul><li>Nepal ranked 77 out of 165 countries in the Global Peace Index (2025).</li><li>Nepal ranked 109 out of 182 countries in the Corruption Perception Index (2025).</li></ul>
pax,Nicaragua,100.0,NIC,93.0,558.0,NIC,2.0,All,https://www.peaceagreements.org/tracker/all,https://www.peaceagreements.org/agreements/search/?search_type=basic-search&countries=100&match_any_issues=True&name=&text=&signed_after=&signed_before=,8,1,"<ul><li>The most recent agreement signed in Nicaragua was <a href=""https://www.peaceagreements.org/agreements/921/"" target=""_blank"">Acuerdo de Paz entre el Gobierno de Nicaragua y el Estado Mayor del Frente Norte 3-80 (Acuerdo de Managua) (30/05/1997)</a>, as part of the Nicaragua contra process.</li><li>There has been a total of 8 agreements in Nicaragua, since the first agreement was signed in 1990 (<a href=""https://www.peaceagreements.org/agreements/589/"" target=""_blank"">The Toncontin Agreement (23/03/1990)</a>), in 1 peace process (Nicaragua contra process).</li></ul>",,,,,,,,,,,,,,,,,,,,558.0,Nicaragua,8,12,1,2,0,0,15,14,2,1,-2,-7,0.0,0.0,-14.285714285714285,-46.666666666666664,2026-03-31,2.207,165,Nicaragua ranked 2 out of 165 countries in the Global Peace Index (2025).,175.0,182,Nicaragua ranked 175 out of 182 countries in the Corruption Perception Index (2025).,,"In Nicaragua, there were no reported displacements in 2024 [<a href='https://data.humdata.org/dataset/idmc-internal-displacements-new-displacements-idps', target='_blank'>IDMC</a>].","There is 1 current crisis and severity category listed in the <a href=""https://www.acaps.org/en/thematics/all-topics/inform-severity-index"" target=""_blank"">INFORM Severity Index</a> for Nicaragua: Political and Economic crisis in Nicaragua (Medium), as of 30/06/25.",,"<ul><li>In Nicaragua, there were no reported displacements in 2024 [<a href='https://data.humdata.org/dataset/idmc-internal-displacements-new-displacements-idps', target='_blank'>IDMC</a>].</li><li>There is 1 current crisis and severity category listed in the <a href=""https://www.acaps.org/en/thematics/all-topics/inform-severity-index"" target=""_blank"">INFORM Severity Index</a> for Nicaragua: Political and Economic crisis in Nicaragua (Medium), as of 30/06/25.</li></ul>","<ul><li>Nicaragua ranked 2 out of 165 countries in the Global Peace Index (2025).</li><li>Nicaragua ranked 175 out of 182 countries in the Corruption Perception Index (2025).</li><li>In Nicaragua, there were no reported displacements in 2024 [<a href='https://data.humdata.org/dataset/idmc-internal-displacements-new-displacements-idps', target='_blank'>IDMC</a>].</li><li>There is 1 current crisis and severity category listed in the <a href=""https://www.acaps.org/en/thematics/all-topics/inform-severity-index"" target=""_blank"">INFORM Severity Index</a> for Nicaragua: Political and Economic crisis in Nicaragua (Medium), as of 30/06/25.</li></ul>"
pax,Nicaragua,100.0,NIC,93.0,558.0,NIC,2.0,All,https://www.peaceagreements.org/tracker/all,https://www.peaceagreements.org/agreements/search/?search_type=basic-search&countries=100&match_any_issues=True&name=&text=&signed_after=&signed_before=,8,1,"<ul><li>The most recent agreement signed in Nicaragua was <a href=""https://www.peaceagreements.org/agreements/921/"" target=""_blank"">Acuerdo de Paz entre el Gobierno de Nicaragua y el Estado Mayor del Frente Norte 3-80 (Acuerdo de Managua) (30/05/1997)</a>, as part of the Nicaragua contra process.</li><li>There has been a total of 8 agreements in Nicaragua, since the first agreement was signed in 1990 (<a href=""https://www.peaceagreements.org/agreements/589/"" target=""_blank"">The Toncontin Agreement (23/03/1990)</a>), in 1 peace process (Nicaragua contra process).</li></ul>",,,,,,,,,,,,,,,,,,,,558.0,Nicaragua,8,12,1,2,0,0,15,14,2,1,-2,-7,0.0,0.0,-14.285714285714285,-46.666666666666664,2026-03-31,111.0,165,Nicaragua ranked 111 out of 165 countries in the Global Peace Index (2025).,175.0,182,Nicaragua ranked 175 out of 182 countries in the Corruption Perception Index (2025).,,"In Nicaragua, there were no reported displacements in 2024 [<a href='https://data.humdata.org/dataset/idmc-internal-displacements-new-displacements-idps', target='_blank'>IDMC</a>].","There is 1 current crisis and severity category listed in the <a href=""https://www.acaps.org/en/thematics/all-topics/inform-severity-index"" target=""_blank"">INFORM Severity Index</a> for Nicaragua: Political and Economic crisis in Nicaragua (Medium), as of 30/06/25.",,"<ul><li>In Nicaragua, there were no reported displacements in 2024 [<a href='https://data.humdata.org/dataset/idmc-internal-displacements-new-displacements-idps', target='_blank'>IDMC</a>].</li><li>There is 1 current crisis and severity category listed in the <a href=""https://www.acaps.org/en/thematics/all-topics/inform-severity-index"" target=""_blank"">INFORM Severity Index</a> for Nicaragua: Political and Economic crisis in Nicaragua (Medium), as of 30/06/25.</li></ul>","<ul><li>Nicaragua ranked 111 out of 165 countries in the Global Peace Index (2025).</li><li>Nicaragua ranked 175 out of 182 countries in the Corruption Perception Index (2025).</li><li>In Nicaragua, there were no reported displacements in 2024 [<a href='https://data.humdata.org/dataset/idmc-internal-displacements-new-displacements-idps', target='_blank'>IDMC</a>].</li><li>There is 1 current crisis and severity category listed in the <a href=""https://www.acaps.org/en/thematics/all-topics/inform-severity-index"" target=""_blank"">INFORM Severity Index</a> for Nicaragua: Political and Economic crisis in Nicaragua (Medium), as of 30/06/25.</li></ul>"
pax,Niger,101.0,NER,436.0,562.0,NIR,2.0,All,https://www.peaceagreements.org/tracker/all,https://www.peaceagreements.org/agreements/search/?search_type=basic-search&countries=101&match_any_issues=True&name=&text=&signed_after=&signed_before=,12,4,"<ul><li>The most recent agreement signed in Niger was <a href=""https://www.peaceagreements.org/agreements/2569/"" target=""_blank"">Peace Agreement between the communities of the Department of Ouallam (04/06/2023)</a>, as part of the Niger local agreements.</li><li>There has been a total of 12 agreements in Niger, since the first agreement was signed in 1994 (<a href=""https://www.peaceagreements.org/agreements/203/"" target=""_blank"">Accord de Paix entre le Gouvernement de la Republique du Niger et la Coordination de la Resistance Armee (Ouagadougou Accord) (09/10/1994)</a>), in 4 peace processes (Niger peace process, Niger local agreements, Mali Local Processes, Mali - Niger: local agreements in border areas).</li></ul>",436.0,Niger,577.0,49.0,35.0,2.0,0.0,0.0,1114.0,83.0,0.0,0.0,-34.0,-537.0,0.0,0.0,-40.963855421686745,-48.204667863554754,2026-01-31,562.0,Niger,2241,587,216,56,177,48,1606,420,8,39,167,635,16.666666666666664,22.033898305084744,39.76190476190476,39.53922789539228,2026-03-31,2.759,165,Niger ranked 2 out of 165 countries in the Global Peace Index (2025).,124.0,182,Niger ranked 124 out of 182 countries in the Corruption Perception Index (2025).,"In the current period of analysis (Nov 2025) by the <a href='https://data.humdata.org/dataset/global-acute-food-insecurity-country-data', target='_blank'>IPC</a>, 7% of the population of Niger are in IPC Phase 3+ (in food crisis), an estimated 1855774 people. 0% (14516 people) are estimated to be in Phase 4 (emergency).","In Niger there has been a total of 411,685 people displaced, with 99,844 new displacements in 2024 [<a href='https://data.humdata.org/dataset/idmc-internal-displacements-new-displacements-idps', target='_blank'>IDMC</a>].","There are 4 current crises and severity categories listed in the <a href=""https://www.acaps.org/en/thematics/all-topics/inform-severity-index"" target=""_blank"">INFORM Severity Index</a> for Niger: Complex crisis in Niger (High), Conflict in Diffa region (Medium), Cross-border violence in Niger (Medium), International displacement from Nigeria to Niger (Medium), as of 31/03/26.",,"<ul><li>In the current period of analysis (Nov 2025) by the <a href='https://data.humdata.org/dataset/global-acute-food-insecurity-country-data', target='_blank'>IPC</a>, 7% of the population of Niger are in IPC Phase 3+ (in food crisis), an estimated 1855774 people. 0% (14516 people) are estimated to be in Phase 4 (emergency).</li><li>In Niger there has been a total of 411,685 people displaced, with 99,844 new displacements in 2024 [<a href='https://data.humdata.org/dataset/idmc-internal-displacements-new-displacements-idps', target='_blank'>IDMC</a>].</li><li>There are 4 current crises and severity categories listed in the <a href=""https://www.acaps.org/en/thematics/all-topics/inform-severity-index"" target=""_blank"">INFORM Severity Index</a> for Niger: Complex crisis in Niger (High), Conflict in Diffa region (Medium), Cross-border violence in Niger (Medium), International displacement from Nigeria to Niger (Medium), as of 31/03/26.</li></ul>","<ul><li>Niger ranked 2 out of 165 countries in the Global Peace Index (2025).</li><li>Niger ranked 124 out of 182 countries in the Corruption Perception Index (2025).</li><li>In the current period of analysis (Nov 2025) by the <a href='https://data.humdata.org/dataset/global-acute-food-insecurity-country-data', target='_blank'>IPC</a>, 7% of the population of Niger are in IPC Phase 3+ (in food crisis), an estimated 1855774 people. 0% (14516 people) are estimated to be in Phase 4 (emergency).</li><li>In Niger there has been a total of 411,685 people displaced, with 99,844 new displacements in 2024 [<a href='https://data.humdata.org/dataset/idmc-internal-displacements-new-displacements-idps', target='_blank'>IDMC</a>].</li><li>There are 4 current crises and severity categories listed in the <a href=""https://www.acaps.org/en/thematics/all-topics/inform-severity-index"" target=""_blank"">INFORM Severity Index</a> for Niger: Complex crisis in Niger (High), Conflict in Diffa region (Medium), Cross-border violence in Niger (Medium), International displacement from Nigeria to Niger (Medium), as of 31/03/26.</li></ul>"
pax,Niger,101.0,NER,436.0,562.0,NIR,2.0,All,https://www.peaceagreements.org/tracker/all,https://www.peaceagreements.org/agreements/search/?search_type=basic-search&countries=101&match_any_issues=True&name=&text=&signed_after=&signed_before=,12,4,"<ul><li>The most recent agreement signed in Niger was <a href=""https://www.peaceagreements.org/agreements/2569/"" target=""_blank"">Peace Agreement between the communities of the Department of Ouallam (04/06/2023)</a>, as part of the Niger local agreements.</li><li>There has been a total of 12 agreements in Niger, since the first agreement was signed in 1994 (<a href=""https://www.peaceagreements.org/agreements/203/"" target=""_blank"">Accord de Paix entre le Gouvernement de la Republique du Niger et la Coordination de la Resistance Armee (Ouagadougou Accord) (09/10/1994)</a>), in 4 peace processes (Niger peace process, Niger local agreements, Mali Local Processes, Mali - Niger: local agreements in border areas).</li></ul>",436.0,Niger,577.0,49.0,35.0,2.0,0.0,0.0,1114.0,83.0,0.0,0.0,-34.0,-537.0,0.0,0.0,-40.963855421686745,-48.204667863554754,2026-01-31,562.0,Niger,2241,587,216,56,177,48,1606,420,8,39,167,635,16.666666666666664,22.033898305084744,39.76190476190476,39.53922789539228,2026-03-31,143.0,165,Niger ranked 143 out of 165 countries in the Global Peace Index (2025).,124.0,182,Niger ranked 124 out of 182 countries in the Corruption Perception Index (2025).,"In the current period of analysis (Nov 2025) by the <a href='https://data.humdata.org/dataset/global-acute-food-insecurity-country-data', target='_blank'>IPC</a>, 7% of the population of Niger are in IPC Phase 3+ (in food crisis), an estimated 1855774 people. 0% (14516 people) are estimated to be in Phase 4 (emergency).","In Niger there has been a total of 411,685 people displaced, with 99,844 new displacements in 2024 [<a href='https://data.humdata.org/dataset/idmc-internal-displacements-new-displacements-idps', target='_blank'>IDMC</a>].","There are 4 current crises and severity categories listed in the <a href=""https://www.acaps.org/en/thematics/all-topics/inform-severity-index"" target=""_blank"">INFORM Severity Index</a> for Niger: Complex crisis in Niger (High), Conflict in Diffa region (Medium), Cross-border violence in Niger (Medium), International displacement from Nigeria to Niger (Medium), as of 31/03/26.",,"<ul><li>In the current period of analysis (Nov 2025) by the <a href='https://data.humdata.org/dataset/global-acute-food-insecurity-country-data', target='_blank'>IPC</a>, 7% of the population of Niger are in IPC Phase 3+ (in food crisis), an estimated 1855774 people. 0% (14516 people) are estimated to be in Phase 4 (emergency).</li><li>In Niger there has been a total of 411,685 people displaced, with 99,844 new displacements in 2024 [<a href='https://data.humdata.org/dataset/idmc-internal-displacements-new-displacements-idps', target='_blank'>IDMC</a>].</li><li>There are 4 current crises and severity categories listed in the <a href=""https://www.acaps.org/en/thematics/all-topics/inform-severity-index"" target=""_blank"">INFORM Severity Index</a> for Niger: Complex crisis in Niger (High), Conflict in Diffa region (Medium), Cross-border violence in Niger (Medium), International displacement from Nigeria to Niger (Medium), as of 31/03/26.</li></ul>","<ul><li>Niger ranked 143 out of 165 countries in the Global Peace Index (2025).</li><li>Niger ranked 124 out of 182 countries in the Corruption Perception Index (2025).</li><li>In the current period of analysis (Nov 2025) by the <a href='https://data.humdata.org/dataset/global-acute-food-insecurity-country-data', target='_blank'>IPC</a>, 7% of the population of Niger are in IPC Phase 3+ (in food crisis), an estimated 1855774 people. 0% (14516 people) are estimated to be in Phase 4 (emergency).</li><li>In Niger there has been a total of 411,685 people displaced, with 99,844 new displacements in 2024 [<a href='https://data.humdata.org/dataset/idmc-internal-displacements-new-displacements-idps', target='_blank'>IDMC</a>].</li><li>There are 4 current crises and severity categories listed in the <a href=""https://www.acaps.org/en/thematics/all-topics/inform-severity-index"" target=""_blank"">INFORM Severity Index</a> for Niger: Complex crisis in Niger (High), Conflict in Diffa region (Medium), Cross-border violence in Niger (Medium), International displacement from Nigeria to Niger (Medium), as of 31/03/26.</li></ul>"
pax,Nigeria,102.0,NGA,475.0,566.0,NIG,2.0,All,https://www.peaceagreements.org/tracker/all,https://www.peaceagreements.org/agreements/search/?search_type=basic-search&countries=102&match_any_issues=True&name=&text=&signed_after=&signed_before=,15,3,"<ul><li>The most recent agreement signed in Nigeria was <a href=""https://www.peaceagreements.org/agreements/2574/"" target=""_blank"">Effium and Ezza Effium Ceasefire (13/08/2023)</a>, as part of the Nigeria - local agreements.</li><li>There has been a total of 15 agreements in Nigeria, since the first agreement was signed in 2002 (<a href=""https://www.peaceagreements.org/agreements/1013/"" target=""_blank"">Joint Communiqué Establishing the Cameroon-Nigeria Mixed Commission (CNMC) (15/11/2002)</a>), in 3 peace processes (Nigeria - Plateau State Process, Nigeria - local agreements, Cameroon-Nigeria border peace process).</li></ul>",475.0,Nigeria,921.0,176.0,159.0,41.0,1.0,2.0,2874.0,377.0,39.0,158.0,-201.0,-1953.0,1950.0,15800.0,-53.315649867374006,-67.95407098121086,2026-01-31,566.0,Nigeria,13458,5728,1504,575,989,441,10518,4671,134,515,1057,2940,30.385487528344672,52.07280080889788,22.628987368871762,27.95208214489447,2026-03-31,2.869,165,Nigeria ranked 2 out of 165 countries in the Global Peace Index (2025).,142.0,182,Nigeria ranked 142 out of 182 countries in the Corruption Perception Index (2025).,"In the current period of analysis (Sep 2025) by the <a href='https://data.humdata.org/dataset/global-acute-food-insecurity-country-data', target='_blank'>IPC</a>, 12% of the population of Nigeria are in IPC Phase 3+ (in food crisis), an estimated 27212933 people. 0% (857567 people) are estimated to be in Phase 4 (emergency).","In Nigeria there has been a total of 3,359,007 people displaced, with 295,311 new displacements in 2024 [<a href='https://data.humdata.org/dataset/idmc-internal-displacements-new-displacements-idps', target='_blank'>IDMC</a>].","There are 6 current crises and severity categories listed in the <a href=""https://www.acaps.org/en/thematics/all-topics/inform-severity-index"" target=""_blank"">INFORM Severity Index</a> for Nigeria: Complex crisis in Nigeria (Very High), Conflict in North Central Nigeria (High), Conflict in North West Nigeria (High), Conflict in the BAY states (Very High), International displacement from Cameroon to Nigeria (Medium), Multiple Crises in Nigeria (Very High), as of 24/03/26.","Nigeria is one of 12 focus countries in the UK's WPS <a href='https://assets.publishing.service.gov.uk/government/uploads/system/uploads/attachment_data/file/1156085/uk-women-peace-security-national-action-plan-2023-2027.pdf', target='_blank'>National Action Plan</a> for 2023-2027. ","<ul><li>In the current period of analysis (Sep 2025) by the <a href='https://data.humdata.org/dataset/global-acute-food-insecurity-country-data', target='_blank'>IPC</a>, 12% of the population of Nigeria are in IPC Phase 3+ (in food crisis), an estimated 27212933 people. 0% (857567 people) are estimated to be in Phase 4 (emergency).</li><li>In Nigeria there has been a total of 3,359,007 people displaced, with 295,311 new displacements in 2024 [<a href='https://data.humdata.org/dataset/idmc-internal-displacements-new-displacements-idps', target='_blank'>IDMC</a>].</li><li>There are 6 current crises and severity categories listed in the <a href=""https://www.acaps.org/en/thematics/all-topics/inform-severity-index"" target=""_blank"">INFORM Severity Index</a> for Nigeria: Complex crisis in Nigeria (Very High), Conflict in North Central Nigeria (High), Conflict in North West Nigeria (High), Conflict in the BAY states (Very High), International displacement from Cameroon to Nigeria (Medium), Multiple Crises in Nigeria (Very High), as of 24/03/26.</li><li>Nigeria is one of 12 focus countries in the UK's WPS <a href='https://assets.publishing.service.gov.uk/government/uploads/system/uploads/attachment_data/file/1156085/uk-women-peace-security-national-action-plan-2023-2027.pdf', target='_blank'>National Action Plan</a> for 2023-2027.</li></ul>","<ul><li>Nigeria ranked 2 out of 165 countries in the Global Peace Index (2025).</li><li>Nigeria ranked 142 out of 182 countries in the Corruption Perception Index (2025).</li><li>In the current period of analysis (Sep 2025) by the <a href='https://data.humdata.org/dataset/global-acute-food-insecurity-country-data', target='_blank'>IPC</a>, 12% of the population of Nigeria are in IPC Phase 3+ (in food crisis), an estimated 27212933 people. 0% (857567 people) are estimated to be in Phase 4 (emergency).</li><li>In Nigeria there has been a total of 3,359,007 people displaced, with 295,311 new displacements in 2024 [<a href='https://data.humdata.org/dataset/idmc-internal-displacements-new-displacements-idps', target='_blank'>IDMC</a>].</li><li>There are 6 current crises and severity categories listed in the <a href=""https://www.acaps.org/en/thematics/all-topics/inform-severity-index"" target=""_blank"">INFORM Severity Index</a> for Nigeria: Complex crisis in Nigeria (Very High), Conflict in North Central Nigeria (High), Conflict in North West Nigeria (High), Conflict in the BAY states (Very High), International displacement from Cameroon to Nigeria (Medium), Multiple Crises in Nigeria (Very High), as of 24/03/26.</li><li>Nigeria is one of 12 focus countries in the UK's WPS <a href='https://assets.publishing.service.gov.uk/government/uploads/system/uploads/attachment_data/file/1156085/uk-women-peace-security-national-action-plan-2023-2027.pdf', target='_blank'>National Action Plan</a> for 2023-2027.</li></ul>"
pax,Nigeria,102.0,NGA,475.0,566.0,NIG,2.0,All,https://www.peaceagreements.org/tracker/all,https://www.peaceagreements.org/agreements/search/?search_type=basic-search&countries=102&match_any_issues=True&name=&text=&signed_after=&signed_before=,15,3,"<ul><li>The most recent agreement signed in Nigeria was <a href=""https://www.peaceagreements.org/agreements/2574/"" target=""_blank"">Effium and Ezza Effium Ceasefire (13/08/2023)</a>, as part of the Nigeria - local agreements.</li><li>There has been a total of 15 agreements in Nigeria, since the first agreement was signed in 2002 (<a href=""https://www.peaceagreements.org/agreements/1013/"" target=""_blank"">Joint Communiqué Establishing the Cameroon-Nigeria Mixed Commission (CNMC) (15/11/2002)</a>), in 3 peace processes (Nigeria - Plateau State Process, Nigeria - local agreements, Cameroon-Nigeria border peace process).</li></ul>",475.0,Nigeria,921.0,176.0,159.0,41.0,1.0,2.0,2874.0,377.0,39.0,158.0,-201.0,-1953.0,1950.0,15800.0,-53.315649867374006,-67.95407098121086,2026-01-31,566.0,Nigeria,13458,5728,1504,575,989,441,10518,4671,134,515,1057,2940,30.385487528344672,52.07280080889788,22.628987368871762,27.95208214489447,2026-03-31,148.0,165,Nigeria ranked 148 out of 165 countries in the Global Peace Index (2025).,142.0,182,Nigeria ranked 142 out of 182 countries in the Corruption Perception Index (2025).,"In the current period of analysis (Sep 2025) by the <a href='https://data.humdata.org/dataset/global-acute-food-insecurity-country-data', target='_blank'>IPC</a>, 12% of the population of Nigeria are in IPC Phase 3+ (in food crisis), an estimated 27212933 people. 0% (857567 people) are estimated to be in Phase 4 (emergency).","In Nigeria there has been a total of 3,359,007 people displaced, with 295,311 new displacements in 2024 [<a href='https://data.humdata.org/dataset/idmc-internal-displacements-new-displacements-idps', target='_blank'>IDMC</a>].","There are 6 current crises and severity categories listed in the <a href=""https://www.acaps.org/en/thematics/all-topics/inform-severity-index"" target=""_blank"">INFORM Severity Index</a> for Nigeria: Complex crisis in Nigeria (Very High), Conflict in North Central Nigeria (High), Conflict in North West Nigeria (High), Conflict in the BAY states (Very High), International displacement from Cameroon to Nigeria (Medium), Multiple Crises in Nigeria (Very High), as of 24/03/26.","Nigeria is one of 12 focus countries in the UK's WPS <a href='https://assets.publishing.service.gov.uk/government/uploads/system/uploads/attachment_data/file/1156085/uk-women-peace-security-national-action-plan-2023-2027.pdf', target='_blank'>National Action Plan</a> for 2023-2027. ","<ul><li>In the current period of analysis (Sep 2025) by the <a href='https://data.humdata.org/dataset/global-acute-food-insecurity-country-data', target='_blank'>IPC</a>, 12% of the population of Nigeria are in IPC Phase 3+ (in food crisis), an estimated 27212933 people. 0% (857567 people) are estimated to be in Phase 4 (emergency).</li><li>In Nigeria there has been a total of 3,359,007 people displaced, with 295,311 new displacements in 2024 [<a href='https://data.humdata.org/dataset/idmc-internal-displacements-new-displacements-idps', target='_blank'>IDMC</a>].</li><li>There are 6 current crises and severity categories listed in the <a href=""https://www.acaps.org/en/thematics/all-topics/inform-severity-index"" target=""_blank"">INFORM Severity Index</a> for Nigeria: Complex crisis in Nigeria (Very High), Conflict in North Central Nigeria (High), Conflict in North West Nigeria (High), Conflict in the BAY states (Very High), International displacement from Cameroon to Nigeria (Medium), Multiple Crises in Nigeria (Very High), as of 24/03/26.</li><li>Nigeria is one of 12 focus countries in the UK's WPS <a href='https://assets.publishing.service.gov.uk/government/uploads/system/uploads/attachment_data/file/1156085/uk-women-peace-security-national-action-plan-2023-2027.pdf', target='_blank'>National Action Plan</a> for 2023-2027.</li></ul>","<ul><li>Nigeria ranked 148 out of 165 countries in the Global Peace Index (2025).</li><li>Nigeria ranked 142 out of 182 countries in the Corruption Perception Index (2025).</li><li>In the current period of analysis (Sep 2025) by the <a href='https://data.humdata.org/dataset/global-acute-food-insecurity-country-data', target='_blank'>IPC</a>, 12% of the population of Nigeria are in IPC Phase 3+ (in food crisis), an estimated 27212933 people. 0% (857567 people) are estimated to be in Phase 4 (emergency).</li><li>In Nigeria there has been a total of 3,359,007 people displaced, with 295,311 new displacements in 2024 [<a href='https://data.humdata.org/dataset/idmc-internal-displacements-new-displacements-idps', target='_blank'>IDMC</a>].</li><li>There are 6 current crises and severity categories listed in the <a href=""https://www.acaps.org/en/thematics/all-topics/inform-severity-index"" target=""_blank"">INFORM Severity Index</a> for Nigeria: Complex crisis in Nigeria (Very High), Conflict in North Central Nigeria (High), Conflict in North West Nigeria (High), Conflict in the BAY states (Very High), International displacement from Cameroon to Nigeria (Medium), Multiple Crises in Nigeria (Very High), as of 24/03/26.</li><li>Nigeria is one of 12 focus countries in the UK's WPS <a href='https://assets.publishing.service.gov.uk/government/uploads/system/uploads/attachment_data/file/1156085/uk-women-peace-security-national-action-plan-2023-2027.pdf', target='_blank'>National Action Plan</a> for 2023-2027.</li></ul>"
pax,North Korea,103.0,PRK,731.0,408.0,PRK,2.0,All,https://www.peaceagreements.org/tracker/all,https://www.peaceagreements.org/agreements/search/?search_type=basic-search&countries=103&match_any_issues=True&name=&text=&signed_after=&signed_before=,10,2,"<ul><li>The most recent agreement signed in North Korea was <a href=""https://www.peaceagreements.org/agreements/2105/"" target=""_blank"">September 19th Pyongyang Declaration (19/09/2018)</a>, as part of the North Korea - South Korea interstate process.</li><li>There has been a total of 10 agreements in North Korea, since the first agreement was signed in 1991 (<a href=""https://www.peaceagreements.org/agreements/1232/"" target=""_blank"">Agreement on Reconciliation, Non-Aggression, and Exchanges and Cooperation between South and North Korea (13/12/1991)</a>), in 2 peace processes (North Korea - South Korea interstate process, US-North Korea interstate process).</li></ul>",,,,,,,,,,,,,,,,,,,,408.0,North Korea,1,1,0,0,0,0,30,1,0,0,0,-29,0.0,0.0,0.0,-96.66666666666667,2026-03-31,2.911,165,North Korea ranked 2 out of 165 countries in the Global Peace Index (2025).,172.0,182,"Korea, North ranked 172 out of 182 countries in the Corruption Perception Index (2025).",,,"There is 1 current crisis and severity category listed in the <a href=""https://www.acaps.org/en/thematics/all-topics/inform-severity-index"" target=""_blank"">INFORM Severity Index</a> for DPRK: Complex crisis in DPRK (High), as of 31/01/26.",,"<ul><li>There is 1 current crisis and severity category listed in the <a href=""https://www.acaps.org/en/thematics/all-topics/inform-severity-index"" target=""_blank"">INFORM Severity Index</a> for DPRK: Complex crisis in DPRK (High), as of 31/01/26.</li></ul>","<ul><li>North Korea ranked 2 out of 165 countries in the Global Peace Index (2025).</li><li>Korea, North ranked 172 out of 182 countries in the Corruption Perception Index (2025).</li><li>There is 1 current crisis and severity category listed in the <a href=""https://www.acaps.org/en/thematics/all-topics/inform-severity-index"" target=""_blank"">INFORM Severity Index</a> for DPRK: Complex crisis in DPRK (High), as of 31/01/26.</li></ul>"
pax,North Korea,103.0,PRK,731.0,408.0,PRK,2.0,All,https://www.peaceagreements.org/tracker/all,https://www.peaceagreements.org/agreements/search/?search_type=basic-search&countries=103&match_any_issues=True&name=&text=&signed_after=&signed_before=,10,2,"<ul><li>The most recent agreement signed in North Korea was <a href=""https://www.peaceagreements.org/agreements/2105/"" target=""_blank"">September 19th Pyongyang Declaration (19/09/2018)</a>, as part of the North Korea - South Korea interstate process.</li><li>There has been a total of 10 agreements in North Korea, since the first agreement was signed in 1991 (<a href=""https://www.peaceagreements.org/agreements/1232/"" target=""_blank"">Agreement on Reconciliation, Non-Aggression, and Exchanges and Cooperation between South and North Korea (13/12/1991)</a>), in 2 peace processes (North Korea - South Korea interstate process, US-North Korea interstate process).</li></ul>",,,,,,,,,,,,,,,,,,,,408.0,North Korea,1,1,0,0,0,0,30,1,0,0,0,-29,0.0,0.0,0.0,-96.66666666666667,2026-03-31,149.0,165,North Korea ranked 149 out of 165 countries in the Global Peace Index (2025).,172.0,182,"Korea, North ranked 172 out of 182 countries in the Corruption Perception Index (2025).",,,"There is 1 current crisis and severity category listed in the <a href=""https://www.acaps.org/en/thematics/all-topics/inform-severity-index"" target=""_blank"">INFORM Severity Index</a> for DPRK: Complex crisis in DPRK (High), as of 31/01/26.",,"<ul><li>There is 1 current crisis and severity category listed in the <a href=""https://www.acaps.org/en/thematics/all-topics/inform-severity-index"" target=""_blank"">INFORM Severity Index</a> for DPRK: Complex crisis in DPRK (High), as of 31/01/26.</li></ul>","<ul><li>North Korea ranked 149 out of 165 countries in the Global Peace Index (2025).</li><li>Korea, North ranked 172 out of 182 countries in the Corruption Perception Index (2025).</li><li>There is 1 current crisis and severity category listed in the <a href=""https://www.acaps.org/en/thematics/all-topics/inform-severity-index"" target=""_blank"">INFORM Severity Index</a> for DPRK: Complex crisis in DPRK (High), as of 31/01/26.</li></ul>"
pax,Pakistan,109.0,PAK,770.0,586.0,PAK,2.0,All,https://www.peaceagreements.org/tracker/all,https://www.peaceagreements.org/agreements/search/?search_type=basic-search&countries=109&match_any_issues=True&name=&text=&signed_after=&signed_before=,18,4,"<ul><li>The most recent agreement signed in Pakistan was <a href=""https://www.peaceagreements.org/agreements/2879/"" target=""_blank"">Joint Statement on the Talks Between Afghanistan and Pakistan Through the Mediation of Türkiye and Qatar (30/10/2025)</a>, as part of the Afghanistan-Pakistan: border incursions process.</li><li>There has been a total of 18 agreements in Pakistan, since the first agreement was signed in 1991 (<a href=""https://www.peaceagreements.org/agreements/1522/"" target=""_blank"">Agreement between India and Pakistan on Prevention of Air Space Violations and for Permitting over flights and landings by military aircraft (06/04/1991)</a>), in 4 peace processes (Pakistan-Taliban process, India-Pakistan border and related process, Afghanistan: 2000s Post-intervention process, Afghanistan-Pakistan: border incursions process).</li></ul>",770.0,Pakistan,1548.0,462.0,319.0,62.0,3.0,3.0,2105.0,755.0,59.0,316.0,-293.0,-557.0,1966.6666666666667,10533.333333333332,-38.80794701986755,-26.46080760095012,2026-01-31,586.0,Pakistan,5462,3802,427,365,506,291,3707,2735,74,-79,1067,1755,25.42955326460481,-15.612648221343871,39.0127970749543,47.34286485028325,2026-03-31,144.0,165,Pakistan ranked 144 out of 165 countries in the Global Peace Index (2025).,136.0,182,Pakistan ranked 136 out of 182 countries in the Corruption Perception Index (2025).,"In the current period of analysis (Dec 2025) by the <a href='https://data.humdata.org/dataset/global-acute-food-insecurity-country-data', target='_blank'>IPC</a>, 22% of the population of Pakistan are in IPC Phase 3+ (in food crisis), an estimated 7543856 people. 4% (1249268 people) are estimated to be in Phase 4 (emergency).","In Pakistan there has been a total of 21,539 people displaced, with 3,523 new displacements in 2024 [<a href='https://data.humdata.org/dataset/idmc-internal-displacements-new-displacements-idps', target='_blank'>IDMC</a>].","There are 6 current crises and severity categories listed in the <a href=""https://www.acaps.org/en/thematics/all-topics/inform-severity-index"" target=""_blank"">INFORM Severity Index</a> for Pakistan: 2025 Monsoon Floods (High), Complex crisis in Pakistan (High), Conflict in Azad Jammu & Kashmir (None), Displacement from Afghanistan to Pakistan (High), Floods and political and economic crisis  (Very High), Multiple crises in Pakistan (High), as of 31/03/26.",,"<ul><li>In the current period of analysis (Dec 2025) by the <a href='https://data.humdata.org/dataset/global-acute-food-insecurity-country-data', target='_blank'>IPC</a>, 22% of the population of Pakistan are in IPC Phase 3+ (in food crisis), an estimated 7543856 people. 4% (1249268 people) are estimated to be in Phase 4 (emergency).</li><li>In Pakistan there has been a total of 21,539 people displaced, with 3,523 new displacements in 2024 [<a href='https://data.humdata.org/dataset/idmc-internal-displacements-new-displacements-idps', target='_blank'>IDMC</a>].</li><li>There are 6 current crises and severity categories listed in the <a href=""https://www.acaps.org/en/thematics/all-topics/inform-severity-index"" target=""_blank"">INFORM Severity Index</a> for Pakistan: 2025 Monsoon Floods (High), Complex crisis in Pakistan (High), Conflict in Azad Jammu & Kashmir (None), Displacement from Afghanistan to Pakistan (High), Floods and political and economic crisis  (Very High), Multiple crises in Pakistan (High), as of 31/03/26.</li></ul>","<ul><li>Pakistan ranked 144 out of 165 countries in the Global Peace Index (2025).</li><li>Pakistan ranked 136 out of 182 countries in the Corruption Perception Index (2025).</li><li>In the current period of analysis (Dec 2025) by the <a href='https://data.humdata.org/dataset/global-acute-food-insecurity-country-data', target='_blank'>IPC</a>, 22% of the population of Pakistan are in IPC Phase 3+ (in food crisis), an estimated 7543856 people. 4% (1249268 people) are estimated to be in Phase 4 (emergency).</li><li>In Pakistan there has been a total of 21,539 people displaced, with 3,523 new displacements in 2024 [<a href='https://data.humdata.org/dataset/idmc-internal-displacements-new-displacements-idps', target='_blank'>IDMC</a>].</li><li>There are 6 current crises and severity categories listed in the <a href=""https://www.acaps.org/en/thematics/all-topics/inform-severity-index"" target=""_blank"">INFORM Severity Index</a> for Pakistan: 2025 Monsoon Floods (High), Complex crisis in Pakistan (High), Conflict in Azad Jammu & Kashmir (None), Displacement from Afghanistan to Pakistan (High), Floods and political and economic crisis  (Very High), Multiple crises in Pakistan (High), as of 31/03/26.</li></ul>"
pax,Pakistan,109.0,PAK,770.0,586.0,PAK,2.0,All,https://www.peaceagreements.org/tracker/all,https://www.peaceagreements.org/agreements/search/?search_type=basic-search&countries=109&match_any_issues=True&name=&text=&signed_after=&signed_before=,18,4,"<ul><li>The most recent agreement signed in Pakistan was <a href=""https://www.peaceagreements.org/agreements/2879/"" target=""_blank"">Joint Statement on the Talks Between Afghanistan and Pakistan Through the Mediation of Türkiye and Qatar (30/10/2025)</a>, as part of the Afghanistan-Pakistan: border incursions process.</li><li>There has been a total of 18 agreements in Pakistan, since the first agreement was signed in 1991 (<a href=""https://www.peaceagreements.org/agreements/1522/"" target=""_blank"">Agreement between India and Pakistan on Prevention of Air Space Violations and for Permitting over flights and landings by military aircraft (06/04/1991)</a>), in 4 peace processes (Pakistan-Taliban process, India-Pakistan border and related process, Afghanistan: 2000s Post-intervention process, Afghanistan-Pakistan: border incursions process).</li></ul>",770.0,Pakistan,1548.0,462.0,319.0,62.0,3.0,3.0,2105.0,755.0,59.0,316.0,-293.0,-557.0,1966.6666666666667,10533.333333333332,-38.80794701986755,-26.46080760095012,2026-01-31,586.0,Pakistan,5462,3802,427,365,506,291,3707,2735,74,-79,1067,1755,25.42955326460481,-15.612648221343871,39.0127970749543,47.34286485028325,2026-03-31,2.797,165,Pakistan ranked 2 out of 165 countries in the Global Peace Index (2025).,136.0,182,Pakistan ranked 136 out of 182 countries in the Corruption Perception Index (2025).,"In the current period of analysis (Dec 2025) by the <a href='https://data.humdata.org/dataset/global-acute-food-insecurity-country-data', target='_blank'>IPC</a>, 22% of the population of Pakistan are in IPC Phase 3+ (in food crisis), an estimated 7543856 people. 4% (1249268 people) are estimated to be in Phase 4 (emergency).","In Pakistan there has been a total of 21,539 people displaced, with 3,523 new displacements in 2024 [<a href='https://data.humdata.org/dataset/idmc-internal-displacements-new-displacements-idps', target='_blank'>IDMC</a>].","There are 6 current crises and severity categories listed in the <a href=""https://www.acaps.org/en/thematics/all-topics/inform-severity-index"" target=""_blank"">INFORM Severity Index</a> for Pakistan: 2025 Monsoon Floods (High), Complex crisis in Pakistan (High), Conflict in Azad Jammu & Kashmir (None), Displacement from Afghanistan to Pakistan (High), Floods and political and economic crisis  (Very High), Multiple crises in Pakistan (High), as of 31/03/26.",,"<ul><li>In the current period of analysis (Dec 2025) by the <a href='https://data.humdata.org/dataset/global-acute-food-insecurity-country-data', target='_blank'>IPC</a>, 22% of the population of Pakistan are in IPC Phase 3+ (in food crisis), an estimated 7543856 people. 4% (1249268 people) are estimated to be in Phase 4 (emergency).</li><li>In Pakistan there has been a total of 21,539 people displaced, with 3,523 new displacements in 2024 [<a href='https://data.humdata.org/dataset/idmc-internal-displacements-new-displacements-idps', target='_blank'>IDMC</a>].</li><li>There are 6 current crises and severity categories listed in the <a href=""https://www.acaps.org/en/thematics/all-topics/inform-severity-index"" target=""_blank"">INFORM Severity Index</a> for Pakistan: 2025 Monsoon Floods (High), Complex crisis in Pakistan (High), Conflict in Azad Jammu & Kashmir (None), Displacement from Afghanistan to Pakistan (High), Floods and political and economic crisis  (Very High), Multiple crises in Pakistan (High), as of 31/03/26.</li></ul>","<ul><li>Pakistan ranked 2 out of 165 countries in the Global Peace Index (2025).</li><li>Pakistan ranked 136 out of 182 countries in the Corruption Perception Index (2025).</li><li>In the current period of analysis (Dec 2025) by the <a href='https://data.humdata.org/dataset/global-acute-food-insecurity-country-data', target='_blank'>IPC</a>, 22% of the population of Pakistan are in IPC Phase 3+ (in food crisis), an estimated 7543856 people. 4% (1249268 people) are estimated to be in Phase 4 (emergency).</li><li>In Pakistan there has been a total of 21,539 people displaced, with 3,523 new displacements in 2024 [<a href='https://data.humdata.org/dataset/idmc-internal-displacements-new-displacements-idps', target='_blank'>IDMC</a>].</li><li>There are 6 current crises and severity categories listed in the <a href=""https://www.acaps.org/en/thematics/all-topics/inform-severity-index"" target=""_blank"">INFORM Severity Index</a> for Pakistan: 2025 Monsoon Floods (High), Complex crisis in Pakistan (High), Conflict in Azad Jammu & Kashmir (None), Displacement from Afghanistan to Pakistan (High), Floods and political and economic crisis  (Very High), Multiple crises in Pakistan (High), as of 31/03/26.</li></ul>"
pax,Papua New Guinea,111.0,PNG,910.0,598.0,PNG,2.0,All,https://www.peaceagreements.org/tracker/all,https://www.peaceagreements.org/agreements/search/?search_type=basic-search&countries=111&match_any_issues=True&name=&text=&signed_after=&signed_before=,41,2,"<ul><li>The most recent agreement signed in Papua New Guinea was <a href=""https://www.peaceagreements.org/agreements/2799/"" target=""_blank"">Melanesian Agreement (26/06/2025)</a>, as part of the Bougainville: peace process.</li><li>There has been a total of 41 agreements in Papua New Guinea, since the first agreement was signed in 1990 (<a href=""https://www.peaceagreements.org/agreements/295/"" target=""_blank"">Agreement to End Hostilities on Bougainville (01/03/1990)</a>), in 2 peace processes (Bougainville: peace process, Papua New Guinea: local agreements).</li></ul>",,,,,,,,,,,,,,,,,,,,598.0,Papua New Guinea,157,182,13,14,20,14,259,189,0,-7,-7,-102,0.0,-35.0,-3.7037037037037033,-39.38223938223938,2026-03-31,116.0,165,Papua New Guinea ranked 116 out of 165 countries in the Global Peace Index (2025).,142.0,182,Papua New Guinea ranked 142 out of 182 countries in the Corruption Perception Index (2025).,,"In Papua New Guinea there has been a total of 84,051 people displaced, with 11,721 new displacements in 2024 [<a href='https://data.humdata.org/dataset/idmc-internal-displacements-new-displacements-idps', target='_blank'>IDMC</a>].","There is 1 current crisis and severity category listed in the <a href=""https://www.acaps.org/en/thematics/all-topics/inform-severity-index"" target=""_blank"">INFORM Severity Index</a> for Papua New Guinea: Conflict in Highlands (Low), as of 23/02/26.",,"<ul><li>In Papua New Guinea there has been a total of 84,051 people displaced, with 11,721 new displacements in 2024 [<a href='https://data.humdata.org/dataset/idmc-internal-displacements-new-displacements-idps', target='_blank'>IDMC</a>].</li><li>There is 1 current crisis and severity category listed in the <a href=""https://www.acaps.org/en/thematics/all-topics/inform-severity-index"" target=""_blank"">INFORM Severity Index</a> for Papua New Guinea: Conflict in Highlands (Low), as of 23/02/26.</li></ul>","<ul><li>Papua New Guinea ranked 116 out of 165 countries in the Global Peace Index (2025).</li><li>Papua New Guinea ranked 142 out of 182 countries in the Corruption Perception Index (2025).</li><li>In Papua New Guinea there has been a total of 84,051 people displaced, with 11,721 new displacements in 2024 [<a href='https://data.humdata.org/dataset/idmc-internal-displacements-new-displacements-idps', target='_blank'>IDMC</a>].</li><li>There is 1 current crisis and severity category listed in the <a href=""https://www.acaps.org/en/thematics/all-topics/inform-severity-index"" target=""_blank"">INFORM Severity Index</a> for Papua New Guinea: Conflict in Highlands (Low), as of 23/02/26.</li></ul>"
pax,Papua New Guinea,111.0,PNG,910.0,598.0,PNG,2.0,All,https://www.peaceagreements.org/tracker/all,https://www.peaceagreements.org/agreements/search/?search_type=basic-search&countries=111&match_any_issues=True&name=&text=&signed_after=&signed_before=,41,2,"<ul><li>The most recent agreement signed in Papua New Guinea was <a href=""https://www.peaceagreements.org/agreements/2799/"" target=""_blank"">Melanesian Agreement (26/06/2025)</a>, as part of the Bougainville: peace process.</li><li>There has been a total of 41 agreements in Papua New Guinea, since the first agreement was signed in 1990 (<a href=""https://www.peaceagreements.org/agreements/295/"" target=""_blank"">Agreement to End Hostilities on Bougainville (01/03/1990)</a>), in 2 peace processes (Bougainville: peace process, Papua New Guinea: local agreements).</li></ul>",,,,,,,,,,,,,,,,,,,,598.0,Papua New Guinea,157,182,13,14,20,14,259,189,0,-7,-7,-102,0.0,-35.0,-3.7037037037037033,-39.38223938223938,2026-03-31,2.23,165,Papua New Guinea ranked 2 out of 165 countries in the Global Peace Index (2025).,142.0,182,Papua New Guinea ranked 142 out of 182 countries in the Corruption Perception Index (2025).,,"In Papua New Guinea there has been a total of 84,051 people displaced, with 11,721 new displacements in 2024 [<a href='https://data.humdata.org/dataset/idmc-internal-displacements-new-displacements-idps', target='_blank'>IDMC</a>].","There is 1 current crisis and severity category listed in the <a href=""https://www.acaps.org/en/thematics/all-topics/inform-severity-index"" target=""_blank"">INFORM Severity Index</a> for Papua New Guinea: Conflict in Highlands (Low), as of 23/02/26.",,"<ul><li>In Papua New Guinea there has been a total of 84,051 people displaced, with 11,721 new displacements in 2024 [<a href='https://data.humdata.org/dataset/idmc-internal-displacements-new-displacements-idps', target='_blank'>IDMC</a>].</li><li>There is 1 current crisis and severity category listed in the <a href=""https://www.acaps.org/en/thematics/all-topics/inform-severity-index"" target=""_blank"">INFORM Severity Index</a> for Papua New Guinea: Conflict in Highlands (Low), as of 23/02/26.</li></ul>","<ul><li>Papua New Guinea ranked 2 out of 165 countries in the Global Peace Index (2025).</li><li>Papua New Guinea ranked 142 out of 182 countries in the Corruption Perception Index (2025).</li><li>In Papua New Guinea there has been a total of 84,051 people displaced, with 11,721 new displacements in 2024 [<a href='https://data.humdata.org/dataset/idmc-internal-displacements-new-displacements-idps', target='_blank'>IDMC</a>].</li><li>There is 1 current crisis and severity category listed in the <a href=""https://www.acaps.org/en/thematics/all-topics/inform-severity-index"" target=""_blank"">INFORM Severity Index</a> for Papua New Guinea: Conflict in Highlands (Low), as of 23/02/26.</li></ul>"
pax,Peru,112.0,PER,135.0,604.0,PER,2.0,All,https://www.peaceagreements.org/tracker/all,https://www.peaceagreements.org/agreements/search/?search_type=basic-search&countries=112&match_any_issues=True&name=&text=&signed_after=&signed_before=,14,1,"<ul><li>The most recent agreement signed in Peru was <a href=""https://www.peaceagreements.org/agreements/141/"" target=""_blank"">Acuerdo de Bases respecto de la rehabilitación o reconstrucción de la bocatoma y obras conexas del Canal de Zarumilla Grupo de Trabajo sobre el Canal de Zarumilla (26/10/1998)</a>, as part of the Ecuador-Peru border dispute peace process.</li><li>There has been a total of 14 agreements in Peru, since the first agreement was signed in 1995 (<a href=""https://www.peaceagreements.org/agreements/352/"" target=""_blank"">Declaracion de Itamaraty (17/02/1995)</a>), in 1 peace process (Ecuador-Peru border dispute peace process).</li></ul>",,,,,,,,,,,,,,,,,,,,604.0,Peru,46,235,9,12,4,14,51,261,-2,5,-26,-5,-14.285714285714285,125.0,-9.961685823754788,-9.803921568627452,2026-03-31,2.073,165,Peru ranked 2 out of 165 countries in the Global Peace Index (2025).,130.0,182,Peru ranked 130 out of 182 countries in the Corruption Perception Index (2025).,,"In Peru, there has been a total of 77,788 people displaced as of end of 2024 [<a href='https://data.humdata.org/dataset/idmc-internal-displacements-new-displacements-idps', target='_blank'>IDMC</a>].","There is 1 current crisis and severity category listed in the <a href=""https://www.acaps.org/en/thematics/all-topics/inform-severity-index"" target=""_blank"">INFORM Severity Index</a> for Peru: Displacement from Venezuela to Peru (Medium), as of 30/03/26.",,"<ul><li>In Peru, there has been a total of 77,788 people displaced as of end of 2024 [<a href='https://data.humdata.org/dataset/idmc-internal-displacements-new-displacements-idps', target='_blank'>IDMC</a>].</li><li>There is 1 current crisis and severity category listed in the <a href=""https://www.acaps.org/en/thematics/all-topics/inform-severity-index"" target=""_blank"">INFORM Severity Index</a> for Peru: Displacement from Venezuela to Peru (Medium), as of 30/03/26.</li></ul>","<ul><li>Peru ranked 2 out of 165 countries in the Global Peace Index (2025).</li><li>Peru ranked 130 out of 182 countries in the Corruption Perception Index (2025).</li><li>In Peru, there has been a total of 77,788 people displaced as of end of 2024 [<a href='https://data.humdata.org/dataset/idmc-internal-displacements-new-displacements-idps', target='_blank'>IDMC</a>].</li><li>There is 1 current crisis and severity category listed in the <a href=""https://www.acaps.org/en/thematics/all-topics/inform-severity-index"" target=""_blank"">INFORM Severity Index</a> for Peru: Displacement from Venezuela to Peru (Medium), as of 30/03/26.</li></ul>"
pax,Peru,112.0,PER,135.0,604.0,PER,2.0,All,https://www.peaceagreements.org/tracker/all,https://www.peaceagreements.org/agreements/search/?search_type=basic-search&countries=112&match_any_issues=True&name=&text=&signed_after=&signed_before=,14,1,"<ul><li>The most recent agreement signed in Peru was <a href=""https://www.peaceagreements.org/agreements/141/"" target=""_blank"">Acuerdo de Bases respecto de la rehabilitación o reconstrucción de la bocatoma y obras conexas del Canal de Zarumilla Grupo de Trabajo sobre el Canal de Zarumilla (26/10/1998)</a>, as part of the Ecuador-Peru border dispute peace process.</li><li>There has been a total of 14 agreements in Peru, since the first agreement was signed in 1995 (<a href=""https://www.peaceagreements.org/agreements/352/"" target=""_blank"">Declaracion de Itamaraty (17/02/1995)</a>), in 1 peace process (Ecuador-Peru border dispute peace process).</li></ul>",,,,,,,,,,,,,,,,,,,,604.0,Peru,46,235,9,12,4,14,51,261,-2,5,-26,-5,-14.285714285714285,125.0,-9.961685823754788,-9.803921568627452,2026-03-31,96.0,165,Peru ranked 96 out of 165 countries in the Global Peace Index (2025).,130.0,182,Peru ranked 130 out of 182 countries in the Corruption Perception Index (2025).,,"In Peru, there has been a total of 77,788 people displaced as of end of 2024 [<a href='https://data.humdata.org/dataset/idmc-internal-displacements-new-displacements-idps', target='_blank'>IDMC</a>].","There is 1 current crisis and severity category listed in the <a href=""https://www.acaps.org/en/thematics/all-topics/inform-severity-index"" target=""_blank"">INFORM Severity Index</a> for Peru: Displacement from Venezuela to Peru (Medium), as of 30/03/26.",,"<ul><li>In Peru, there has been a total of 77,788 people displaced as of end of 2024 [<a href='https://data.humdata.org/dataset/idmc-internal-displacements-new-displacements-idps', target='_blank'>IDMC</a>].</li><li>There is 1 current crisis and severity category listed in the <a href=""https://www.acaps.org/en/thematics/all-topics/inform-severity-index"" target=""_blank"">INFORM Severity Index</a> for Peru: Displacement from Venezuela to Peru (Medium), as of 30/03/26.</li></ul>","<ul><li>Peru ranked 96 out of 165 countries in the Global Peace Index (2025).</li><li>Peru ranked 130 out of 182 countries in the Corruption Perception Index (2025).</li><li>In Peru, there has been a total of 77,788 people displaced as of end of 2024 [<a href='https://data.humdata.org/dataset/idmc-internal-displacements-new-displacements-idps', target='_blank'>IDMC</a>].</li><li>There is 1 current crisis and severity category listed in the <a href=""https://www.acaps.org/en/thematics/all-topics/inform-severity-index"" target=""_blank"">INFORM Severity Index</a> for Peru: Displacement from Venezuela to Peru (Medium), as of 30/03/26.</li></ul>"
pax,Philippines,113.0,PHL,840.0,608.0,PHI,1.0,Philippines,https://www.peaceagreements.org/tracker/philippines,https://www.peaceagreements.org/agreements/search/?search_type=basic-search&countries=113&match_any_issues=True&name=&text=&signed_after=&signed_before=,165,5,"<ul><li>The most recent agreement signed in Philippines was <a href=""https://www.peaceagreements.org/agreements/2718/"" target=""_blank"">Joint Statement of the GPH-MILF Peace Implementing Panels (10/02/2024)</a>, as part of the Philippines - Mindanao process.</li><li>There has been a total of 165 agreements in Philippines, since the first agreement was signed in 1992 (<a href=""https://www.peaceagreements.org/agreements/569/"" target=""_blank"">The Hague Joint Declaration (01/09/1992)</a>), in 5 peace processes (Philippines-NDF process, Philippines - Mindanao process, Philippines: RAM process, Philippines - Cordillera process, Philippines-Mindanao: Local Processes).</li></ul>",840.0,Philippines,52.0,18.0,0.0,0.0,0.0,0.0,157.0,60.0,0.0,0.0,-42.0,-105.0,0.0,0.0,-70.0,-66.87898089171973,2026-01-31,608.0,Philippines,519,502,38,40,22,23,601,584,17,16,-82,-82,73.91304347826086,72.72727272727273,-14.04109589041096,-13.643926788685523,2026-03-31,2.148,165,Philippines ranked 2 out of 165 countries in the Global Peace Index (2025).,120.0,182,Philippines ranked 120 out of 182 countries in the Corruption Perception Index (2025).,,"In Philippines there has been a total of 123,025 people displaced, with 193,055 new displacements in 2024 [<a href='https://data.humdata.org/dataset/idmc-internal-displacements-new-displacements-idps', target='_blank'>IDMC</a>].","There are 4 current crises and severity categories listed in the <a href=""https://www.acaps.org/en/thematics/all-topics/inform-severity-index"" target=""_blank"">INFORM Severity Index</a> for Philippines: 2025 Earthquake in Regions VII, XI and XIII (Low), 2025 Southwest Monsoon Floods and Cyclones (Medium), Conflict in Mindanao (Medium), Multiple crises in the Philippines (Medium), as of 30/03/26.",,"<ul><li>In Philippines there has been a total of 123,025 people displaced, with 193,055 new displacements in 2024 [<a href='https://data.humdata.org/dataset/idmc-internal-displacements-new-displacements-idps', target='_blank'>IDMC</a>].</li><li>There are 4 current crises and severity categories listed in the <a href=""https://www.acaps.org/en/thematics/all-topics/inform-severity-index"" target=""_blank"">INFORM Severity Index</a> for Philippines: 2025 Earthquake in Regions VII, XI and XIII (Low), 2025 Southwest Monsoon Floods and Cyclones (Medium), Conflict in Mindanao (Medium), Multiple crises in the Philippines (Medium), as of 30/03/26.</li></ul>","<ul><li>Philippines ranked 2 out of 165 countries in the Global Peace Index (2025).</li><li>Philippines ranked 120 out of 182 countries in the Corruption Perception Index (2025).</li><li>In Philippines there has been a total of 123,025 people displaced, with 193,055 new displacements in 2024 [<a href='https://data.humdata.org/dataset/idmc-internal-displacements-new-displacements-idps', target='_blank'>IDMC</a>].</li><li>There are 4 current crises and severity categories listed in the <a href=""https://www.acaps.org/en/thematics/all-topics/inform-severity-index"" target=""_blank"">INFORM Severity Index</a> for Philippines: 2025 Earthquake in Regions VII, XI and XIII (Low), 2025 Southwest Monsoon Floods and Cyclones (Medium), Conflict in Mindanao (Medium), Multiple crises in the Philippines (Medium), as of 30/03/26.</li></ul>"
pax,Philippines,113.0,PHL,840.0,608.0,PHI,1.0,Philippines,https://www.peaceagreements.org/tracker/philippines,https://www.peaceagreements.org/agreements/search/?search_type=basic-search&countries=113&match_any_issues=True&name=&text=&signed_after=&signed_before=,165,5,"<ul><li>The most recent agreement signed in Philippines was <a href=""https://www.peaceagreements.org/agreements/2718/"" target=""_blank"">Joint Statement of the GPH-MILF Peace Implementing Panels (10/02/2024)</a>, as part of the Philippines - Mindanao process.</li><li>There has been a total of 165 agreements in Philippines, since the first agreement was signed in 1992 (<a href=""https://www.peaceagreements.org/agreements/569/"" target=""_blank"">The Hague Joint Declaration (01/09/1992)</a>), in 5 peace processes (Philippines-NDF process, Philippines - Mindanao process, Philippines: RAM process, Philippines - Cordillera process, Philippines-Mindanao: Local Processes).</li></ul>",840.0,Philippines,52.0,18.0,0.0,0.0,0.0,0.0,157.0,60.0,0.0,0.0,-42.0,-105.0,0.0,0.0,-70.0,-66.87898089171973,2026-01-31,608.0,Philippines,519,502,38,40,22,23,601,584,17,16,-82,-82,73.91304347826086,72.72727272727273,-14.04109589041096,-13.643926788685523,2026-03-31,105.0,165,Philippines ranked 105 out of 165 countries in the Global Peace Index (2025).,120.0,182,Philippines ranked 120 out of 182 countries in the Corruption Perception Index (2025).,,"In Philippines there has been a total of 123,025 people displaced, with 193,055 new displacements in 2024 [<a href='https://data.humdata.org/dataset/idmc-internal-displacements-new-displacements-idps', target='_blank'>IDMC</a>].","There are 4 current crises and severity categories listed in the <a href=""https://www.acaps.org/en/thematics/all-topics/inform-severity-index"" target=""_blank"">INFORM Severity Index</a> for Philippines: 2025 Earthquake in Regions VII, XI and XIII (Low), 2025 Southwest Monsoon Floods and Cyclones (Medium), Conflict in Mindanao (Medium), Multiple crises in the Philippines (Medium), as of 30/03/26.",,"<ul><li>In Philippines there has been a total of 123,025 people displaced, with 193,055 new displacements in 2024 [<a href='https://data.humdata.org/dataset/idmc-internal-displacements-new-displacements-idps', target='_blank'>IDMC</a>].</li><li>There are 4 current crises and severity categories listed in the <a href=""https://www.acaps.org/en/thematics/all-topics/inform-severity-index"" target=""_blank"">INFORM Severity Index</a> for Philippines: 2025 Earthquake in Regions VII, XI and XIII (Low), 2025 Southwest Monsoon Floods and Cyclones (Medium), Conflict in Mindanao (Medium), Multiple crises in the Philippines (Medium), as of 30/03/26.</li></ul>","<ul><li>Philippines ranked 105 out of 165 countries in the Global Peace Index (2025).</li><li>Philippines ranked 120 out of 182 countries in the Corruption Perception Index (2025).</li><li>In Philippines there has been a total of 123,025 people displaced, with 193,055 new displacements in 2024 [<a href='https://data.humdata.org/dataset/idmc-internal-displacements-new-displacements-idps', target='_blank'>IDMC</a>].</li><li>There are 4 current crises and severity categories listed in the <a href=""https://www.acaps.org/en/thematics/all-topics/inform-severity-index"" target=""_blank"">INFORM Severity Index</a> for Philippines: 2025 Earthquake in Regions VII, XI and XIII (Low), 2025 Southwest Monsoon Floods and Cyclones (Medium), Conflict in Mindanao (Medium), Multiple crises in the Philippines (Medium), as of 30/03/26.</li></ul>"
pax,Portugal,154.0,PRT,235.0,620.0,POR,2.0,All,https://www.peaceagreements.org/tracker/all,https://www.peaceagreements.org/agreements/search/?search_type=basic-search&countries=154&match_any_issues=True&name=&text=&signed_after=&signed_before=,1,1,"<ul><li>The most recent agreement signed in Portugal was <a href=""https://www.peaceagreements.org/agreements/241/"" target=""_blank"">Agreement Between the Republic of Indonesia and the Portuguese Republic on the Question of East Timor (05/05/1999)</a>, as part of the East Timor-Indonesia peace process.</li><li>There has been a total of 1 agreement in Portugal, since the first agreement was signed in 1999 (<a href=""https://www.peaceagreements.org/agreements/241/"" target=""_blank"">Agreement Between the Republic of Indonesia and the Portuguese Republic on the Question of East Timor (05/05/1999)</a>), in 1 peace process (East Timor-Indonesia peace process).</li></ul>",,,,,,,,,,,,,,,,,,,,620.0,Portugal,0,3,0,0,0,0,1,3,0,0,0,-1,0.0,0.0,0.0,-100.0,2026-03-31,1.371,165,Portugal ranked 1 out of 165 countries in the Global Peace Index (2025).,46.0,182,Portugal ranked 46 out of 182 countries in the Corruption Perception Index (2025).,,,,, ,<ul><li>Portugal ranked 1 out of 165 countries in the Global Peace Index (2025).</li><li>Portugal ranked 46 out of 182 countries in the Corruption Perception Index (2025).</li></ul>
pax,Portugal,154.0,PRT,235.0,620.0,POR,2.0,All,https://www.peaceagreements.org/tracker/all,https://www.peaceagreements.org/agreements/search/?search_type=basic-search&countries=154&match_any_issues=True&name=&text=&signed_after=&signed_before=,1,1,"<ul><li>The most recent agreement signed in Portugal was <a href=""https://www.peaceagreements.org/agreements/241/"" target=""_blank"">Agreement Between the Republic of Indonesia and the Portuguese Republic on the Question of East Timor (05/05/1999)</a>, as part of the East Timor-Indonesia peace process.</li><li>There has been a total of 1 agreement in Portugal, since the first agreement was signed in 1999 (<a href=""https://www.peaceagreements.org/agreements/241/"" target=""_blank"">Agreement Between the Republic of Indonesia and the Portuguese Republic on the Question of East Timor (05/05/1999)</a>), in 1 peace process (East Timor-Indonesia peace process).</li></ul>",,,,,,,,,,,,,,,,,,,,620.0,Portugal,0,3,0,0,0,0,1,3,0,0,0,-1,0.0,0.0,0.0,-100.0,2026-03-31,7.0,165,Portugal ranked 7 out of 165 countries in the Global Peace Index (2025).,46.0,182,Portugal ranked 46 out of 182 countries in the Corruption Perception Index (2025).,,,,, ,<ul><li>Portugal ranked 7 out of 165 countries in the Global Peace Index (2025).</li><li>Portugal ranked 46 out of 182 countries in the Corruption Perception Index (2025).</li></ul>
pax,Republic of Congo,35.0,COG,484.0,178.0,CON,2.0,All,https://www.peaceagreements.org/tracker/all,https://www.peaceagreements.org/agreements/search/?search_type=basic-search&countries=35&match_any_issues=True&name=&text=&signed_after=&signed_before=,3,1,"<ul><li>The most recent agreement signed in Republic of Congo was <a href=""https://www.peaceagreements.org/agreements/1046/"" target=""_blank"">Accords de Paix et de cessation des hostilités dans le département de Pool (17/03/2003)</a>, as part of the Republic of Congo peace process.</li><li>There has been a total of 3 agreements in Republic of Congo, since the first agreement was signed in 1999 (<a href=""https://www.peaceagreements.org/agreements/198/"" target=""_blank"">Agreement on Ending Hostilities in the Republic of Congo (16/11/1999)</a>), in 1 peace process (Republic of Congo peace process).</li></ul>",,,,,,,,,,,,,,,,,,,,178.0,Republic of Congo,17,7,0,0,0,0,1,3,0,0,4,16,0.0,0.0,133.33333333333331,1600.0,2026-03-31,103.0,165,Republic of the Congo ranked 103 out of 165 countries in the Global Peace Index (2025).,153.0,182,Congo ranked 153 out of 182 countries in the Corruption Perception Index (2025).,,"In Congo, Republic of the, there were no reported displacements in 2023 [<a href='https://data.humdata.org/dataset/idmc-internal-displacements-new-displacements-idps', target='_blank'>IDMC</a>].",,,"<ul><li>In Congo, Republic of the, there were no reported displacements in 2023 [<a href='https://data.humdata.org/dataset/idmc-internal-displacements-new-displacements-idps', target='_blank'>IDMC</a>].</li></ul>","<ul><li>Republic of the Congo ranked 103 out of 165 countries in the Global Peace Index (2025).</li><li>Congo ranked 153 out of 182 countries in the Corruption Perception Index (2025).</li><li>In Congo, Republic of the, there were no reported displacements in 2023 [<a href='https://data.humdata.org/dataset/idmc-internal-displacements-new-displacements-idps', target='_blank'>IDMC</a>].</li></ul>"
pax,Republic of Congo,35.0,COG,484.0,178.0,CON,2.0,All,https://www.peaceagreements.org/tracker/all,https://www.peaceagreements.org/agreements/search/?search_type=basic-search&countries=35&match_any_issues=True&name=&text=&signed_after=&signed_before=,3,1,"<ul><li>The most recent agreement signed in Republic of Congo was <a href=""https://www.peaceagreements.org/agreements/1046/"" target=""_blank"">Accords de Paix et de cessation des hostilités dans le département de Pool (17/03/2003)</a>, as part of the Republic of Congo peace process.</li><li>There has been a total of 3 agreements in Republic of Congo, since the first agreement was signed in 1999 (<a href=""https://www.peaceagreements.org/agreements/198/"" target=""_blank"">Agreement on Ending Hostilities in the Republic of Congo (16/11/1999)</a>), in 1 peace process (Republic of Congo peace process).</li></ul>",,,,,,,,,,,,,,,,,,,,178.0,Republic of Congo,17,7,0,0,0,0,1,3,0,0,4,16,0.0,0.0,133.33333333333331,1600.0,2026-03-31,2.132,165,Republic of the Congo ranked 2 out of 165 countries in the Global Peace Index (2025).,153.0,182,Congo ranked 153 out of 182 countries in the Corruption Perception Index (2025).,,"In Congo, Republic of the, there were no reported displacements in 2023 [<a href='https://data.humdata.org/dataset/idmc-internal-displacements-new-displacements-idps', target='_blank'>IDMC</a>].",,,"<ul><li>In Congo, Republic of the, there were no reported displacements in 2023 [<a href='https://data.humdata.org/dataset/idmc-internal-displacements-new-displacements-idps', target='_blank'>IDMC</a>].</li></ul>","<ul><li>Republic of the Congo ranked 2 out of 165 countries in the Global Peace Index (2025).</li><li>Congo ranked 153 out of 182 countries in the Corruption Perception Index (2025).</li><li>In Congo, Republic of the, there were no reported displacements in 2023 [<a href='https://data.humdata.org/dataset/idmc-internal-displacements-new-displacements-idps', target='_blank'>IDMC</a>].</li></ul>"
pax,Russia,115.0,RUS,365.0,643.0,RUS,2.0,All,https://www.peaceagreements.org/tracker/all,https://www.peaceagreements.org/agreements/search/?search_type=basic-search&countries=115&match_any_issues=True&name=&text=&signed_after=&signed_before=,66,7,"<ul><li>The most recent agreement signed in Russia was <a href=""https://www.peaceagreements.org/agreements/2444/"" target=""_blank"">Initiative on the Safe Transportation of Grain and Foodstuffs from Ukrainian Ports (22/07/2022)</a>, as part of the Ukraine - Russia: interstate agreements.</li><li>There has been a total of 66 agreements in Russia, since the first agreement was signed in 1991 (<a href=""https://www.peaceagreements.org/agreements/1740/"" target=""_blank"">Agreement on the Eastern Section of the Boundary between the Union of Soviet Socialist Republics and the People's Republic of China (1991 Sino-Soviet Border Agreement) (16/05/1991)</a>), in 7 peace processes (Chechnya peace process, China-Russia border dispute peace process, South Ossetia peace process, Moldova Transdniestria process, Abkhazia peace process, Russia-China-Central Asian borders interstate process, Ukraine - Russia: interstate agreements).</li></ul>",365.0,Russia (Soviet Union),1743.0,232.0,6.0,5.0,0.0,0.0,8788.0,766.0,0.0,0.0,-534.0,-7045.0,0.0,0.0,-69.71279373368147,-80.16613563950841,2026-01-31,643.0,Russia,893,16149,56,1715,40,1385,4891,16294,330,16,-145,-3998,23.826714801444044,40.0,-0.8898981220081011,-81.74197505622573,2026-03-31,163.0,165,Russia ranked 163 out of 165 countries in the Global Peace Index (2025).,157.0,182,Russia ranked 157 out of 182 countries in the Corruption Perception Index (2025).,,"In Russia there has been a total of 170,517 people displaced, with 182,207 new displacements in 2024 [<a href='https://data.humdata.org/dataset/idmc-internal-displacements-new-displacements-idps', target='_blank'>IDMC</a>].","There is 1 current crisis and severity category listed in the <a href=""https://www.acaps.org/en/thematics/all-topics/inform-severity-index"" target=""_blank"">INFORM Severity Index</a> for Russia: Displacement from Ukraine to Russia (None), as of 31/01/26.",,"<ul><li>In Russia there has been a total of 170,517 people displaced, with 182,207 new displacements in 2024 [<a href='https://data.humdata.org/dataset/idmc-internal-displacements-new-displacements-idps', target='_blank'>IDMC</a>].</li><li>There is 1 current crisis and severity category listed in the <a href=""https://www.acaps.org/en/thematics/all-topics/inform-severity-index"" target=""_blank"">INFORM Severity Index</a> for Russia: Displacement from Ukraine to Russia (None), as of 31/01/26.</li></ul>","<ul><li>Russia ranked 163 out of 165 countries in the Global Peace Index (2025).</li><li>Russia ranked 157 out of 182 countries in the Corruption Perception Index (2025).</li><li>In Russia there has been a total of 170,517 people displaced, with 182,207 new displacements in 2024 [<a href='https://data.humdata.org/dataset/idmc-internal-displacements-new-displacements-idps', target='_blank'>IDMC</a>].</li><li>There is 1 current crisis and severity category listed in the <a href=""https://www.acaps.org/en/thematics/all-topics/inform-severity-index"" target=""_blank"">INFORM Severity Index</a> for Russia: Displacement from Ukraine to Russia (None), as of 31/01/26.</li></ul>"
pax,Russia,115.0,RUS,365.0,643.0,RUS,2.0,All,https://www.peaceagreements.org/tracker/all,https://www.peaceagreements.org/agreements/search/?search_type=basic-search&countries=115&match_any_issues=True&name=&text=&signed_after=&signed_before=,66,7,"<ul><li>The most recent agreement signed in Russia was <a href=""https://www.peaceagreements.org/agreements/2444/"" target=""_blank"">Initiative on the Safe Transportation of Grain and Foodstuffs from Ukrainian Ports (22/07/2022)</a>, as part of the Ukraine - Russia: interstate agreements.</li><li>There has been a total of 66 agreements in Russia, since the first agreement was signed in 1991 (<a href=""https://www.peaceagreements.org/agreements/1740/"" target=""_blank"">Agreement on the Eastern Section of the Boundary between the Union of Soviet Socialist Republics and the People's Republic of China (1991 Sino-Soviet Border Agreement) (16/05/1991)</a>), in 7 peace processes (Chechnya peace process, China-Russia border dispute peace process, South Ossetia peace process, Moldova Transdniestria process, Abkhazia peace process, Russia-China-Central Asian borders interstate process, Ukraine - Russia: interstate agreements).</li></ul>",365.0,Russia (Soviet Union),1743.0,232.0,6.0,5.0,0.0,0.0,8788.0,766.0,0.0,0.0,-534.0,-7045.0,0.0,0.0,-69.71279373368147,-80.16613563950841,2026-01-31,643.0,Russia,893,16149,56,1715,40,1385,4891,16294,330,16,-145,-3998,23.826714801444044,40.0,-0.8898981220081011,-81.74197505622573,2026-03-31,3.441,165,Russia ranked 3 out of 165 countries in the Global Peace Index (2025).,157.0,182,Russia ranked 157 out of 182 countries in the Corruption Perception Index (2025).,,"In Russia there has been a total of 170,517 people displaced, with 182,207 new displacements in 2024 [<a href='https://data.humdata.org/dataset/idmc-internal-displacements-new-displacements-idps', target='_blank'>IDMC</a>].","There is 1 current crisis and severity category listed in the <a href=""https://www.acaps.org/en/thematics/all-topics/inform-severity-index"" target=""_blank"">INFORM Severity Index</a> for Russia: Displacement from Ukraine to Russia (None), as of 31/01/26.",,"<ul><li>In Russia there has been a total of 170,517 people displaced, with 182,207 new displacements in 2024 [<a href='https://data.humdata.org/dataset/idmc-internal-displacements-new-displacements-idps', target='_blank'>IDMC</a>].</li><li>There is 1 current crisis and severity category listed in the <a href=""https://www.acaps.org/en/thematics/all-topics/inform-severity-index"" target=""_blank"">INFORM Severity Index</a> for Russia: Displacement from Ukraine to Russia (None), as of 31/01/26.</li></ul>","<ul><li>Russia ranked 3 out of 165 countries in the Global Peace Index (2025).</li><li>Russia ranked 157 out of 182 countries in the Corruption Perception Index (2025).</li><li>In Russia there has been a total of 170,517 people displaced, with 182,207 new displacements in 2024 [<a href='https://data.humdata.org/dataset/idmc-internal-displacements-new-displacements-idps', target='_blank'>IDMC</a>].</li><li>There is 1 current crisis and severity category listed in the <a href=""https://www.acaps.org/en/thematics/all-topics/inform-severity-index"" target=""_blank"">INFORM Severity Index</a> for Russia: Displacement from Ukraine to Russia (None), as of 31/01/26.</li></ul>"
pax,Rwanda,116.0,RWA,517.0,646.0,RWA,2.0,All,https://www.peaceagreements.org/tracker/all,https://www.peaceagreements.org/agreements/search/?search_type=basic-search&countries=116&match_any_issues=True&name=&text=&signed_after=&signed_before=,19,4,"<ul><li>The most recent agreement signed in Rwanda was <a href=""https://www.peaceagreements.org/agreements/2867/"" target=""_blank"">Joint Declaration by the Democratic Republic of the Congo and the Republic of Rwanda on the Occasion of Establishing the Washington Accords for Peace and Prosperity (04/12/2025)</a>, as part of the DRC: the Doha Track for Eastern DRC.</li><li>There has been a total of 19 agreements in Rwanda, since the first agreement was signed in 1992 (<a href=""https://www.peaceagreements.org/agreements/469/"" target=""_blank"">N’SELE Ceasefire Agreement 29 March 1991 between the Government of the Republic of Rwanda (GRR) and the Rwandese Patriotic Front as amended at Gbadolite on 16 September 1991 and at Arusha 12 July 1992 (12/07/1992)</a>), in 4 peace processes (Rwanda-RPF process, Rwanda-1990s international agreements, DRC: Second Congo war process, DRC: the Doha Track for Eastern DRC).</li></ul>",,,,,,,,,,,,,,,,,,,,646.0,Rwanda,2,1,0,0,0,0,26,18,0,0,-17,-24,0.0,0.0,-94.44444444444444,-92.3076923076923,2026-03-31,2.036,165,Rwanda ranked 2 out of 165 countries in the Global Peace Index (2025).,41.0,182,Rwanda ranked 41 out of 182 countries in the Corruption Perception Index (2025).,,,"There is 1 current crisis and severity category listed in the <a href=""https://www.acaps.org/en/thematics/all-topics/inform-severity-index"" target=""_blank"">INFORM Severity Index</a> for Rwanda: International displacement to Rwanda (Medium), as of 27/03/26.",,"<ul><li>There is 1 current crisis and severity category listed in the <a href=""https://www.acaps.org/en/thematics/all-topics/inform-severity-index"" target=""_blank"">INFORM Severity Index</a> for Rwanda: International displacement to Rwanda (Medium), as of 27/03/26.</li></ul>","<ul><li>Rwanda ranked 2 out of 165 countries in the Global Peace Index (2025).</li><li>Rwanda ranked 41 out of 182 countries in the Corruption Perception Index (2025).</li><li>There is 1 current crisis and severity category listed in the <a href=""https://www.acaps.org/en/thematics/all-topics/inform-severity-index"" target=""_blank"">INFORM Severity Index</a> for Rwanda: International displacement to Rwanda (Medium), as of 27/03/26.</li></ul>"
pax,Rwanda,116.0,RWA,517.0,646.0,RWA,2.0,All,https://www.peaceagreements.org/tracker/all,https://www.peaceagreements.org/agreements/search/?search_type=basic-search&countries=116&match_any_issues=True&name=&text=&signed_after=&signed_before=,19,4,"<ul><li>The most recent agreement signed in Rwanda was <a href=""https://www.peaceagreements.org/agreements/2867/"" target=""_blank"">Joint Declaration by the Democratic Republic of the Congo and the Republic of Rwanda on the Occasion of Establishing the Washington Accords for Peace and Prosperity (04/12/2025)</a>, as part of the DRC: the Doha Track for Eastern DRC.</li><li>There has been a total of 19 agreements in Rwanda, since the first agreement was signed in 1992 (<a href=""https://www.peaceagreements.org/agreements/469/"" target=""_blank"">N’SELE Ceasefire Agreement 29 March 1991 between the Government of the Republic of Rwanda (GRR) and the Rwandese Patriotic Front as amended at Gbadolite on 16 September 1991 and at Arusha 12 July 1992 (12/07/1992)</a>), in 4 peace processes (Rwanda-RPF process, Rwanda-1990s international agreements, DRC: Second Congo war process, DRC: the Doha Track for Eastern DRC).</li></ul>",,,,,,,,,,,,,,,,,,,,646.0,Rwanda,2,1,0,0,0,0,26,18,0,0,-17,-24,0.0,0.0,-94.44444444444444,-92.3076923076923,2026-03-31,91.0,165,Rwanda ranked 91 out of 165 countries in the Global Peace Index (2025).,41.0,182,Rwanda ranked 41 out of 182 countries in the Corruption Perception Index (2025).,,,"There is 1 current crisis and severity category listed in the <a href=""https://www.acaps.org/en/thematics/all-topics/inform-severity-index"" target=""_blank"">INFORM Severity Index</a> for Rwanda: International displacement to Rwanda (Medium), as of 27/03/26.",,"<ul><li>There is 1 current crisis and severity category listed in the <a href=""https://www.acaps.org/en/thematics/all-topics/inform-severity-index"" target=""_blank"">INFORM Severity Index</a> for Rwanda: International displacement to Rwanda (Medium), as of 27/03/26.</li></ul>","<ul><li>Rwanda ranked 91 out of 165 countries in the Global Peace Index (2025).</li><li>Rwanda ranked 41 out of 182 countries in the Corruption Perception Index (2025).</li><li>There is 1 current crisis and severity category listed in the <a href=""https://www.acaps.org/en/thematics/all-topics/inform-severity-index"" target=""_blank"">INFORM Severity Index</a> for Rwanda: International displacement to Rwanda (Medium), as of 27/03/26.</li></ul>"
pax,Saudi Arabia,117.0,SAU,670.0,682.0,SAU,2.0,All,https://www.peaceagreements.org/tracker/all,https://www.peaceagreements.org/agreements/search/?search_type=basic-search&countries=117&match_any_issues=True&name=&text=&signed_after=&signed_before=,3,2,"<ul><li>The most recent agreement signed in Saudi Arabia was <a href=""https://www.peaceagreements.org/agreements/2558/"" target=""_blank"">Joint Trilateral Statement by the People’s Republic of China, the Kingdom of Saudi Arabia, and the Islamic Republic of Iran (10/03/2023)</a>, as part of the Iran-Saudi Arabia Process.</li><li>There has been a total of 3 agreements in Saudi Arabia, since the first agreement was signed in 1995 (<a href=""https://www.peaceagreements.org/agreements/535/"" target=""_blank"">Saudi-Yemeni Memorandum of Understanding (26/02/1995)</a>), in 2 peace processes (Saudi Arabia - Yemen Border process, Iran-Saudi Arabia Process).</li></ul>",670.0,Saudi Arabia,5.0,1.0,0.0,0.0,0.0,0.0,0.0,0.0,0.0,0.0,0.0,0.0,0.0,0.0,0.0,0.0,2026-01-31,682.0,Saudi Arabia,5,30,4,25,0,1,0,2,24,4,28,5,2400.0,0.0,1400.0,0.0,2026-03-31,90.0,165,Saudi Arabia ranked 90 out of 165 countries in the Global Peace Index (2025).,45.0,182,Saudi Arabia ranked 45 out of 182 countries in the Corruption Perception Index (2025).,,,,, ,<ul><li>Saudi Arabia ranked 90 out of 165 countries in the Global Peace Index (2025).</li><li>Saudi Arabia ranked 45 out of 182 countries in the Corruption Perception Index (2025).</li></ul>
pax,Saudi Arabia,117.0,SAU,670.0,682.0,SAU,2.0,All,https://www.peaceagreements.org/tracker/all,https://www.peaceagreements.org/agreements/search/?search_type=basic-search&countries=117&match_any_issues=True&name=&text=&signed_after=&signed_before=,3,2,"<ul><li>The most recent agreement signed in Saudi Arabia was <a href=""https://www.peaceagreements.org/agreements/2558/"" target=""_blank"">Joint Trilateral Statement by the People’s Republic of China, the Kingdom of Saudi Arabia, and the Islamic Republic of Iran (10/03/2023)</a>, as part of the Iran-Saudi Arabia Process.</li><li>There has been a total of 3 agreements in Saudi Arabia, since the first agreement was signed in 1995 (<a href=""https://www.peaceagreements.org/agreements/535/"" target=""_blank"">Saudi-Yemeni Memorandum of Understanding (26/02/1995)</a>), in 2 peace processes (Saudi Arabia - Yemen Border process, Iran-Saudi Arabia Process).</li></ul>",670.0,Saudi Arabia,5.0,1.0,0.0,0.0,0.0,0.0,0.0,0.0,0.0,0.0,0.0,0.0,0.0,0.0,0.0,0.0,2026-01-31,682.0,Saudi Arabia,5,30,4,25,0,1,0,2,24,4,28,5,2400.0,0.0,1400.0,0.0,2026-03-31,2.035,165,Saudi Arabia ranked 2 out of 165 countries in the Global Peace Index (2025).,45.0,182,Saudi Arabia ranked 45 out of 182 countries in the Corruption Perception Index (2025).,,,,, ,<ul><li>Saudi Arabia ranked 2 out of 165 countries in the Global Peace Index (2025).</li><li>Saudi Arabia ranked 45 out of 182 countries in the Corruption Perception Index (2025).</li></ul>
pax,Senegal,118.0,SEN,433.0,686.0,SEN,2.0,All,https://www.peaceagreements.org/tracker/all,https://www.peaceagreements.org/agreements/search/?search_type=basic-search&countries=118&match_any_issues=True&name=&text=&signed_after=&signed_before=,3,1,"<ul><li>The most recent agreement signed in Senegal was <a href=""https://www.peaceagreements.org/agreements/2380/"" target=""_blank"">Joint Statement (09/04/2021)</a>, as part of the Casamance process.</li><li>There has been a total of 3 agreements in Senegal, since the first agreement was signed in 1991 (<a href=""https://www.peaceagreements.org/agreements/1720/"" target=""_blank"">Toubacouta Communique (29/03/1991)</a>), in 1 peace process (Casamance process).</li></ul>",,,,,,,,,,,,,,,,,,,,686.0,Senegal,6,33,1,5,1,4,8,30,1,0,3,-2,25.0,0.0,10.0,-25.0,2026-03-31,69.0,165,Senegal ranked 69 out of 165 countries in the Global Peace Index (2025).,65.0,182,Senegal ranked 65 out of 182 countries in the Corruption Perception Index (2025).,"In the current period of analysis (Nov 2025) by the <a href='https://data.humdata.org/dataset/global-acute-food-insecurity-country-data', target='_blank'>IPC</a>, 3% of the population of Senegal are in IPC Phase 3+ (in food crisis), an estimated 504386 people. 0% (13285 people) are estimated to be in Phase 4 (emergency).","In Senegal, there has been a total of 5,922 people displaced as of end of 2024 [<a href='https://data.humdata.org/dataset/idmc-internal-displacements-new-displacements-idps', target='_blank'>IDMC</a>].","There is 1 current crisis and severity category listed in the <a href=""https://www.acaps.org/en/thematics/all-topics/inform-severity-index"" target=""_blank"">INFORM Severity Index</a> for Senegal: Climatic shocks and economic vulnerability in Senegal (Medium), as of 31/01/26.",,"<ul><li>In the current period of analysis (Nov 2025) by the <a href='https://data.humdata.org/dataset/global-acute-food-insecurity-country-data', target='_blank'>IPC</a>, 3% of the population of Senegal are in IPC Phase 3+ (in food crisis), an estimated 504386 people. 0% (13285 people) are estimated to be in Phase 4 (emergency).</li><li>In Senegal, there has been a total of 5,922 people displaced as of end of 2024 [<a href='https://data.humdata.org/dataset/idmc-internal-displacements-new-displacements-idps', target='_blank'>IDMC</a>].</li><li>There is 1 current crisis and severity category listed in the <a href=""https://www.acaps.org/en/thematics/all-topics/inform-severity-index"" target=""_blank"">INFORM Severity Index</a> for Senegal: Climatic shocks and economic vulnerability in Senegal (Medium), as of 31/01/26.</li></ul>","<ul><li>Senegal ranked 69 out of 165 countries in the Global Peace Index (2025).</li><li>Senegal ranked 65 out of 182 countries in the Corruption Perception Index (2025).</li><li>In the current period of analysis (Nov 2025) by the <a href='https://data.humdata.org/dataset/global-acute-food-insecurity-country-data', target='_blank'>IPC</a>, 3% of the population of Senegal are in IPC Phase 3+ (in food crisis), an estimated 504386 people. 0% (13285 people) are estimated to be in Phase 4 (emergency).</li><li>In Senegal, there has been a total of 5,922 people displaced as of end of 2024 [<a href='https://data.humdata.org/dataset/idmc-internal-displacements-new-displacements-idps', target='_blank'>IDMC</a>].</li><li>There is 1 current crisis and severity category listed in the <a href=""https://www.acaps.org/en/thematics/all-topics/inform-severity-index"" target=""_blank"">INFORM Severity Index</a> for Senegal: Climatic shocks and economic vulnerability in Senegal (Medium), as of 31/01/26.</li></ul>"
pax,Senegal,118.0,SEN,433.0,686.0,SEN,2.0,All,https://www.peaceagreements.org/tracker/all,https://www.peaceagreements.org/agreements/search/?search_type=basic-search&countries=118&match_any_issues=True&name=&text=&signed_after=&signed_before=,3,1,"<ul><li>The most recent agreement signed in Senegal was <a href=""https://www.peaceagreements.org/agreements/2380/"" target=""_blank"">Joint Statement (09/04/2021)</a>, as part of the Casamance process.</li><li>There has been a total of 3 agreements in Senegal, since the first agreement was signed in 1991 (<a href=""https://www.peaceagreements.org/agreements/1720/"" target=""_blank"">Toubacouta Communique (29/03/1991)</a>), in 1 peace process (Casamance process).</li></ul>",,,,,,,,,,,,,,,,,,,,686.0,Senegal,6,33,1,5,1,4,8,30,1,0,3,-2,25.0,0.0,10.0,-25.0,2026-03-31,1.936,165,Senegal ranked 1 out of 165 countries in the Global Peace Index (2025).,65.0,182,Senegal ranked 65 out of 182 countries in the Corruption Perception Index (2025).,"In the current period of analysis (Nov 2025) by the <a href='https://data.humdata.org/dataset/global-acute-food-insecurity-country-data', target='_blank'>IPC</a>, 3% of the population of Senegal are in IPC Phase 3+ (in food crisis), an estimated 504386 people. 0% (13285 people) are estimated to be in Phase 4 (emergency).","In Senegal, there has been a total of 5,922 people displaced as of end of 2024 [<a href='https://data.humdata.org/dataset/idmc-internal-displacements-new-displacements-idps', target='_blank'>IDMC</a>].","There is 1 current crisis and severity category listed in the <a href=""https://www.acaps.org/en/thematics/all-topics/inform-severity-index"" target=""_blank"">INFORM Severity Index</a> for Senegal: Climatic shocks and economic vulnerability in Senegal (Medium), as of 31/01/26.",,"<ul><li>In the current period of analysis (Nov 2025) by the <a href='https://data.humdata.org/dataset/global-acute-food-insecurity-country-data', target='_blank'>IPC</a>, 3% of the population of Senegal are in IPC Phase 3+ (in food crisis), an estimated 504386 people. 0% (13285 people) are estimated to be in Phase 4 (emergency).</li><li>In Senegal, there has been a total of 5,922 people displaced as of end of 2024 [<a href='https://data.humdata.org/dataset/idmc-internal-displacements-new-displacements-idps', target='_blank'>IDMC</a>].</li><li>There is 1 current crisis and severity category listed in the <a href=""https://www.acaps.org/en/thematics/all-topics/inform-severity-index"" target=""_blank"">INFORM Severity Index</a> for Senegal: Climatic shocks and economic vulnerability in Senegal (Medium), as of 31/01/26.</li></ul>","<ul><li>Senegal ranked 1 out of 165 countries in the Global Peace Index (2025).</li><li>Senegal ranked 65 out of 182 countries in the Corruption Perception Index (2025).</li><li>In the current period of analysis (Nov 2025) by the <a href='https://data.humdata.org/dataset/global-acute-food-insecurity-country-data', target='_blank'>IPC</a>, 3% of the population of Senegal are in IPC Phase 3+ (in food crisis), an estimated 504386 people. 0% (13285 people) are estimated to be in Phase 4 (emergency).</li><li>In Senegal, there has been a total of 5,922 people displaced as of end of 2024 [<a href='https://data.humdata.org/dataset/idmc-internal-displacements-new-displacements-idps', target='_blank'>IDMC</a>].</li><li>There is 1 current crisis and severity category listed in the <a href=""https://www.acaps.org/en/thematics/all-topics/inform-severity-index"" target=""_blank"">INFORM Severity Index</a> for Senegal: Climatic shocks and economic vulnerability in Senegal (Medium), as of 31/01/26.</li></ul>"
pax,Serbia,50.0,SRB,345.0,688.0,SER,2.0,All,https://www.peaceagreements.org/tracker/all,https://www.peaceagreements.org/agreements/search/?search_type=basic-search&countries=50&match_any_issues=True&name=&text=&signed_after=&signed_before=,11,3,"<ul><li>The most recent agreement signed in Serbia was <a href=""https://www.peaceagreements.org/agreements/2671/"" target=""_blank"">Declaration of President Aleksandar Vucic and Prime Minister Albin Kurti on Missing Persons (02/05/2023)</a>, as part of the Kosovo-Serbia Normalisation Process.</li><li>There has been a total of 11 agreements in Serbia, since the first agreement was signed in 1999 (<a href=""https://www.peaceagreements.org/agreements/6/"" target=""_blank"">Kosovo Peace Plan (03/06/1999)</a>), in 3 peace processes (Presevo Valley process, Kosovo process, Kosovo-Serbia Normalisation Process).</li></ul>",,,,,,,,,,,,,,,,,,,,688.0,Serbia,2,109,0,12,0,1,3,60,11,0,49,-1,1100.0,0.0,81.66666666666667,-33.33333333333333,2026-03-31,1.914,165,Serbia ranked 1 out of 165 countries in the Global Peace Index (2025).,116.0,182,Serbia ranked 116 out of 182 countries in the Corruption Perception Index (2025).,,"In Serbia, there has been a total of 194,171 people displaced as of end of 2024 [<a href='https://data.humdata.org/dataset/idmc-internal-displacements-new-displacements-idps', target='_blank'>IDMC</a>].",,,"<ul><li>In Serbia, there has been a total of 194,171 people displaced as of end of 2024 [<a href='https://data.humdata.org/dataset/idmc-internal-displacements-new-displacements-idps', target='_blank'>IDMC</a>].</li></ul>","<ul><li>Serbia ranked 1 out of 165 countries in the Global Peace Index (2025).</li><li>Serbia ranked 116 out of 182 countries in the Corruption Perception Index (2025).</li><li>In Serbia, there has been a total of 194,171 people displaced as of end of 2024 [<a href='https://data.humdata.org/dataset/idmc-internal-displacements-new-displacements-idps', target='_blank'>IDMC</a>].</li></ul>"
pax,Serbia,50.0,SRB,345.0,688.0,SER,2.0,All,https://www.peaceagreements.org/tracker/all,https://www.peaceagreements.org/agreements/search/?search_type=basic-search&countries=50&match_any_issues=True&name=&text=&signed_after=&signed_before=,11,3,"<ul><li>The most recent agreement signed in Serbia was <a href=""https://www.peaceagreements.org/agreements/2671/"" target=""_blank"">Declaration of President Aleksandar Vucic and Prime Minister Albin Kurti on Missing Persons (02/05/2023)</a>, as part of the Kosovo-Serbia Normalisation Process.</li><li>There has been a total of 11 agreements in Serbia, since the first agreement was signed in 1999 (<a href=""https://www.peaceagreements.org/agreements/6/"" target=""_blank"">Kosovo Peace Plan (03/06/1999)</a>), in 3 peace processes (Presevo Valley process, Kosovo process, Kosovo-Serbia Normalisation Process).</li></ul>",,,,,,,,,,,,,,,,,,,,688.0,Serbia,2,109,0,12,0,1,3,60,11,0,49,-1,1100.0,0.0,81.66666666666667,-33.33333333333333,2026-03-31,64.0,165,Serbia ranked 64 out of 165 countries in the Global Peace Index (2025).,116.0,182,Serbia ranked 116 out of 182 countries in the Corruption Perception Index (2025).,,"In Serbia, there has been a total of 194,171 people displaced as of end of 2024 [<a href='https://data.humdata.org/dataset/idmc-internal-displacements-new-displacements-idps', target='_blank'>IDMC</a>].",,,"<ul><li>In Serbia, there has been a total of 194,171 people displaced as of end of 2024 [<a href='https://data.humdata.org/dataset/idmc-internal-displacements-new-displacements-idps', target='_blank'>IDMC</a>].</li></ul>","<ul><li>Serbia ranked 64 out of 165 countries in the Global Peace Index (2025).</li><li>Serbia ranked 116 out of 182 countries in the Corruption Perception Index (2025).</li><li>In Serbia, there has been a total of 194,171 people displaced as of end of 2024 [<a href='https://data.humdata.org/dataset/idmc-internal-displacements-new-displacements-idps', target='_blank'>IDMC</a>].</li></ul>"
pax,Sierra Leone,121.0,SLE,451.0,694.0,SIE,2.0,All,https://www.peaceagreements.org/tracker/all,https://www.peaceagreements.org/agreements/search/?search_type=basic-search&countries=121&match_any_issues=True&name=&text=&signed_after=&signed_before=,9,1,"<ul><li>The most recent agreement signed in Sierra Leone was <a href=""https://www.peaceagreements.org/agreements/1050/"" target=""_blank"">Communiqué on the Cessation of Hostilities between the Civil Defense Force (CDF) and the Revolutionary United Front (RUF) (15/05/2001)</a>, as part of the Sierra Leone peace process.</li><li>There has been a total of 9 agreements in Sierra Leone, since the first agreement was signed in 1996 (<a href=""https://www.peaceagreements.org/agreements/476/"" target=""_blank"">Peace Agreement between the Government of the Republic of Sierra Leone and the Revolutionary United Front of Sierra Leone, signed at Abidjan ('Abidjan Accord') (30/11/1996)</a>), in 1 peace process (Sierra Leone peace process).</li></ul>",,,,,,,,,,,,,,,,,,,,694.0,Sierra Leone,3,9,0,0,1,2,6,8,-2,-1,1,-3,-100.0,-100.0,12.5,-50.0,2026-03-31,1.887,165,Sierra Leone ranked 1 out of 165 countries in the Global Peace Index (2025).,109.0,182,Sierra Leone ranked 109 out of 182 countries in the Corruption Perception Index (2025).,"In the current period of analysis (Nov 2025) by the <a href='https://data.humdata.org/dataset/global-acute-food-insecurity-country-data', target='_blank'>IPC</a>, 11% of the population of Sierra Leone are in IPC Phase 3+ (in food crisis), an estimated 998608 people. 1% (65078 people) are estimated to be in Phase 4 (emergency).","In Sierra Leone, there were no reported displacements in 2024 [<a href='https://data.humdata.org/dataset/idmc-internal-displacements-new-displacements-idps', target='_blank'>IDMC</a>].",,,"<ul><li>In the current period of analysis (Nov 2025) by the <a href='https://data.humdata.org/dataset/global-acute-food-insecurity-country-data', target='_blank'>IPC</a>, 11% of the population of Sierra Leone are in IPC Phase 3+ (in food crisis), an estimated 998608 people. 1% (65078 people) are estimated to be in Phase 4 (emergency).</li><li>In Sierra Leone, there were no reported displacements in 2024 [<a href='https://data.humdata.org/dataset/idmc-internal-displacements-new-displacements-idps', target='_blank'>IDMC</a>].</li></ul>","<ul><li>Sierra Leone ranked 1 out of 165 countries in the Global Peace Index (2025).</li><li>Sierra Leone ranked 109 out of 182 countries in the Corruption Perception Index (2025).</li><li>In the current period of analysis (Nov 2025) by the <a href='https://data.humdata.org/dataset/global-acute-food-insecurity-country-data', target='_blank'>IPC</a>, 11% of the population of Sierra Leone are in IPC Phase 3+ (in food crisis), an estimated 998608 people. 1% (65078 people) are estimated to be in Phase 4 (emergency).</li><li>In Sierra Leone, there were no reported displacements in 2024 [<a href='https://data.humdata.org/dataset/idmc-internal-displacements-new-displacements-idps', target='_blank'>IDMC</a>].</li></ul>"
pax,Sierra Leone,121.0,SLE,451.0,694.0,SIE,2.0,All,https://www.peaceagreements.org/tracker/all,https://www.peaceagreements.org/agreements/search/?search_type=basic-search&countries=121&match_any_issues=True&name=&text=&signed_after=&signed_before=,9,1,"<ul><li>The most recent agreement signed in Sierra Leone was <a href=""https://www.peaceagreements.org/agreements/1050/"" target=""_blank"">Communiqué on the Cessation of Hostilities between the Civil Defense Force (CDF) and the Revolutionary United Front (RUF) (15/05/2001)</a>, as part of the Sierra Leone peace process.</li><li>There has been a total of 9 agreements in Sierra Leone, since the first agreement was signed in 1996 (<a href=""https://www.peaceagreements.org/agreements/476/"" target=""_blank"">Peace Agreement between the Government of the Republic of Sierra Leone and the Revolutionary United Front of Sierra Leone, signed at Abidjan ('Abidjan Accord') (30/11/1996)</a>), in 1 peace process (Sierra Leone peace process).</li></ul>",,,,,,,,,,,,,,,,,,,,694.0,Sierra Leone,3,9,0,0,1,2,6,8,-2,-1,1,-3,-100.0,-100.0,12.5,-50.0,2026-03-31,57.0,165,Sierra Leone ranked 57 out of 165 countries in the Global Peace Index (2025).,109.0,182,Sierra Leone ranked 109 out of 182 countries in the Corruption Perception Index (2025).,"In the current period of analysis (Nov 2025) by the <a href='https://data.humdata.org/dataset/global-acute-food-insecurity-country-data', target='_blank'>IPC</a>, 11% of the population of Sierra Leone are in IPC Phase 3+ (in food crisis), an estimated 998608 people. 1% (65078 people) are estimated to be in Phase 4 (emergency).","In Sierra Leone, there were no reported displacements in 2024 [<a href='https://data.humdata.org/dataset/idmc-internal-displacements-new-displacements-idps', target='_blank'>IDMC</a>].",,,"<ul><li>In the current period of analysis (Nov 2025) by the <a href='https://data.humdata.org/dataset/global-acute-food-insecurity-country-data', target='_blank'>IPC</a>, 11% of the population of Sierra Leone are in IPC Phase 3+ (in food crisis), an estimated 998608 people. 1% (65078 people) are estimated to be in Phase 4 (emergency).</li><li>In Sierra Leone, there were no reported displacements in 2024 [<a href='https://data.humdata.org/dataset/idmc-internal-displacements-new-displacements-idps', target='_blank'>IDMC</a>].</li></ul>","<ul><li>Sierra Leone ranked 57 out of 165 countries in the Global Peace Index (2025).</li><li>Sierra Leone ranked 109 out of 182 countries in the Corruption Perception Index (2025).</li><li>In the current period of analysis (Nov 2025) by the <a href='https://data.humdata.org/dataset/global-acute-food-insecurity-country-data', target='_blank'>IPC</a>, 11% of the population of Sierra Leone are in IPC Phase 3+ (in food crisis), an estimated 998608 people. 1% (65078 people) are estimated to be in Phase 4 (emergency).</li><li>In Sierra Leone, there were no reported displacements in 2024 [<a href='https://data.humdata.org/dataset/idmc-internal-displacements-new-displacements-idps', target='_blank'>IDMC</a>].</li></ul>"
pax,Slovenia,122.0,SVN,349.0,705.0,SLV,2.0,All,https://www.peaceagreements.org/tracker/all,https://www.peaceagreements.org/agreements/search/?search_type=basic-search&countries=122&match_any_issues=True&name=&text=&signed_after=&signed_before=,1,1,"<ul><li>The most recent agreement signed in Slovenia was <a href=""https://www.peaceagreements.org/agreements/1228/"" target=""_blank"">Proposal by the President of the Presidency of FSRY accepted by the Presidency of Slovenia regarding the Crisis in Slovenia (02/07/1991)</a>, as part of the Dissolution of Yugoslavia.</li><li>There has been a total of 1 agreement in Slovenia, since the first agreement was signed in 1991 (<a href=""https://www.peaceagreements.org/agreements/1228/"" target=""_blank"">Proposal by the President of the Presidency of FSRY accepted by the Presidency of Slovenia regarding the Crisis in Slovenia (02/07/1991)</a>), in 1 peace process (Dissolution of Yugoslavia).</li></ul>",,,,,,,,,,,,,,,,,,,,705.0,Slovenia,0,8,0,2,0,0,1,8,2,0,0,-1,0.0,0.0,0.0,-100.0,2026-03-31,9.0,165,Slovenia ranked 9 out of 165 countries in the Global Peace Index (2025).,41.0,182,Slovenia ranked 41 out of 182 countries in the Corruption Perception Index (2025).,,,,, ,<ul><li>Slovenia ranked 9 out of 165 countries in the Global Peace Index (2025).</li><li>Slovenia ranked 41 out of 182 countries in the Corruption Perception Index (2025).</li></ul>
pax,Slovenia,122.0,SVN,349.0,705.0,SLV,2.0,All,https://www.peaceagreements.org/tracker/all,https://www.peaceagreements.org/agreements/search/?search_type=basic-search&countries=122&match_any_issues=True&name=&text=&signed_after=&signed_before=,1,1,"<ul><li>The most recent agreement signed in Slovenia was <a href=""https://www.peaceagreements.org/agreements/1228/"" target=""_blank"">Proposal by the President of the Presidency of FSRY accepted by the Presidency of Slovenia regarding the Crisis in Slovenia (02/07/1991)</a>, as part of the Dissolution of Yugoslavia.</li><li>There has been a total of 1 agreement in Slovenia, since the first agreement was signed in 1991 (<a href=""https://www.peaceagreements.org/agreements/1228/"" target=""_blank"">Proposal by the President of the Presidency of FSRY accepted by the Presidency of Slovenia regarding the Crisis in Slovenia (02/07/1991)</a>), in 1 peace process (Dissolution of Yugoslavia).</li></ul>",,,,,,,,,,,,,,,,,,,,705.0,Slovenia,0,8,0,2,0,0,1,8,2,0,0,-1,0.0,0.0,0.0,-100.0,2026-03-31,1.409,165,Slovenia ranked 1 out of 165 countries in the Global Peace Index (2025).,41.0,182,Slovenia ranked 41 out of 182 countries in the Corruption Perception Index (2025).,,,,, ,<ul><li>Slovenia ranked 1 out of 165 countries in the Global Peace Index (2025).</li><li>Slovenia ranked 41 out of 182 countries in the Corruption Perception Index (2025).</li></ul>
pax,Solomon Islands,123.0,SLB,940.0,90.0,SOL,2.0,All,https://www.peaceagreements.org/tracker/all,https://www.peaceagreements.org/agreements/search/?search_type=basic-search&countries=123&match_any_issues=True&name=&text=&signed_after=&signed_before=,3,1,"<ul><li>The most recent agreement signed in Solomon Islands was <a href=""https://www.peaceagreements.org/agreements/1663/"" target=""_blank"">Marau Peace Agreement (07/02/2001)</a>, as part of the Solomon Islands peace process.</li><li>There has been a total of 3 agreements in Solomon Islands, since the first agreement was signed in 1999 (<a href=""https://www.peaceagreements.org/agreements/399/"" target=""_blank"">Honiara Peace Accord (28/06/1999)</a>), in 1 peace process (Solomon Islands peace process).</li></ul>",,,,,,,,,,,,,,,,,,,,90.0,Solomon Islands,0,0,0,0,0,0,0,0,0,0,0,0,0.0,0.0,0.0,0.0,2026-03-31,,165,,73.0,182,Solomon Islands ranked 73 out of 182 countries in the Corruption Perception Index (2025).,,"In Solomon Islands there has been a total of 11 people displaced, with 11 new displacements in 2024 [<a href='https://data.humdata.org/dataset/idmc-internal-displacements-new-displacements-idps', target='_blank'>IDMC</a>].",,,"<ul><li>In Solomon Islands there has been a total of 11 people displaced, with 11 new displacements in 2024 [<a href='https://data.humdata.org/dataset/idmc-internal-displacements-new-displacements-idps', target='_blank'>IDMC</a>].</li></ul>","<ul><li>Solomon Islands ranked 73 out of 182 countries in the Corruption Perception Index (2025).</li><li>In Solomon Islands there has been a total of 11 people displaced, with 11 new displacements in 2024 [<a href='https://data.humdata.org/dataset/idmc-internal-displacements-new-displacements-idps', target='_blank'>IDMC</a>].</li></ul>"
pax,Somalia,124.0,SOM,520.0,706.0,SOM,1.0,Somalia,https://www.peaceagreements.org/tracker/somalia,https://www.peaceagreements.org/agreements/search/?search_type=basic-search&countries=124&match_any_issues=True&name=&text=&signed_after=&signed_before=,57,5,"<ul><li>The most recent agreement signed in Somalia was <a href=""https://www.peaceagreements.org/agreements/2469/"" target=""_blank"">Conference of the National Consultation Council on Somali Affairs (Election Agreement) (27/05/2021)</a>, as part of the Somalia Peace Process.</li><li>There has been a total of 57 agreements in Somalia, since the first agreement was signed in 1992 (<a href=""https://www.peaceagreements.org/agreements/1678/"" target=""_blank"">Pledge signed at the United Nations Headquarters on 14 February 1992 by Mr Mohamed Qanyare Afah, Head of the delegation of the Interim Government of Somalia (14/02/1992)</a>), in 5 peace processes (Somalia Peace Process, Somaliland-Puntland Peace Process, Somali Local Peace Processes, Somalia-Puntland Peace Process, Eritrea-Ethiopia border dispute peace process).</li></ul>",520.0,Somalia,2557.0,145.0,953.0,39.0,0.0,0.0,2316.0,162.0,0.0,0.0,-17.0,241.0,0.0,0.0,-10.493827160493826,10.40587219343696,2026-01-31,706.0,Somalia,8766,4740,662,428,677,402,7249,3057,26,-15,1683,1517,6.467661691542288,-2.2156573116691285,55.053974484789,20.92702441716099,2026-03-31,151.0,165,Somalia ranked 151 out of 165 countries in the Global Peace Index (2025).,181.0,182,Somalia ranked 181 out of 182 countries in the Corruption Perception Index (2025).,"In the current period of analysis (Jan 2026) by the <a href='https://data.humdata.org/dataset/global-acute-food-insecurity-country-data', target='_blank'>IPC</a>, 25% of the population of Somalia are in IPC Phase 3+ (in food crisis), an estimated 4796831 people. 6% (1163177 people) are estimated to be in Phase 4 (emergency).","In Somalia there has been a total of 3,135,940 people displaced, with 316,316 new displacements in 2024 [<a href='https://data.humdata.org/dataset/idmc-internal-displacements-new-displacements-idps', target='_blank'>IDMC</a>].","There are 2 current crises and severity categories listed in the <a href=""https://www.acaps.org/en/thematics/all-topics/inform-severity-index"" target=""_blank"">INFORM Severity Index</a> for Somalia: Complex crisis in Somalia (Very High), International displacement to Somalia (Medium), as of 31/03/26.","Somalia is one of 12 focus countries in the UK's WPS <a href='https://assets.publishing.service.gov.uk/government/uploads/system/uploads/attachment_data/file/1156085/uk-women-peace-security-national-action-plan-2023-2027.pdf', target='_blank'>National Action Plan</a> for 2023-2027. ","<ul><li>In the current period of analysis (Jan 2026) by the <a href='https://data.humdata.org/dataset/global-acute-food-insecurity-country-data', target='_blank'>IPC</a>, 25% of the population of Somalia are in IPC Phase 3+ (in food crisis), an estimated 4796831 people. 6% (1163177 people) are estimated to be in Phase 4 (emergency).</li><li>In Somalia there has been a total of 3,135,940 people displaced, with 316,316 new displacements in 2024 [<a href='https://data.humdata.org/dataset/idmc-internal-displacements-new-displacements-idps', target='_blank'>IDMC</a>].</li><li>There are 2 current crises and severity categories listed in the <a href=""https://www.acaps.org/en/thematics/all-topics/inform-severity-index"" target=""_blank"">INFORM Severity Index</a> for Somalia: Complex crisis in Somalia (Very High), International displacement to Somalia (Medium), as of 31/03/26.</li><li>Somalia is one of 12 focus countries in the UK's WPS <a href='https://assets.publishing.service.gov.uk/government/uploads/system/uploads/attachment_data/file/1156085/uk-women-peace-security-national-action-plan-2023-2027.pdf', target='_blank'>National Action Plan</a> for 2023-2027.</li></ul>","<ul><li>Somalia ranked 151 out of 165 countries in the Global Peace Index (2025).</li><li>Somalia ranked 181 out of 182 countries in the Corruption Perception Index (2025).</li><li>In the current period of analysis (Jan 2026) by the <a href='https://data.humdata.org/dataset/global-acute-food-insecurity-country-data', target='_blank'>IPC</a>, 25% of the population of Somalia are in IPC Phase 3+ (in food crisis), an estimated 4796831 people. 6% (1163177 people) are estimated to be in Phase 4 (emergency).</li><li>In Somalia there has been a total of 3,135,940 people displaced, with 316,316 new displacements in 2024 [<a href='https://data.humdata.org/dataset/idmc-internal-displacements-new-displacements-idps', target='_blank'>IDMC</a>].</li><li>There are 2 current crises and severity categories listed in the <a href=""https://www.acaps.org/en/thematics/all-topics/inform-severity-index"" target=""_blank"">INFORM Severity Index</a> for Somalia: Complex crisis in Somalia (Very High), International displacement to Somalia (Medium), as of 31/03/26.</li><li>Somalia is one of 12 focus countries in the UK's WPS <a href='https://assets.publishing.service.gov.uk/government/uploads/system/uploads/attachment_data/file/1156085/uk-women-peace-security-national-action-plan-2023-2027.pdf', target='_blank'>National Action Plan</a> for 2023-2027.</li></ul>"
pax,Somalia,124.0,SOM,520.0,706.0,SOM,1.0,Somalia,https://www.peaceagreements.org/tracker/somalia,https://www.peaceagreements.org/agreements/search/?search_type=basic-search&countries=124&match_any_issues=True&name=&text=&signed_after=&signed_before=,57,5,"<ul><li>The most recent agreement signed in Somalia was <a href=""https://www.peaceagreements.org/agreements/2469/"" target=""_blank"">Conference of the National Consultation Council on Somali Affairs (Election Agreement) (27/05/2021)</a>, as part of the Somalia Peace Process.</li><li>There has been a total of 57 agreements in Somalia, since the first agreement was signed in 1992 (<a href=""https://www.peaceagreements.org/agreements/1678/"" target=""_blank"">Pledge signed at the United Nations Headquarters on 14 February 1992 by Mr Mohamed Qanyare Afah, Head of the delegation of the Interim Government of Somalia (14/02/1992)</a>), in 5 peace processes (Somalia Peace Process, Somaliland-Puntland Peace Process, Somali Local Peace Processes, Somalia-Puntland Peace Process, Eritrea-Ethiopia border dispute peace process).</li></ul>",520.0,Somalia,2557.0,145.0,953.0,39.0,0.0,0.0,2316.0,162.0,0.0,0.0,-17.0,241.0,0.0,0.0,-10.493827160493826,10.40587219343696,2026-01-31,706.0,Somalia,8766,4740,662,428,677,402,7249,3057,26,-15,1683,1517,6.467661691542288,-2.2156573116691285,55.053974484789,20.92702441716099,2026-03-31,2.983,165,Somalia ranked 2 out of 165 countries in the Global Peace Index (2025).,181.0,182,Somalia ranked 181 out of 182 countries in the Corruption Perception Index (2025).,"In the current period of analysis (Jan 2026) by the <a href='https://data.humdata.org/dataset/global-acute-food-insecurity-country-data', target='_blank'>IPC</a>, 25% of the population of Somalia are in IPC Phase 3+ (in food crisis), an estimated 4796831 people. 6% (1163177 people) are estimated to be in Phase 4 (emergency).","In Somalia there has been a total of 3,135,940 people displaced, with 316,316 new displacements in 2024 [<a href='https://data.humdata.org/dataset/idmc-internal-displacements-new-displacements-idps', target='_blank'>IDMC</a>].","There are 2 current crises and severity categories listed in the <a href=""https://www.acaps.org/en/thematics/all-topics/inform-severity-index"" target=""_blank"">INFORM Severity Index</a> for Somalia: Complex crisis in Somalia (Very High), International displacement to Somalia (Medium), as of 31/03/26.","Somalia is one of 12 focus countries in the UK's WPS <a href='https://assets.publishing.service.gov.uk/government/uploads/system/uploads/attachment_data/file/1156085/uk-women-peace-security-national-action-plan-2023-2027.pdf', target='_blank'>National Action Plan</a> for 2023-2027. ","<ul><li>In the current period of analysis (Jan 2026) by the <a href='https://data.humdata.org/dataset/global-acute-food-insecurity-country-data', target='_blank'>IPC</a>, 25% of the population of Somalia are in IPC Phase 3+ (in food crisis), an estimated 4796831 people. 6% (1163177 people) are estimated to be in Phase 4 (emergency).</li><li>In Somalia there has been a total of 3,135,940 people displaced, with 316,316 new displacements in 2024 [<a href='https://data.humdata.org/dataset/idmc-internal-displacements-new-displacements-idps', target='_blank'>IDMC</a>].</li><li>There are 2 current crises and severity categories listed in the <a href=""https://www.acaps.org/en/thematics/all-topics/inform-severity-index"" target=""_blank"">INFORM Severity Index</a> for Somalia: Complex crisis in Somalia (Very High), International displacement to Somalia (Medium), as of 31/03/26.</li><li>Somalia is one of 12 focus countries in the UK's WPS <a href='https://assets.publishing.service.gov.uk/government/uploads/system/uploads/attachment_data/file/1156085/uk-women-peace-security-national-action-plan-2023-2027.pdf', target='_blank'>National Action Plan</a> for 2023-2027.</li></ul>","<ul><li>Somalia ranked 2 out of 165 countries in the Global Peace Index (2025).</li><li>Somalia ranked 181 out of 182 countries in the Corruption Perception Index (2025).</li><li>In the current period of analysis (Jan 2026) by the <a href='https://data.humdata.org/dataset/global-acute-food-insecurity-country-data', target='_blank'>IPC</a>, 25% of the population of Somalia are in IPC Phase 3+ (in food crisis), an estimated 4796831 people. 6% (1163177 people) are estimated to be in Phase 4 (emergency).</li><li>In Somalia there has been a total of 3,135,940 people displaced, with 316,316 new displacements in 2024 [<a href='https://data.humdata.org/dataset/idmc-internal-displacements-new-displacements-idps', target='_blank'>IDMC</a>].</li><li>There are 2 current crises and severity categories listed in the <a href=""https://www.acaps.org/en/thematics/all-topics/inform-severity-index"" target=""_blank"">INFORM Severity Index</a> for Somalia: Complex crisis in Somalia (Very High), International displacement to Somalia (Medium), as of 31/03/26.</li><li>Somalia is one of 12 focus countries in the UK's WPS <a href='https://assets.publishing.service.gov.uk/government/uploads/system/uploads/attachment_data/file/1156085/uk-women-peace-security-national-action-plan-2023-2027.pdf', target='_blank'>National Action Plan</a> for 2023-2027.</li></ul>"
pax,South Africa,125.0,ZAF,560.0,710.0,SAF,2.0,All,https://www.peaceagreements.org/tracker/all,https://www.peaceagreements.org/agreements/search/?search_type=basic-search&countries=125&match_any_issues=True&name=&text=&signed_after=&signed_before=,15,2,"<ul><li>The most recent agreement signed in South Africa was <a href=""https://www.peaceagreements.org/agreements/1806/"" target=""_blank"">Memorandum of Agreement for Reconciliation and Peace between the Inkatha Freedom party/Kwazulu Government and the African National Congress and the South African Government/National Party (19/04/1994)</a>, as part of the South Africa peace process.</li><li>There has been a total of 15 agreements in South Africa, since the first agreement was signed in 1990 (<a href=""https://www.peaceagreements.org/agreements/395/"" target=""_blank"">Groot Schuur Minute (04/05/1990)</a>), in 2 peace processes (South Africa peace process, South Africa - Namibia process).</li></ul>",,,,,,,,,,,,,,,,,,,,710.0,South Africa,146,192,6,14,15,24,225,354,-10,-9,-162,-79,-41.66666666666667,-60.0,-45.76271186440678,-35.11111111111111,2026-03-31,2.347,165,South Africa ranked 2 out of 165 countries in the Global Peace Index (2025).,81.0,182,South Africa ranked 81 out of 182 countries in the Corruption Perception Index (2025).,"In the current period of analysis (Oct 2020) by the <a href='https://data.humdata.org/dataset/global-acute-food-insecurity-country-data', target='_blank'>IPC</a>, 16% of the population of South Africa are in IPC Phase 3+ (in food crisis), an estimated 9335159 people. 2% (1160087 people) are estimated to be in Phase 4 (emergency).","In South Africa there has been a total of 29 people displaced, with 29 new displacements in 2024 [<a href='https://data.humdata.org/dataset/idmc-internal-displacements-new-displacements-idps', target='_blank'>IDMC</a>].",,,"<ul><li>In the current period of analysis (Oct 2020) by the <a href='https://data.humdata.org/dataset/global-acute-food-insecurity-country-data', target='_blank'>IPC</a>, 16% of the population of South Africa are in IPC Phase 3+ (in food crisis), an estimated 9335159 people. 2% (1160087 people) are estimated to be in Phase 4 (emergency).</li><li>In South Africa there has been a total of 29 people displaced, with 29 new displacements in 2024 [<a href='https://data.humdata.org/dataset/idmc-internal-displacements-new-displacements-idps', target='_blank'>IDMC</a>].</li></ul>","<ul><li>South Africa ranked 2 out of 165 countries in the Global Peace Index (2025).</li><li>South Africa ranked 81 out of 182 countries in the Corruption Perception Index (2025).</li><li>In the current period of analysis (Oct 2020) by the <a href='https://data.humdata.org/dataset/global-acute-food-insecurity-country-data', target='_blank'>IPC</a>, 16% of the population of South Africa are in IPC Phase 3+ (in food crisis), an estimated 9335159 people. 2% (1160087 people) are estimated to be in Phase 4 (emergency).</li><li>In South Africa there has been a total of 29 people displaced, with 29 new displacements in 2024 [<a href='https://data.humdata.org/dataset/idmc-internal-displacements-new-displacements-idps', target='_blank'>IDMC</a>].</li></ul>"
pax,South Africa,125.0,ZAF,560.0,710.0,SAF,2.0,All,https://www.peaceagreements.org/tracker/all,https://www.peaceagreements.org/agreements/search/?search_type=basic-search&countries=125&match_any_issues=True&name=&text=&signed_after=&signed_before=,15,2,"<ul><li>The most recent agreement signed in South Africa was <a href=""https://www.peaceagreements.org/agreements/1806/"" target=""_blank"">Memorandum of Agreement for Reconciliation and Peace between the Inkatha Freedom party/Kwazulu Government and the African National Congress and the South African Government/National Party (19/04/1994)</a>, as part of the South Africa peace process.</li><li>There has been a total of 15 agreements in South Africa, since the first agreement was signed in 1990 (<a href=""https://www.peaceagreements.org/agreements/395/"" target=""_blank"">Groot Schuur Minute (04/05/1990)</a>), in 2 peace processes (South Africa peace process, South Africa - Namibia process).</li></ul>",,,,,,,,,,,,,,,,,,,,710.0,South Africa,146,192,6,14,15,24,225,354,-10,-9,-162,-79,-41.66666666666667,-60.0,-45.76271186440678,-35.11111111111111,2026-03-31,125.0,165,South Africa ranked 125 out of 165 countries in the Global Peace Index (2025).,81.0,182,South Africa ranked 81 out of 182 countries in the Corruption Perception Index (2025).,"In the current period of analysis (Oct 2020) by the <a href='https://data.humdata.org/dataset/global-acute-food-insecurity-country-data', target='_blank'>IPC</a>, 16% of the population of South Africa are in IPC Phase 3+ (in food crisis), an estimated 9335159 people. 2% (1160087 people) are estimated to be in Phase 4 (emergency).","In South Africa there has been a total of 29 people displaced, with 29 new displacements in 2024 [<a href='https://data.humdata.org/dataset/idmc-internal-displacements-new-displacements-idps', target='_blank'>IDMC</a>].",,,"<ul><li>In the current period of analysis (Oct 2020) by the <a href='https://data.humdata.org/dataset/global-acute-food-insecurity-country-data', target='_blank'>IPC</a>, 16% of the population of South Africa are in IPC Phase 3+ (in food crisis), an estimated 9335159 people. 2% (1160087 people) are estimated to be in Phase 4 (emergency).</li><li>In South Africa there has been a total of 29 people displaced, with 29 new displacements in 2024 [<a href='https://data.humdata.org/dataset/idmc-internal-displacements-new-displacements-idps', target='_blank'>IDMC</a>].</li></ul>","<ul><li>South Africa ranked 125 out of 165 countries in the Global Peace Index (2025).</li><li>South Africa ranked 81 out of 182 countries in the Corruption Perception Index (2025).</li><li>In the current period of analysis (Oct 2020) by the <a href='https://data.humdata.org/dataset/global-acute-food-insecurity-country-data', target='_blank'>IPC</a>, 16% of the population of South Africa are in IPC Phase 3+ (in food crisis), an estimated 9335159 people. 2% (1160087 people) are estimated to be in Phase 4 (emergency).</li><li>In South Africa there has been a total of 29 people displaced, with 29 new displacements in 2024 [<a href='https://data.humdata.org/dataset/idmc-internal-displacements-new-displacements-idps', target='_blank'>IDMC</a>].</li></ul>"
pax,South Korea,126.0,KOR,732.0,410.0,ROK,2.0,All,https://www.peaceagreements.org/tracker/all,https://www.peaceagreements.org/agreements/search/?search_type=basic-search&countries=126&match_any_issues=True&name=&text=&signed_after=&signed_before=,7,1,"<ul><li>The most recent agreement signed in South Korea was <a href=""https://www.peaceagreements.org/agreements/2105/"" target=""_blank"">September 19th Pyongyang Declaration (19/09/2018)</a>, as part of the North Korea - South Korea interstate process.</li><li>There has been a total of 7 agreements in South Korea, since the first agreement was signed in 1991 (<a href=""https://www.peaceagreements.org/agreements/1232/"" target=""_blank"">Agreement on Reconciliation, Non-Aggression, and Exchanges and Cooperation between South and North Korea (13/12/1991)</a>), in 1 peace process (North Korea - South Korea interstate process).</li></ul>",,,,,,,,,,,,,,,,,,,,410.0,South Korea,0,0,0,0,0,0,0,7,0,0,-7,0,0.0,0.0,-100.0,0.0,2026-03-31,41.0,165,South Korea ranked 41 out of 165 countries in the Global Peace Index (2025).,31.0,182,"Korea, South ranked 31 out of 182 countries in the Corruption Perception Index (2025).",,,,, ,"<ul><li>South Korea ranked 41 out of 165 countries in the Global Peace Index (2025).</li><li>Korea, South ranked 31 out of 182 countries in the Corruption Perception Index (2025).</li></ul>"
pax,South Korea,126.0,KOR,732.0,410.0,ROK,2.0,All,https://www.peaceagreements.org/tracker/all,https://www.peaceagreements.org/agreements/search/?search_type=basic-search&countries=126&match_any_issues=True&name=&text=&signed_after=&signed_before=,7,1,"<ul><li>The most recent agreement signed in South Korea was <a href=""https://www.peaceagreements.org/agreements/2105/"" target=""_blank"">September 19th Pyongyang Declaration (19/09/2018)</a>, as part of the North Korea - South Korea interstate process.</li><li>There has been a total of 7 agreements in South Korea, since the first agreement was signed in 1991 (<a href=""https://www.peaceagreements.org/agreements/1232/"" target=""_blank"">Agreement on Reconciliation, Non-Aggression, and Exchanges and Cooperation between South and North Korea (13/12/1991)</a>), in 1 peace process (North Korea - South Korea interstate process).</li></ul>",,,,,,,,,,,,,,,,,,,,410.0,South Korea,0,0,0,0,0,0,0,7,0,0,-7,0,0.0,0.0,-100.0,0.0,2026-03-31,1.736,165,South Korea ranked 1 out of 165 countries in the Global Peace Index (2025).,31.0,182,"Korea, South ranked 31 out of 182 countries in the Corruption Perception Index (2025).",,,,, ,"<ul><li>South Korea ranked 1 out of 165 countries in the Global Peace Index (2025).</li><li>Korea, South ranked 31 out of 182 countries in the Corruption Perception Index (2025).</li></ul>"
pax,South Sudan,127.0,SSD,626.0,728.0,SSD,1.0,South Sudan,https://www.peaceagreements.org/tracker/south-sudan,https://www.peaceagreements.org/agreements/search/?search_type=basic-search&countries=127&match_any_issues=True&name=&text=&signed_after=&signed_before=,160,6,"<ul><li>The most recent agreement signed in South Sudan was <a href=""https://www.peaceagreements.org/agreements/2745/"" target=""_blank"">Resolutions and Recommendations on The Twic-Ngok Dinka Youth Peace Dialogue (12/04/2025)</a>, as part of the South Sudan: Post-secession Local agreements.</li><li>There has been a total of 160 agreements in South Sudan, since the first agreement was signed in 1992 (<a href=""https://www.peaceagreements.org/agreements/1021/"" target=""_blank"">Communique of the Abuja Sudanese Peace Conference (04/06/1992)</a>), in 6 peace processes (Sudanese (North-South) peace process, Kordofan - Blue Nile - Abyei process, South Sudan: Pre-secession Local Peace Processes, North - South Sudan secession process, South Sudan: Post-secession Local agreements, South Sudan post-secession process).</li></ul>",626.0,South Sudan,121.0,7.0,88.0,5.0,0.0,0.0,91.0,3.0,0.0,0.0,4.0,30.0,0.0,0.0,133.33333333333331,32.967032967032964,2026-01-31,728.0,South Sudan,3640,1676,574,120,413,118,2486,1304,2,161,372,1154,1.694915254237288,38.983050847457626,28.52760736196319,46.41995172968624,2026-03-31,156.0,165,South Sudan ranked 156 out of 165 countries in the Global Peace Index (2025).,181.0,182,South Sudan ranked 181 out of 182 countries in the Corruption Perception Index (2025).,"In the current period of analysis (Sep 2025) by the <a href='https://data.humdata.org/dataset/global-acute-food-insecurity-country-data', target='_blank'>IPC</a>, 42% of the population of South Sudan are in IPC Phase 3+ (in food crisis), an estimated 5972144 people. 9% (1295086 people) are estimated to be in Phase 4 (emergency). 27856 (0.0%) are in Phase 5 (catastrophe/famine).","In South Sudan there has been a total of 944,631 people displaced, with 269,274 new displacements in 2024 [<a href='https://data.humdata.org/dataset/idmc-internal-displacements-new-displacements-idps', target='_blank'>IDMC</a>].","There are 2 current crises and severity categories listed in the <a href=""https://www.acaps.org/en/thematics/all-topics/inform-severity-index"" target=""_blank"">INFORM Severity Index</a> for South Sudan: Complex crisis in South Sudan (Very High), Displacement from Sudan to South Sudan (High), as of 27/03/26.","South Sudan is one of 12 focus countries in the UK's WPS <a href='https://assets.publishing.service.gov.uk/government/uploads/system/uploads/attachment_data/file/1156085/uk-women-peace-security-national-action-plan-2023-2027.pdf', target='_blank'>National Action Plan</a> for 2023-2027. ","<ul><li>In the current period of analysis (Sep 2025) by the <a href='https://data.humdata.org/dataset/global-acute-food-insecurity-country-data', target='_blank'>IPC</a>, 42% of the population of South Sudan are in IPC Phase 3+ (in food crisis), an estimated 5972144 people. 9% (1295086 people) are estimated to be in Phase 4 (emergency). 27856 (0.0%) are in Phase 5 (catastrophe/famine).</li><li>In South Sudan there has been a total of 944,631 people displaced, with 269,274 new displacements in 2024 [<a href='https://data.humdata.org/dataset/idmc-internal-displacements-new-displacements-idps', target='_blank'>IDMC</a>].</li><li>There are 2 current crises and severity categories listed in the <a href=""https://www.acaps.org/en/thematics/all-topics/inform-severity-index"" target=""_blank"">INFORM Severity Index</a> for South Sudan: Complex crisis in South Sudan (Very High), Displacement from Sudan to South Sudan (High), as of 27/03/26.</li><li>South Sudan is one of 12 focus countries in the UK's WPS <a href='https://assets.publishing.service.gov.uk/government/uploads/system/uploads/attachment_data/file/1156085/uk-women-peace-security-national-action-plan-2023-2027.pdf', target='_blank'>National Action Plan</a> for 2023-2027.</li></ul>","<ul><li>South Sudan ranked 156 out of 165 countries in the Global Peace Index (2025).</li><li>South Sudan ranked 181 out of 182 countries in the Corruption Perception Index (2025).</li><li>In the current period of analysis (Sep 2025) by the <a href='https://data.humdata.org/dataset/global-acute-food-insecurity-country-data', target='_blank'>IPC</a>, 42% of the population of South Sudan are in IPC Phase 3+ (in food crisis), an estimated 5972144 people. 9% (1295086 people) are estimated to be in Phase 4 (emergency). 27856 (0.0%) are in Phase 5 (catastrophe/famine).</li><li>In South Sudan there has been a total of 944,631 people displaced, with 269,274 new displacements in 2024 [<a href='https://data.humdata.org/dataset/idmc-internal-displacements-new-displacements-idps', target='_blank'>IDMC</a>].</li><li>There are 2 current crises and severity categories listed in the <a href=""https://www.acaps.org/en/thematics/all-topics/inform-severity-index"" target=""_blank"">INFORM Severity Index</a> for South Sudan: Complex crisis in South Sudan (Very High), Displacement from Sudan to South Sudan (High), as of 27/03/26.</li><li>South Sudan is one of 12 focus countries in the UK's WPS <a href='https://assets.publishing.service.gov.uk/government/uploads/system/uploads/attachment_data/file/1156085/uk-women-peace-security-national-action-plan-2023-2027.pdf', target='_blank'>National Action Plan</a> for 2023-2027.</li></ul>"
pax,South Sudan,127.0,SSD,626.0,728.0,SSD,1.0,South Sudan,https://www.peaceagreements.org/tracker/south-sudan,https://www.peaceagreements.org/agreements/search/?search_type=basic-search&countries=127&match_any_issues=True&name=&text=&signed_after=&signed_before=,160,6,"<ul><li>The most recent agreement signed in South Sudan was <a href=""https://www.peaceagreements.org/agreements/2745/"" target=""_blank"">Resolutions and Recommendations on The Twic-Ngok Dinka Youth Peace Dialogue (12/04/2025)</a>, as part of the South Sudan: Post-secession Local agreements.</li><li>There has been a total of 160 agreements in South Sudan, since the first agreement was signed in 1992 (<a href=""https://www.peaceagreements.org/agreements/1021/"" target=""_blank"">Communique of the Abuja Sudanese Peace Conference (04/06/1992)</a>), in 6 peace processes (Sudanese (North-South) peace process, Kordofan - Blue Nile - Abyei process, South Sudan: Pre-secession Local Peace Processes, North - South Sudan secession process, South Sudan: Post-secession Local agreements, South Sudan post-secession process).</li></ul>",626.0,South Sudan,121.0,7.0,88.0,5.0,0.0,0.0,91.0,3.0,0.0,0.0,4.0,30.0,0.0,0.0,133.33333333333331,32.967032967032964,2026-01-31,728.0,South Sudan,3640,1676,574,120,413,118,2486,1304,2,161,372,1154,1.694915254237288,38.983050847457626,28.52760736196319,46.41995172968624,2026-03-31,3.117,165,South Sudan ranked 3 out of 165 countries in the Global Peace Index (2025).,181.0,182,South Sudan ranked 181 out of 182 countries in the Corruption Perception Index (2025).,"In the current period of analysis (Sep 2025) by the <a href='https://data.humdata.org/dataset/global-acute-food-insecurity-country-data', target='_blank'>IPC</a>, 42% of the population of South Sudan are in IPC Phase 3+ (in food crisis), an estimated 5972144 people. 9% (1295086 people) are estimated to be in Phase 4 (emergency). 27856 (0.0%) are in Phase 5 (catastrophe/famine).","In South Sudan there has been a total of 944,631 people displaced, with 269,274 new displacements in 2024 [<a href='https://data.humdata.org/dataset/idmc-internal-displacements-new-displacements-idps', target='_blank'>IDMC</a>].","There are 2 current crises and severity categories listed in the <a href=""https://www.acaps.org/en/thematics/all-topics/inform-severity-index"" target=""_blank"">INFORM Severity Index</a> for South Sudan: Complex crisis in South Sudan (Very High), Displacement from Sudan to South Sudan (High), as of 27/03/26.","South Sudan is one of 12 focus countries in the UK's WPS <a href='https://assets.publishing.service.gov.uk/government/uploads/system/uploads/attachment_data/file/1156085/uk-women-peace-security-national-action-plan-2023-2027.pdf', target='_blank'>National Action Plan</a> for 2023-2027. ","<ul><li>In the current period of analysis (Sep 2025) by the <a href='https://data.humdata.org/dataset/global-acute-food-insecurity-country-data', target='_blank'>IPC</a>, 42% of the population of South Sudan are in IPC Phase 3+ (in food crisis), an estimated 5972144 people. 9% (1295086 people) are estimated to be in Phase 4 (emergency). 27856 (0.0%) are in Phase 5 (catastrophe/famine).</li><li>In South Sudan there has been a total of 944,631 people displaced, with 269,274 new displacements in 2024 [<a href='https://data.humdata.org/dataset/idmc-internal-displacements-new-displacements-idps', target='_blank'>IDMC</a>].</li><li>There are 2 current crises and severity categories listed in the <a href=""https://www.acaps.org/en/thematics/all-topics/inform-severity-index"" target=""_blank"">INFORM Severity Index</a> for South Sudan: Complex crisis in South Sudan (Very High), Displacement from Sudan to South Sudan (High), as of 27/03/26.</li><li>South Sudan is one of 12 focus countries in the UK's WPS <a href='https://assets.publishing.service.gov.uk/government/uploads/system/uploads/attachment_data/file/1156085/uk-women-peace-security-national-action-plan-2023-2027.pdf', target='_blank'>National Action Plan</a> for 2023-2027.</li></ul>","<ul><li>South Sudan ranked 3 out of 165 countries in the Global Peace Index (2025).</li><li>South Sudan ranked 181 out of 182 countries in the Corruption Perception Index (2025).</li><li>In the current period of analysis (Sep 2025) by the <a href='https://data.humdata.org/dataset/global-acute-food-insecurity-country-data', target='_blank'>IPC</a>, 42% of the population of South Sudan are in IPC Phase 3+ (in food crisis), an estimated 5972144 people. 9% (1295086 people) are estimated to be in Phase 4 (emergency). 27856 (0.0%) are in Phase 5 (catastrophe/famine).</li><li>In South Sudan there has been a total of 944,631 people displaced, with 269,274 new displacements in 2024 [<a href='https://data.humdata.org/dataset/idmc-internal-displacements-new-displacements-idps', target='_blank'>IDMC</a>].</li><li>There are 2 current crises and severity categories listed in the <a href=""https://www.acaps.org/en/thematics/all-topics/inform-severity-index"" target=""_blank"">INFORM Severity Index</a> for South Sudan: Complex crisis in South Sudan (Very High), Displacement from Sudan to South Sudan (High), as of 27/03/26.</li><li>South Sudan is one of 12 focus countries in the UK's WPS <a href='https://assets.publishing.service.gov.uk/government/uploads/system/uploads/attachment_data/file/1156085/uk-women-peace-security-national-action-plan-2023-2027.pdf', target='_blank'>National Action Plan</a> for 2023-2027.</li></ul>"
pax,Spain,128.0,ESP,230.0,724.0,SPN,2.0,All,https://www.peaceagreements.org/tracker/all,https://www.peaceagreements.org/agreements/search/?search_type=basic-search&countries=128&match_any_issues=True&name=&text=&signed_after=&signed_before=,3,1,"<ul><li>The most recent agreement signed in Spain was <a href=""https://www.peaceagreements.org/agreements/1439/"" target=""_blank"">Basque Ceasefire Statement (01/10/2011)</a>, as part of the Spain - Basque internal process.</li><li>There has been a total of 3 agreements in Spain, since the first agreement was signed in 1998 (<a href=""https://www.peaceagreements.org/agreements/70/"" target=""_blank"">The Lizarra Declaration (12/09/1998)</a>), in 1 peace process (Spain - Basque internal process).</li></ul>",,,,,,,,,,,,,,,,,,,,724.0,Spain,2,34,0,3,0,1,0,10,2,0,24,2,200.0,0.0,240.0,0.0,2026-03-31,1.578,165,Spain ranked 1 out of 165 countries in the Global Peace Index (2025).,49.0,182,Spain ranked 49 out of 182 countries in the Corruption Perception Index (2025).,,,"There is 1 current crisis and severity category listed in the <a href=""https://www.acaps.org/en/thematics/all-topics/inform-severity-index"" target=""_blank"">INFORM Severity Index</a> for Spain: International displacement to Spain (Low), as of 25/03/26.",,"<ul><li>There is 1 current crisis and severity category listed in the <a href=""https://www.acaps.org/en/thematics/all-topics/inform-severity-index"" target=""_blank"">INFORM Severity Index</a> for Spain: International displacement to Spain (Low), as of 25/03/26.</li></ul>","<ul><li>Spain ranked 1 out of 165 countries in the Global Peace Index (2025).</li><li>Spain ranked 49 out of 182 countries in the Corruption Perception Index (2025).</li><li>There is 1 current crisis and severity category listed in the <a href=""https://www.acaps.org/en/thematics/all-topics/inform-severity-index"" target=""_blank"">INFORM Severity Index</a> for Spain: International displacement to Spain (Low), as of 25/03/26.</li></ul>"
pax,Spain,128.0,ESP,230.0,724.0,SPN,2.0,All,https://www.peaceagreements.org/tracker/all,https://www.peaceagreements.org/agreements/search/?search_type=basic-search&countries=128&match_any_issues=True&name=&text=&signed_after=&signed_before=,3,1,"<ul><li>The most recent agreement signed in Spain was <a href=""https://www.peaceagreements.org/agreements/1439/"" target=""_blank"">Basque Ceasefire Statement (01/10/2011)</a>, as part of the Spain - Basque internal process.</li><li>There has been a total of 3 agreements in Spain, since the first agreement was signed in 1998 (<a href=""https://www.peaceagreements.org/agreements/70/"" target=""_blank"">The Lizarra Declaration (12/09/1998)</a>), in 1 peace process (Spain - Basque internal process).</li></ul>",,,,,,,,,,,,,,,,,,,,724.0,Spain,2,34,0,3,0,1,0,10,2,0,24,2,200.0,0.0,240.0,0.0,2026-03-31,25.0,165,Spain ranked 25 out of 165 countries in the Global Peace Index (2025).,49.0,182,Spain ranked 49 out of 182 countries in the Corruption Perception Index (2025).,,,"There is 1 current crisis and severity category listed in the <a href=""https://www.acaps.org/en/thematics/all-topics/inform-severity-index"" target=""_blank"">INFORM Severity Index</a> for Spain: International displacement to Spain (Low), as of 25/03/26.",,"<ul><li>There is 1 current crisis and severity category listed in the <a href=""https://www.acaps.org/en/thematics/all-topics/inform-severity-index"" target=""_blank"">INFORM Severity Index</a> for Spain: International displacement to Spain (Low), as of 25/03/26.</li></ul>","<ul><li>Spain ranked 25 out of 165 countries in the Global Peace Index (2025).</li><li>Spain ranked 49 out of 182 countries in the Corruption Perception Index (2025).</li><li>There is 1 current crisis and severity category listed in the <a href=""https://www.acaps.org/en/thematics/all-topics/inform-severity-index"" target=""_blank"">INFORM Severity Index</a> for Spain: International displacement to Spain (Low), as of 25/03/26.</li></ul>"
pax,Sri Lanka,129.0,LKA,780.0,144.0,SRI,2.0,All,https://www.peaceagreements.org/tracker/all,https://www.peaceagreements.org/agreements/search/?search_type=basic-search&countries=129&match_any_issues=True&name=&text=&signed_after=&signed_before=,25,2,"<ul><li>The most recent agreement signed in Sri Lanka was <a href=""https://www.peaceagreements.org/agreements/1157/"" target=""_blank"">Statement read out by the Norwegian Facilitator Erik Solheim (24/02/2006)</a>, as part of the Sri Lanka LTTE 2002 onward process.</li><li>There has been a total of 25 agreements in Sri Lanka, since the first agreement was signed in 1995 (<a href=""https://www.peaceagreements.org/agreements/355/"" target=""_blank"">Declaration of Cessation of Hostilities (05/01/1995)</a>), in 2 peace processes (Sri Lanka Kumaratunga/Devolution Processes, Sri Lanka LTTE 2002 onward process).</li></ul>",,,,,,,,,,,,,,,,,,,,144.0,Sri Lanka,116,65,104,1,3,5,3,61,-4,101,4,113,-80.0,3366.6666666666665,6.557377049180328,3766.6666666666665,2026-03-31,97.0,165,Sri Lanka ranked 97 out of 165 countries in the Global Peace Index (2025).,107.0,182,Sri Lanka ranked 107 out of 182 countries in the Corruption Perception Index (2025).,,"In Sri Lanka, there has been a total of 4,806 people displaced as of end of 2024 [<a href='https://data.humdata.org/dataset/idmc-internal-displacements-new-displacements-idps', target='_blank'>IDMC</a>].","There is 1 current crisis and severity category listed in the <a href=""https://www.acaps.org/en/thematics/all-topics/inform-severity-index"" target=""_blank"">INFORM Severity Index</a> for Sri Lanka: Cyclone Ditwah in Sri lanka (High), as of 24/03/26.",,"<ul><li>In Sri Lanka, there has been a total of 4,806 people displaced as of end of 2024 [<a href='https://data.humdata.org/dataset/idmc-internal-displacements-new-displacements-idps', target='_blank'>IDMC</a>].</li><li>There is 1 current crisis and severity category listed in the <a href=""https://www.acaps.org/en/thematics/all-topics/inform-severity-index"" target=""_blank"">INFORM Severity Index</a> for Sri Lanka: Cyclone Ditwah in Sri lanka (High), as of 24/03/26.</li></ul>","<ul><li>Sri Lanka ranked 97 out of 165 countries in the Global Peace Index (2025).</li><li>Sri Lanka ranked 107 out of 182 countries in the Corruption Perception Index (2025).</li><li>In Sri Lanka, there has been a total of 4,806 people displaced as of end of 2024 [<a href='https://data.humdata.org/dataset/idmc-internal-displacements-new-displacements-idps', target='_blank'>IDMC</a>].</li><li>There is 1 current crisis and severity category listed in the <a href=""https://www.acaps.org/en/thematics/all-topics/inform-severity-index"" target=""_blank"">INFORM Severity Index</a> for Sri Lanka: Cyclone Ditwah in Sri lanka (High), as of 24/03/26.</li></ul>"
pax,Sri Lanka,129.0,LKA,780.0,144.0,SRI,2.0,All,https://www.peaceagreements.org/tracker/all,https://www.peaceagreements.org/agreements/search/?search_type=basic-search&countries=129&match_any_issues=True&name=&text=&signed_after=&signed_before=,25,2,"<ul><li>The most recent agreement signed in Sri Lanka was <a href=""https://www.peaceagreements.org/agreements/1157/"" target=""_blank"">Statement read out by the Norwegian Facilitator Erik Solheim (24/02/2006)</a>, as part of the Sri Lanka LTTE 2002 onward process.</li><li>There has been a total of 25 agreements in Sri Lanka, since the first agreement was signed in 1995 (<a href=""https://www.peaceagreements.org/agreements/355/"" target=""_blank"">Declaration of Cessation of Hostilities (05/01/1995)</a>), in 2 peace processes (Sri Lanka Kumaratunga/Devolution Processes, Sri Lanka LTTE 2002 onward process).</li></ul>",,,,,,,,,,,,,,,,,,,,144.0,Sri Lanka,116,65,104,1,3,5,3,61,-4,101,4,113,-80.0,3366.6666666666665,6.557377049180328,3766.6666666666665,2026-03-31,2.075,165,Sri Lanka ranked 2 out of 165 countries in the Global Peace Index (2025).,107.0,182,Sri Lanka ranked 107 out of 182 countries in the Corruption Perception Index (2025).,,"In Sri Lanka, there has been a total of 4,806 people displaced as of end of 2024 [<a href='https://data.humdata.org/dataset/idmc-internal-displacements-new-displacements-idps', target='_blank'>IDMC</a>].","There is 1 current crisis and severity category listed in the <a href=""https://www.acaps.org/en/thematics/all-topics/inform-severity-index"" target=""_blank"">INFORM Severity Index</a> for Sri Lanka: Cyclone Ditwah in Sri lanka (High), as of 24/03/26.",,"<ul><li>In Sri Lanka, there has been a total of 4,806 people displaced as of end of 2024 [<a href='https://data.humdata.org/dataset/idmc-internal-displacements-new-displacements-idps', target='_blank'>IDMC</a>].</li><li>There is 1 current crisis and severity category listed in the <a href=""https://www.acaps.org/en/thematics/all-topics/inform-severity-index"" target=""_blank"">INFORM Severity Index</a> for Sri Lanka: Cyclone Ditwah in Sri lanka (High), as of 24/03/26.</li></ul>","<ul><li>Sri Lanka ranked 2 out of 165 countries in the Global Peace Index (2025).</li><li>Sri Lanka ranked 107 out of 182 countries in the Corruption Perception Index (2025).</li><li>In Sri Lanka, there has been a total of 4,806 people displaced as of end of 2024 [<a href='https://data.humdata.org/dataset/idmc-internal-displacements-new-displacements-idps', target='_blank'>IDMC</a>].</li><li>There is 1 current crisis and severity category listed in the <a href=""https://www.acaps.org/en/thematics/all-topics/inform-severity-index"" target=""_blank"">INFORM Severity Index</a> for Sri Lanka: Cyclone Ditwah in Sri lanka (High), as of 24/03/26.</li></ul>"
pax,Sudan,130.0,SDN,625.0,729.0,SUD,1.0,Sudan,https://www.peaceagreements.org/tracker/sudan,https://www.peaceagreements.org/agreements/search/?search_type=basic-search&countries=130&match_any_issues=True&name=&text=&signed_after=&signed_before=,137,12,"<ul><li>The most recent agreement signed in Sudan was <a href=""https://www.peaceagreements.org/agreements/2732/"" target=""_blank"">ALPS Group Humanitarian Access Agreement in Sudan (23/08/2024)</a>, as part of the Sudan Transition Process.</li><li>There has been a total of 137 agreements in Sudan, since the first agreement was signed in 1992 (<a href=""https://www.peaceagreements.org/agreements/1021/"" target=""_blank"">Communique of the Abuja Sudanese Peace Conference (04/06/1992)</a>), in 12 peace processes (Sudanese (North-South) peace process, Sudan Local Processes, North - South Sudan secession process, Kordofan - Blue Nile - Abyei process, Darfur-Sudan peace process, Eastern Sudanese Peace Process, Sudan Transition Process, Eritrea-Sudan peace process, South Sudan: Pre-secession Local Peace Processes, Chad-Sudan Agreements, CAR - Sudan: local cross-border agreements, South Sudan: Post-secession Local agreements).</li></ul>",625.0,Sudan,5995.0,282.0,436.0,27.0,6.0,1.0,7340.0,705.0,26.0,430.0,-423.0,-1345.0,2600.0,7166.666666666667,-60.0,-18.32425068119891,2026-01-31,729.0,Sudan,17455,3172,1363,240,909,217,21786,5939,23,454,-2767,-4331,10.599078341013826,49.94499449944995,-46.59033507324465,-19.879739282107774,2026-03-31,3.323,165,Sudan ranked 3 out of 165 countries in the Global Peace Index (2025).,175.0,182,Sudan ranked 175 out of 182 countries in the Corruption Perception Index (2025).,"In the current period of analysis (Sep 2025) by the <a href='https://data.humdata.org/dataset/global-acute-food-insecurity-country-data', target='_blank'>IPC</a>, 45% of the population of Sudan are in IPC Phase 3+ (in food crisis), an estimated 21241056 people. 13% (6342656 people) are estimated to be in Phase 4 (emergency). 375389 (1.0%) are in Phase 5 (catastrophe/famine).","In Sudan there has been a total of 11,559,970 people displaced, with 3,777,679 new displacements in 2024 [<a href='https://data.humdata.org/dataset/idmc-internal-displacements-new-displacements-idps', target='_blank'>IDMC</a>].","There are 2 current crises and severity categories listed in the <a href=""https://www.acaps.org/en/thematics/all-topics/inform-severity-index"" target=""_blank"">INFORM Severity Index</a> for Sudan: Complex crisis in Sudan (Very High), International Displacement in Sudan (High), as of 25/03/26.",,"<ul><li>In the current period of analysis (Sep 2025) by the <a href='https://data.humdata.org/dataset/global-acute-food-insecurity-country-data', target='_blank'>IPC</a>, 45% of the population of Sudan are in IPC Phase 3+ (in food crisis), an estimated 21241056 people. 13% (6342656 people) are estimated to be in Phase 4 (emergency). 375389 (1.0%) are in Phase 5 (catastrophe/famine).</li><li>In Sudan there has been a total of 11,559,970 people displaced, with 3,777,679 new displacements in 2024 [<a href='https://data.humdata.org/dataset/idmc-internal-displacements-new-displacements-idps', target='_blank'>IDMC</a>].</li><li>There are 2 current crises and severity categories listed in the <a href=""https://www.acaps.org/en/thematics/all-topics/inform-severity-index"" target=""_blank"">INFORM Severity Index</a> for Sudan: Complex crisis in Sudan (Very High), International Displacement in Sudan (High), as of 25/03/26.</li></ul>","<ul><li>Sudan ranked 3 out of 165 countries in the Global Peace Index (2025).</li><li>Sudan ranked 175 out of 182 countries in the Corruption Perception Index (2025).</li><li>In the current period of analysis (Sep 2025) by the <a href='https://data.humdata.org/dataset/global-acute-food-insecurity-country-data', target='_blank'>IPC</a>, 45% of the population of Sudan are in IPC Phase 3+ (in food crisis), an estimated 21241056 people. 13% (6342656 people) are estimated to be in Phase 4 (emergency). 375389 (1.0%) are in Phase 5 (catastrophe/famine).</li><li>In Sudan there has been a total of 11,559,970 people displaced, with 3,777,679 new displacements in 2024 [<a href='https://data.humdata.org/dataset/idmc-internal-displacements-new-displacements-idps', target='_blank'>IDMC</a>].</li><li>There are 2 current crises and severity categories listed in the <a href=""https://www.acaps.org/en/thematics/all-topics/inform-severity-index"" target=""_blank"">INFORM Severity Index</a> for Sudan: Complex crisis in Sudan (Very High), International Displacement in Sudan (High), as of 25/03/26.</li></ul>"
pax,Sudan,130.0,SDN,625.0,729.0,SUD,1.0,Sudan,https://www.peaceagreements.org/tracker/sudan,https://www.peaceagreements.org/agreements/search/?search_type=basic-search&countries=130&match_any_issues=True&name=&text=&signed_after=&signed_before=,137,12,"<ul><li>The most recent agreement signed in Sudan was <a href=""https://www.peaceagreements.org/agreements/2732/"" target=""_blank"">ALPS Group Humanitarian Access Agreement in Sudan (23/08/2024)</a>, as part of the Sudan Transition Process.</li><li>There has been a total of 137 agreements in Sudan, since the first agreement was signed in 1992 (<a href=""https://www.peaceagreements.org/agreements/1021/"" target=""_blank"">Communique of the Abuja Sudanese Peace Conference (04/06/1992)</a>), in 12 peace processes (Sudanese (North-South) peace process, Sudan Local Processes, North - South Sudan secession process, Kordofan - Blue Nile - Abyei process, Darfur-Sudan peace process, Eastern Sudanese Peace Process, Sudan Transition Process, Eritrea-Sudan peace process, South Sudan: Pre-secession Local Peace Processes, Chad-Sudan Agreements, CAR - Sudan: local cross-border agreements, South Sudan: Post-secession Local agreements).</li></ul>",625.0,Sudan,5995.0,282.0,436.0,27.0,6.0,1.0,7340.0,705.0,26.0,430.0,-423.0,-1345.0,2600.0,7166.666666666667,-60.0,-18.32425068119891,2026-01-31,729.0,Sudan,17455,3172,1363,240,909,217,21786,5939,23,454,-2767,-4331,10.599078341013826,49.94499449944995,-46.59033507324465,-19.879739282107774,2026-03-31,161.0,165,Sudan ranked 161 out of 165 countries in the Global Peace Index (2025).,175.0,182,Sudan ranked 175 out of 182 countries in the Corruption Perception Index (2025).,"In the current period of analysis (Sep 2025) by the <a href='https://data.humdata.org/dataset/global-acute-food-insecurity-country-data', target='_blank'>IPC</a>, 45% of the population of Sudan are in IPC Phase 3+ (in food crisis), an estimated 21241056 people. 13% (6342656 people) are estimated to be in Phase 4 (emergency). 375389 (1.0%) are in Phase 5 (catastrophe/famine).","In Sudan there has been a total of 11,559,970 people displaced, with 3,777,679 new displacements in 2024 [<a href='https://data.humdata.org/dataset/idmc-internal-displacements-new-displacements-idps', target='_blank'>IDMC</a>].","There are 2 current crises and severity categories listed in the <a href=""https://www.acaps.org/en/thematics/all-topics/inform-severity-index"" target=""_blank"">INFORM Severity Index</a> for Sudan: Complex crisis in Sudan (Very High), International Displacement in Sudan (High), as of 25/03/26.",,"<ul><li>In the current period of analysis (Sep 2025) by the <a href='https://data.humdata.org/dataset/global-acute-food-insecurity-country-data', target='_blank'>IPC</a>, 45% of the population of Sudan are in IPC Phase 3+ (in food crisis), an estimated 21241056 people. 13% (6342656 people) are estimated to be in Phase 4 (emergency). 375389 (1.0%) are in Phase 5 (catastrophe/famine).</li><li>In Sudan there has been a total of 11,559,970 people displaced, with 3,777,679 new displacements in 2024 [<a href='https://data.humdata.org/dataset/idmc-internal-displacements-new-displacements-idps', target='_blank'>IDMC</a>].</li><li>There are 2 current crises and severity categories listed in the <a href=""https://www.acaps.org/en/thematics/all-topics/inform-severity-index"" target=""_blank"">INFORM Severity Index</a> for Sudan: Complex crisis in Sudan (Very High), International Displacement in Sudan (High), as of 25/03/26.</li></ul>","<ul><li>Sudan ranked 161 out of 165 countries in the Global Peace Index (2025).</li><li>Sudan ranked 175 out of 182 countries in the Corruption Perception Index (2025).</li><li>In the current period of analysis (Sep 2025) by the <a href='https://data.humdata.org/dataset/global-acute-food-insecurity-country-data', target='_blank'>IPC</a>, 45% of the population of Sudan are in IPC Phase 3+ (in food crisis), an estimated 21241056 people. 13% (6342656 people) are estimated to be in Phase 4 (emergency). 375389 (1.0%) are in Phase 5 (catastrophe/famine).</li><li>In Sudan there has been a total of 11,559,970 people displaced, with 3,777,679 new displacements in 2024 [<a href='https://data.humdata.org/dataset/idmc-internal-displacements-new-displacements-idps', target='_blank'>IDMC</a>].</li><li>There are 2 current crises and severity categories listed in the <a href=""https://www.acaps.org/en/thematics/all-topics/inform-severity-index"" target=""_blank"">INFORM Severity Index</a> for Sudan: Complex crisis in Sudan (Very High), International Displacement in Sudan (High), as of 25/03/26.</li></ul>"
pax,Syria,131.0,SYR,652.0,760.0,SYR,1.0,Syria,https://www.peaceagreements.org/tracker/syria,https://www.peaceagreements.org/agreements/search/?search_type=basic-search&countries=131&match_any_issues=True&name=&text=&signed_after=&signed_before=,111,4,"<ul><li>The most recent agreement signed in Syria was <a href=""https://www.peaceagreements.org/agreements/2871/"" target=""_blank"">Road map to end the crisis in Suwayda and stabilize southern Syria (16/09/2025)</a>, as part of the Syrian Local Agreements.</li><li>There has been a total of 111 agreements in Syria, since the first agreement was signed in 1991 (<a href=""https://www.peaceagreements.org/agreements/1018/"" target=""_blank"">Treaty for Brotherhood, Cooperation and Coordination (22/05/1991)</a>), in 4 peace processes (Syrian peace process, Syrian Local Agreements, Intra-Syrian Process (state/non-state), Lebanon-Syria conflict resolution process).</li></ul>",652.0,Syria,1751.0,124.0,66.0,17.0,0.0,0.0,3685.0,1079.0,0.0,0.0,-955.0,-1934.0,0.0,0.0,-88.50787766450418,-52.48303934871099,2026-01-31,760.0,Syria,4248,5204,150,324,152,283,9856,12077,41,-2,-6873,-5608,14.487632508833922,-1.3157894736842104,-56.909828599817835,-56.899350649350644,2026-03-31,3.184,165,Syria ranked 3 out of 165 countries in the Global Peace Index (2025).,172.0,182,Syria ranked 172 out of 182 countries in the Corruption Perception Index (2025).,,"In Syria there has been a total of 7,408,809 people displaced, with 768,126 new displacements in 2024 [<a href='https://data.humdata.org/dataset/idmc-internal-displacements-new-displacements-idps', target='_blank'>IDMC</a>].","There is 1 current crisis and severity category listed in the <a href=""https://www.acaps.org/en/thematics/all-topics/inform-severity-index"" target=""_blank"">INFORM Severity Index</a> for Syria: Complex crisis in Syria (Very High), as of 24/03/26.","Syria is one of 12 focus countries in the UK's WPS <a href='https://assets.publishing.service.gov.uk/government/uploads/system/uploads/attachment_data/file/1156085/uk-women-peace-security-national-action-plan-2023-2027.pdf', target='_blank'>National Action Plan</a> for 2023-2027. ","<ul><li>In Syria there has been a total of 7,408,809 people displaced, with 768,126 new displacements in 2024 [<a href='https://data.humdata.org/dataset/idmc-internal-displacements-new-displacements-idps', target='_blank'>IDMC</a>].</li><li>There is 1 current crisis and severity category listed in the <a href=""https://www.acaps.org/en/thematics/all-topics/inform-severity-index"" target=""_blank"">INFORM Severity Index</a> for Syria: Complex crisis in Syria (Very High), as of 24/03/26.</li><li>Syria is one of 12 focus countries in the UK's WPS <a href='https://assets.publishing.service.gov.uk/government/uploads/system/uploads/attachment_data/file/1156085/uk-women-peace-security-national-action-plan-2023-2027.pdf', target='_blank'>National Action Plan</a> for 2023-2027.</li></ul>","<ul><li>Syria ranked 3 out of 165 countries in the Global Peace Index (2025).</li><li>Syria ranked 172 out of 182 countries in the Corruption Perception Index (2025).</li><li>In Syria there has been a total of 7,408,809 people displaced, with 768,126 new displacements in 2024 [<a href='https://data.humdata.org/dataset/idmc-internal-displacements-new-displacements-idps', target='_blank'>IDMC</a>].</li><li>There is 1 current crisis and severity category listed in the <a href=""https://www.acaps.org/en/thematics/all-topics/inform-severity-index"" target=""_blank"">INFORM Severity Index</a> for Syria: Complex crisis in Syria (Very High), as of 24/03/26.</li><li>Syria is one of 12 focus countries in the UK's WPS <a href='https://assets.publishing.service.gov.uk/government/uploads/system/uploads/attachment_data/file/1156085/uk-women-peace-security-national-action-plan-2023-2027.pdf', target='_blank'>National Action Plan</a> for 2023-2027.</li></ul>"
pax,Syria,131.0,SYR,652.0,760.0,SYR,1.0,Syria,https://www.peaceagreements.org/tracker/syria,https://www.peaceagreements.org/agreements/search/?search_type=basic-search&countries=131&match_any_issues=True&name=&text=&signed_after=&signed_before=,111,4,"<ul><li>The most recent agreement signed in Syria was <a href=""https://www.peaceagreements.org/agreements/2871/"" target=""_blank"">Road map to end the crisis in Suwayda and stabilize southern Syria (16/09/2025)</a>, as part of the Syrian Local Agreements.</li><li>There has been a total of 111 agreements in Syria, since the first agreement was signed in 1991 (<a href=""https://www.peaceagreements.org/agreements/1018/"" target=""_blank"">Treaty for Brotherhood, Cooperation and Coordination (22/05/1991)</a>), in 4 peace processes (Syrian peace process, Syrian Local Agreements, Intra-Syrian Process (state/non-state), Lebanon-Syria conflict resolution process).</li></ul>",652.0,Syria,1751.0,124.0,66.0,17.0,0.0,0.0,3685.0,1079.0,0.0,0.0,-955.0,-1934.0,0.0,0.0,-88.50787766450418,-52.48303934871099,2026-01-31,760.0,Syria,4248,5204,150,324,152,283,9856,12077,41,-2,-6873,-5608,14.487632508833922,-1.3157894736842104,-56.909828599817835,-56.899350649350644,2026-03-31,157.0,165,Syria ranked 157 out of 165 countries in the Global Peace Index (2025).,172.0,182,Syria ranked 172 out of 182 countries in the Corruption Perception Index (2025).,,"In Syria there has been a total of 7,408,809 people displaced, with 768,126 new displacements in 2024 [<a href='https://data.humdata.org/dataset/idmc-internal-displacements-new-displacements-idps', target='_blank'>IDMC</a>].","There is 1 current crisis and severity category listed in the <a href=""https://www.acaps.org/en/thematics/all-topics/inform-severity-index"" target=""_blank"">INFORM Severity Index</a> for Syria: Complex crisis in Syria (Very High), as of 24/03/26.","Syria is one of 12 focus countries in the UK's WPS <a href='https://assets.publishing.service.gov.uk/government/uploads/system/uploads/attachment_data/file/1156085/uk-women-peace-security-national-action-plan-2023-2027.pdf', target='_blank'>National Action Plan</a> for 2023-2027. ","<ul><li>In Syria there has been a total of 7,408,809 people displaced, with 768,126 new displacements in 2024 [<a href='https://data.humdata.org/dataset/idmc-internal-displacements-new-displacements-idps', target='_blank'>IDMC</a>].</li><li>There is 1 current crisis and severity category listed in the <a href=""https://www.acaps.org/en/thematics/all-topics/inform-severity-index"" target=""_blank"">INFORM Severity Index</a> for Syria: Complex crisis in Syria (Very High), as of 24/03/26.</li><li>Syria is one of 12 focus countries in the UK's WPS <a href='https://assets.publishing.service.gov.uk/government/uploads/system/uploads/attachment_data/file/1156085/uk-women-peace-security-national-action-plan-2023-2027.pdf', target='_blank'>National Action Plan</a> for 2023-2027.</li></ul>","<ul><li>Syria ranked 157 out of 165 countries in the Global Peace Index (2025).</li><li>Syria ranked 172 out of 182 countries in the Corruption Perception Index (2025).</li><li>In Syria there has been a total of 7,408,809 people displaced, with 768,126 new displacements in 2024 [<a href='https://data.humdata.org/dataset/idmc-internal-displacements-new-displacements-idps', target='_blank'>IDMC</a>].</li><li>There is 1 current crisis and severity category listed in the <a href=""https://www.acaps.org/en/thematics/all-topics/inform-severity-index"" target=""_blank"">INFORM Severity Index</a> for Syria: Complex crisis in Syria (Very High), as of 24/03/26.</li><li>Syria is one of 12 focus countries in the UK's WPS <a href='https://assets.publishing.service.gov.uk/government/uploads/system/uploads/attachment_data/file/1156085/uk-women-peace-security-national-action-plan-2023-2027.pdf', target='_blank'>National Action Plan</a> for 2023-2027.</li></ul>"
pax,Tajikistan,132.0,TJK,702.0,762.0,TAJ,2.0,All,https://www.peaceagreements.org/tracker/all,https://www.peaceagreements.org/agreements/search/?search_type=basic-search&countries=132&match_any_issues=True&name=&text=&signed_after=&signed_before=,23,2,"<ul><li>The most recent agreement signed in Tajikistan was <a href=""https://www.peaceagreements.org/agreements/2392/"" target=""_blank"">Joint Statement (29/06/2021)</a>, as part of the Kyrgyzstan–Tajikistan Border Process.</li><li>There has been a total of 23 agreements in Tajikistan, since the first agreement was signed in 1994 (<a href=""https://www.peaceagreements.org/agreements/257/"" target=""_blank"">Agreement on a Temporary Ceasefire and the Cessation of Other Hostile Acts on the Tajik-Afghan Border and within the Country for the Duration of the Talks [The Tehran Agreement] (17/09/1994)</a>), in 2 peace processes (Tajikistan peace process, Kyrgyzstan–Tajikistan Border Process).</li></ul>",,,,,,,,,,,,,,,,,,,,762.0,Tajikistan,27,10,1,1,0,0,3,1,1,1,9,24,0.0,0.0,900.0,800.0,2026-03-31,80.0,165,Tajikistan ranked 80 out of 165 countries in the Global Peace Index (2025).,166.0,182,Tajikistan ranked 166 out of 182 countries in the Corruption Perception Index (2025).,,,,, ,<ul><li>Tajikistan ranked 80 out of 165 countries in the Global Peace Index (2025).</li><li>Tajikistan ranked 166 out of 182 countries in the Corruption Perception Index (2025).</li></ul>
pax,Tajikistan,132.0,TJK,702.0,762.0,TAJ,2.0,All,https://www.peaceagreements.org/tracker/all,https://www.peaceagreements.org/agreements/search/?search_type=basic-search&countries=132&match_any_issues=True&name=&text=&signed_after=&signed_before=,23,2,"<ul><li>The most recent agreement signed in Tajikistan was <a href=""https://www.peaceagreements.org/agreements/2392/"" target=""_blank"">Joint Statement (29/06/2021)</a>, as part of the Kyrgyzstan–Tajikistan Border Process.</li><li>There has been a total of 23 agreements in Tajikistan, since the first agreement was signed in 1994 (<a href=""https://www.peaceagreements.org/agreements/257/"" target=""_blank"">Agreement on a Temporary Ceasefire and the Cessation of Other Hostile Acts on the Tajik-Afghan Border and within the Country for the Duration of the Talks [The Tehran Agreement] (17/09/1994)</a>), in 2 peace processes (Tajikistan peace process, Kyrgyzstan–Tajikistan Border Process).</li></ul>",,,,,,,,,,,,,,,,,,,,762.0,Tajikistan,27,10,1,1,0,0,3,1,1,1,9,24,0.0,0.0,900.0,800.0,2026-03-31,1.996,165,Tajikistan ranked 1 out of 165 countries in the Global Peace Index (2025).,166.0,182,Tajikistan ranked 166 out of 182 countries in the Corruption Perception Index (2025).,,,,, ,<ul><li>Tajikistan ranked 1 out of 165 countries in the Global Peace Index (2025).</li><li>Tajikistan ranked 166 out of 182 countries in the Corruption Perception Index (2025).</li></ul>
pax,Thailand,134.0,THA,800.0,764.0,THI,2.0,All,https://www.peaceagreements.org/tracker/all,https://www.peaceagreements.org/agreements/search/?search_type=basic-search&countries=134&match_any_issues=True&name=&text=&signed_after=&signed_before=,7,2,"<ul><li>The most recent agreement signed in Thailand was <a href=""https://www.peaceagreements.org/agreements/2878/"" target=""_blank"">Joint Statement of the 3rd Special General Border Committee (27/12/2025)</a>, as part of the Cambodia - Thailand border dispute process.</li><li>There has been a total of 7 agreements in Thailand, since the first agreement was signed in 2013 (<a href=""https://www.peaceagreements.org/agreements/790/"" target=""_blank"">General Consensus on Peace Dialogue Process (28/02/2013)</a>), in 2 peace processes (Thailand peace process, Cambodia - Thailand border dispute process).</li></ul>",800.0,Thailand,23.0,17.0,0.0,0.0,0.0,0.0,39.0,28.0,0.0,0.0,-11.0,-16.0,0.0,0.0,-39.285714285714285,-41.02564102564102,2026-01-31,764.0,Thailand,113,299,6,18,0,14,54,124,4,6,175,59,28.57142857142857,0.0,141.1290322580645,109.25925925925925,2026-03-31,2.017,165,Thailand ranked 2 out of 165 countries in the Global Peace Index (2025).,116.0,182,Thailand ranked 116 out of 182 countries in the Corruption Perception Index (2025).,,"In Thailand, there were no reported displacements in 2024 [<a href='https://data.humdata.org/dataset/idmc-internal-displacements-new-displacements-idps', target='_blank'>IDMC</a>].","There are 4 current crises and severity categories listed in the <a href=""https://www.acaps.org/en/thematics/all-topics/inform-severity-index"" target=""_blank"">INFORM Severity Index</a> for Thailand: 2025 Flooding in Thailand (Medium), Conflict in Thailand (Medium), Displacement from Myanmar to Thailand (Medium), Multiple crises in Thailand (Medium), as of 30/03/26.",,"<ul><li>In Thailand, there were no reported displacements in 2024 [<a href='https://data.humdata.org/dataset/idmc-internal-displacements-new-displacements-idps', target='_blank'>IDMC</a>].</li><li>There are 4 current crises and severity categories listed in the <a href=""https://www.acaps.org/en/thematics/all-topics/inform-severity-index"" target=""_blank"">INFORM Severity Index</a> for Thailand: 2025 Flooding in Thailand (Medium), Conflict in Thailand (Medium), Displacement from Myanmar to Thailand (Medium), Multiple crises in Thailand (Medium), as of 30/03/26.</li></ul>","<ul><li>Thailand ranked 2 out of 165 countries in the Global Peace Index (2025).</li><li>Thailand ranked 116 out of 182 countries in the Corruption Perception Index (2025).</li><li>In Thailand, there were no reported displacements in 2024 [<a href='https://data.humdata.org/dataset/idmc-internal-displacements-new-displacements-idps', target='_blank'>IDMC</a>].</li><li>There are 4 current crises and severity categories listed in the <a href=""https://www.acaps.org/en/thematics/all-topics/inform-severity-index"" target=""_blank"">INFORM Severity Index</a> for Thailand: 2025 Flooding in Thailand (Medium), Conflict in Thailand (Medium), Displacement from Myanmar to Thailand (Medium), Multiple crises in Thailand (Medium), as of 30/03/26.</li></ul>"
pax,Thailand,134.0,THA,800.0,764.0,THI,2.0,All,https://www.peaceagreements.org/tracker/all,https://www.peaceagreements.org/agreements/search/?search_type=basic-search&countries=134&match_any_issues=True&name=&text=&signed_after=&signed_before=,7,2,"<ul><li>The most recent agreement signed in Thailand was <a href=""https://www.peaceagreements.org/agreements/2878/"" target=""_blank"">Joint Statement of the 3rd Special General Border Committee (27/12/2025)</a>, as part of the Cambodia - Thailand border dispute process.</li><li>There has been a total of 7 agreements in Thailand, since the first agreement was signed in 2013 (<a href=""https://www.peaceagreements.org/agreements/790/"" target=""_blank"">General Consensus on Peace Dialogue Process (28/02/2013)</a>), in 2 peace processes (Thailand peace process, Cambodia - Thailand border dispute process).</li></ul>",800.0,Thailand,23.0,17.0,0.0,0.0,0.0,0.0,39.0,28.0,0.0,0.0,-11.0,-16.0,0.0,0.0,-39.285714285714285,-41.02564102564102,2026-01-31,764.0,Thailand,113,299,6,18,0,14,54,124,4,6,175,59,28.57142857142857,0.0,141.1290322580645,109.25925925925925,2026-03-31,86.0,165,Thailand ranked 86 out of 165 countries in the Global Peace Index (2025).,116.0,182,Thailand ranked 116 out of 182 countries in the Corruption Perception Index (2025).,,"In Thailand, there were no reported displacements in 2024 [<a href='https://data.humdata.org/dataset/idmc-internal-displacements-new-displacements-idps', target='_blank'>IDMC</a>].","There are 4 current crises and severity categories listed in the <a href=""https://www.acaps.org/en/thematics/all-topics/inform-severity-index"" target=""_blank"">INFORM Severity Index</a> for Thailand: 2025 Flooding in Thailand (Medium), Conflict in Thailand (Medium), Displacement from Myanmar to Thailand (Medium), Multiple crises in Thailand (Medium), as of 30/03/26.",,"<ul><li>In Thailand, there were no reported displacements in 2024 [<a href='https://data.humdata.org/dataset/idmc-internal-displacements-new-displacements-idps', target='_blank'>IDMC</a>].</li><li>There are 4 current crises and severity categories listed in the <a href=""https://www.acaps.org/en/thematics/all-topics/inform-severity-index"" target=""_blank"">INFORM Severity Index</a> for Thailand: 2025 Flooding in Thailand (Medium), Conflict in Thailand (Medium), Displacement from Myanmar to Thailand (Medium), Multiple crises in Thailand (Medium), as of 30/03/26.</li></ul>","<ul><li>Thailand ranked 86 out of 165 countries in the Global Peace Index (2025).</li><li>Thailand ranked 116 out of 182 countries in the Corruption Perception Index (2025).</li><li>In Thailand, there were no reported displacements in 2024 [<a href='https://data.humdata.org/dataset/idmc-internal-displacements-new-displacements-idps', target='_blank'>IDMC</a>].</li><li>There are 4 current crises and severity categories listed in the <a href=""https://www.acaps.org/en/thematics/all-topics/inform-severity-index"" target=""_blank"">INFORM Severity Index</a> for Thailand: 2025 Flooding in Thailand (Medium), Conflict in Thailand (Medium), Displacement from Myanmar to Thailand (Medium), Multiple crises in Thailand (Medium), as of 30/03/26.</li></ul>"
pax,Togo,135.0,TGO,461.0,768.0,TOG,2.0,All,https://www.peaceagreements.org/tracker/all,https://www.peaceagreements.org/agreements/search/?search_type=basic-search&countries=135&match_any_issues=True&name=&text=&signed_after=&signed_before=,3,1,"<ul><li>The most recent agreement signed in Togo was <a href=""https://www.peaceagreements.org/agreements/844/"" target=""_blank"">Dialogue inter-togolais: memorandum des partis politiques signataires de l'Accord Politique Global et représentés à l'Assemblée Nationale (07/08/2009)</a>, as part of the Togo peace process.</li><li>There has been a total of 3 agreements in Togo, since the first agreement was signed in 1999 (<a href=""https://www.peaceagreements.org/agreements/1256/"" target=""_blank"">Dialogue inter-togolais: accord cadre de Lomé (27/09/1999)</a>), in 1 peace process (Togo peace process).</li></ul>",,,,,,,,,,,,,,,,,,,,768.0,Togo,19,18,0,1,1,1,114,30,0,-1,-12,-95,0.0,-100.0,-40.0,-83.33333333333334,2026-03-31,2.381,165,Togo ranked 2 out of 165 countries in the Global Peace Index (2025).,120.0,182,Togo ranked 120 out of 182 countries in the Corruption Perception Index (2025).,"In the current period of analysis (Nov 2025) by the <a href='https://data.humdata.org/dataset/global-acute-food-insecurity-country-data', target='_blank'>IPC</a>, 4% of the population of Togo are in IPC Phase 3+ (in food crisis), an estimated 288383 people.","In Togo, there has been a total of 18,429 people displaced as of end of 2024 [<a href='https://data.humdata.org/dataset/idmc-internal-displacements-new-displacements-idps', target='_blank'>IDMC</a>].","There is 1 current crisis and severity category listed in the <a href=""https://www.acaps.org/en/thematics/all-topics/inform-severity-index"" target=""_blank"">INFORM Severity Index</a> for Togo: Conflict in Savanes region (Medium), as of 23/03/26.",,"<ul><li>In the current period of analysis (Nov 2025) by the <a href='https://data.humdata.org/dataset/global-acute-food-insecurity-country-data', target='_blank'>IPC</a>, 4% of the population of Togo are in IPC Phase 3+ (in food crisis), an estimated 288383 people.</li><li>In Togo, there has been a total of 18,429 people displaced as of end of 2024 [<a href='https://data.humdata.org/dataset/idmc-internal-displacements-new-displacements-idps', target='_blank'>IDMC</a>].</li><li>There is 1 current crisis and severity category listed in the <a href=""https://www.acaps.org/en/thematics/all-topics/inform-severity-index"" target=""_blank"">INFORM Severity Index</a> for Togo: Conflict in Savanes region (Medium), as of 23/03/26.</li></ul>","<ul><li>Togo ranked 2 out of 165 countries in the Global Peace Index (2025).</li><li>Togo ranked 120 out of 182 countries in the Corruption Perception Index (2025).</li><li>In the current period of analysis (Nov 2025) by the <a href='https://data.humdata.org/dataset/global-acute-food-insecurity-country-data', target='_blank'>IPC</a>, 4% of the population of Togo are in IPC Phase 3+ (in food crisis), an estimated 288383 people.</li><li>In Togo, there has been a total of 18,429 people displaced as of end of 2024 [<a href='https://data.humdata.org/dataset/idmc-internal-displacements-new-displacements-idps', target='_blank'>IDMC</a>].</li><li>There is 1 current crisis and severity category listed in the <a href=""https://www.acaps.org/en/thematics/all-topics/inform-severity-index"" target=""_blank"">INFORM Severity Index</a> for Togo: Conflict in Savanes region (Medium), as of 23/03/26.</li></ul>"
pax,Togo,135.0,TGO,461.0,768.0,TOG,2.0,All,https://www.peaceagreements.org/tracker/all,https://www.peaceagreements.org/agreements/search/?search_type=basic-search&countries=135&match_any_issues=True&name=&text=&signed_after=&signed_before=,3,1,"<ul><li>The most recent agreement signed in Togo was <a href=""https://www.peaceagreements.org/agreements/844/"" target=""_blank"">Dialogue inter-togolais: memorandum des partis politiques signataires de l'Accord Politique Global et représentés à l'Assemblée Nationale (07/08/2009)</a>, as part of the Togo peace process.</li><li>There has been a total of 3 agreements in Togo, since the first agreement was signed in 1999 (<a href=""https://www.peaceagreements.org/agreements/1256/"" target=""_blank"">Dialogue inter-togolais: accord cadre de Lomé (27/09/1999)</a>), in 1 peace process (Togo peace process).</li></ul>",,,,,,,,,,,,,,,,,,,,768.0,Togo,19,18,0,1,1,1,114,30,0,-1,-12,-95,0.0,-100.0,-40.0,-83.33333333333334,2026-03-31,126.0,165,Togo ranked 126 out of 165 countries in the Global Peace Index (2025).,120.0,182,Togo ranked 120 out of 182 countries in the Corruption Perception Index (2025).,"In the current period of analysis (Nov 2025) by the <a href='https://data.humdata.org/dataset/global-acute-food-insecurity-country-data', target='_blank'>IPC</a>, 4% of the population of Togo are in IPC Phase 3+ (in food crisis), an estimated 288383 people.","In Togo, there has been a total of 18,429 people displaced as of end of 2024 [<a href='https://data.humdata.org/dataset/idmc-internal-displacements-new-displacements-idps', target='_blank'>IDMC</a>].","There is 1 current crisis and severity category listed in the <a href=""https://www.acaps.org/en/thematics/all-topics/inform-severity-index"" target=""_blank"">INFORM Severity Index</a> for Togo: Conflict in Savanes region (Medium), as of 23/03/26.",,"<ul><li>In the current period of analysis (Nov 2025) by the <a href='https://data.humdata.org/dataset/global-acute-food-insecurity-country-data', target='_blank'>IPC</a>, 4% of the population of Togo are in IPC Phase 3+ (in food crisis), an estimated 288383 people.</li><li>In Togo, there has been a total of 18,429 people displaced as of end of 2024 [<a href='https://data.humdata.org/dataset/idmc-internal-displacements-new-displacements-idps', target='_blank'>IDMC</a>].</li><li>There is 1 current crisis and severity category listed in the <a href=""https://www.acaps.org/en/thematics/all-topics/inform-severity-index"" target=""_blank"">INFORM Severity Index</a> for Togo: Conflict in Savanes region (Medium), as of 23/03/26.</li></ul>","<ul><li>Togo ranked 126 out of 165 countries in the Global Peace Index (2025).</li><li>Togo ranked 120 out of 182 countries in the Corruption Perception Index (2025).</li><li>In the current period of analysis (Nov 2025) by the <a href='https://data.humdata.org/dataset/global-acute-food-insecurity-country-data', target='_blank'>IPC</a>, 4% of the population of Togo are in IPC Phase 3+ (in food crisis), an estimated 288383 people.</li><li>In Togo, there has been a total of 18,429 people displaced as of end of 2024 [<a href='https://data.humdata.org/dataset/idmc-internal-displacements-new-displacements-idps', target='_blank'>IDMC</a>].</li><li>There is 1 current crisis and severity category listed in the <a href=""https://www.acaps.org/en/thematics/all-topics/inform-severity-index"" target=""_blank"">INFORM Severity Index</a> for Togo: Conflict in Savanes region (Medium), as of 23/03/26.</li></ul>"
pax,Tunisia,164.0,TUN,616.0,788.0,TUN,2.0,All,https://www.peaceagreements.org/tracker/all,https://www.peaceagreements.org/agreements/search/?search_type=basic-search&countries=164&match_any_issues=True&name=&text=&signed_after=&signed_before=,1,1,"<ul><li>The most recent agreement signed in Tunisia was <a href=""https://www.peaceagreements.org/agreements/1515/"" target=""_blank"">Charte d'Honneur des Partis Politiques, des Coalitions et des Candidats Indépendants pour les élections et les référendums de la République Tunisienne (22/07/2014)</a>, as part of the Tunisia reform process.</li><li>There has been a total of 1 agreement in Tunisia, since the first agreement was signed in 2014 (<a href=""https://www.peaceagreements.org/agreements/1515/"" target=""_blank"">Charte d'Honneur des Partis Politiques, des Coalitions et des Candidats Indépendants pour les élections et les référendums de la République Tunisienne (22/07/2014)</a>), in 1 peace process (Tunisia reform process).</li></ul>",,,,,,,,,,,,,,,,,,,,788.0,Tunisia,9,16,0,1,0,0,4,19,1,0,-3,5,0.0,0.0,-15.789473684210526,125.0,2026-03-31,81.0,165,Tunisia ranked 81 out of 165 countries in the Global Peace Index (2025).,91.0,182,Tunisia ranked 91 out of 182 countries in the Corruption Perception Index (2025).,,,"There is 1 current crisis and severity category listed in the <a href=""https://www.acaps.org/en/thematics/all-topics/inform-severity-index"" target=""_blank"">INFORM Severity Index</a> for Tunisia: International displacement to Tunisia (Low), as of 25/03/26.",,"<ul><li>There is 1 current crisis and severity category listed in the <a href=""https://www.acaps.org/en/thematics/all-topics/inform-severity-index"" target=""_blank"">INFORM Severity Index</a> for Tunisia: International displacement to Tunisia (Low), as of 25/03/26.</li></ul>","<ul><li>Tunisia ranked 81 out of 165 countries in the Global Peace Index (2025).</li><li>Tunisia ranked 91 out of 182 countries in the Corruption Perception Index (2025).</li><li>There is 1 current crisis and severity category listed in the <a href=""https://www.acaps.org/en/thematics/all-topics/inform-severity-index"" target=""_blank"">INFORM Severity Index</a> for Tunisia: International displacement to Tunisia (Low), as of 25/03/26.</li></ul>"
pax,Tunisia,164.0,TUN,616.0,788.0,TUN,2.0,All,https://www.peaceagreements.org/tracker/all,https://www.peaceagreements.org/agreements/search/?search_type=basic-search&countries=164&match_any_issues=True&name=&text=&signed_after=&signed_before=,1,1,"<ul><li>The most recent agreement signed in Tunisia was <a href=""https://www.peaceagreements.org/agreements/1515/"" target=""_blank"">Charte d'Honneur des Partis Politiques, des Coalitions et des Candidats Indépendants pour les élections et les référendums de la République Tunisienne (22/07/2014)</a>, as part of the Tunisia reform process.</li><li>There has been a total of 1 agreement in Tunisia, since the first agreement was signed in 2014 (<a href=""https://www.peaceagreements.org/agreements/1515/"" target=""_blank"">Charte d'Honneur des Partis Politiques, des Coalitions et des Candidats Indépendants pour les élections et les référendums de la République Tunisienne (22/07/2014)</a>), in 1 peace process (Tunisia reform process).</li></ul>",,,,,,,,,,,,,,,,,,,,788.0,Tunisia,9,16,0,1,0,0,4,19,1,0,-3,5,0.0,0.0,-15.789473684210526,125.0,2026-03-31,1.998,165,Tunisia ranked 1 out of 165 countries in the Global Peace Index (2025).,91.0,182,Tunisia ranked 91 out of 182 countries in the Corruption Perception Index (2025).,,,"There is 1 current crisis and severity category listed in the <a href=""https://www.acaps.org/en/thematics/all-topics/inform-severity-index"" target=""_blank"">INFORM Severity Index</a> for Tunisia: International displacement to Tunisia (Low), as of 25/03/26.",,"<ul><li>There is 1 current crisis and severity category listed in the <a href=""https://www.acaps.org/en/thematics/all-topics/inform-severity-index"" target=""_blank"">INFORM Severity Index</a> for Tunisia: International displacement to Tunisia (Low), as of 25/03/26.</li></ul>","<ul><li>Tunisia ranked 1 out of 165 countries in the Global Peace Index (2025).</li><li>Tunisia ranked 91 out of 182 countries in the Corruption Perception Index (2025).</li><li>There is 1 current crisis and severity category listed in the <a href=""https://www.acaps.org/en/thematics/all-topics/inform-severity-index"" target=""_blank"">INFORM Severity Index</a> for Tunisia: International displacement to Tunisia (Low), as of 25/03/26.</li></ul>"
pax,Turkey,139.0,TUR,640.0,792.0,TUR,2.0,All,https://www.peaceagreements.org/tracker/all,https://www.peaceagreements.org/agreements/search/?search_type=basic-search&countries=139&match_any_issues=True&name=&text=&signed_after=&signed_before=,1,1,"<ul><li>The most recent agreement signed in Turkey was <a href=""https://www.peaceagreements.org/agreements/2755/"" target=""_blank"">Final declaration of the PKK's 12th Congress (12/05/2025)</a>, as part of the Turkey: PKK process.</li><li>There has been a total of 1 agreement in Turkey, since the first agreement was signed in 2025 (<a href=""https://www.peaceagreements.org/agreements/2755/"" target=""_blank"">Final declaration of the PKK's 12th Congress (12/05/2025)</a>), in 1 peace process (Turkey: PKK process).</li></ul>",,,,,,,,,,,,,,,,,,,,792.0,Turkey,16,44,0,1,0,1,42,190,0,0,-146,-26,0.0,0.0,-76.84210526315789,-61.904761904761905,2026-03-31,145.0,165,Turkey ranked 145 out of 165 countries in the Global Peace Index (2022).,124.0,182,Turkey ranked 124 out of 182 countries in the Corruption Perception Index (2025).,,"In Turkey, there were no reported displacements in 2024 [<a href='https://data.humdata.org/dataset/idmc-internal-displacements-new-displacements-idps', target='_blank'>IDMC</a>].","There are 4 current crises and severity categories listed in the <a href=""https://www.acaps.org/en/thematics/all-topics/inform-severity-index"" target=""_blank"">INFORM Severity Index</a> for Türkiye: Displacement from Syria to Türkiye (High), International Displacement to Türkiye (Medium), Multiple Crises in Türkiye (High), Türkiye / Syria earthquake in Türkiye (Medium), as of 27/03/26.",,"<ul><li>In Turkey, there were no reported displacements in 2024 [<a href='https://data.humdata.org/dataset/idmc-internal-displacements-new-displacements-idps', target='_blank'>IDMC</a>].</li><li>There are 4 current crises and severity categories listed in the <a href=""https://www.acaps.org/en/thematics/all-topics/inform-severity-index"" target=""_blank"">INFORM Severity Index</a> for Türkiye: Displacement from Syria to Türkiye (High), International Displacement to Türkiye (Medium), Multiple Crises in Türkiye (High), Türkiye / Syria earthquake in Türkiye (Medium), as of 27/03/26.</li></ul>","<ul><li>Turkey ranked 145 out of 165 countries in the Global Peace Index (2022).</li><li>Turkey ranked 124 out of 182 countries in the Corruption Perception Index (2025).</li><li>In Turkey, there were no reported displacements in 2024 [<a href='https://data.humdata.org/dataset/idmc-internal-displacements-new-displacements-idps', target='_blank'>IDMC</a>].</li><li>There are 4 current crises and severity categories listed in the <a href=""https://www.acaps.org/en/thematics/all-topics/inform-severity-index"" target=""_blank"">INFORM Severity Index</a> for Türkiye: Displacement from Syria to Türkiye (High), International Displacement to Türkiye (Medium), Multiple Crises in Türkiye (High), Türkiye / Syria earthquake in Türkiye (Medium), as of 27/03/26.</li></ul>"
pax,Turkey,139.0,TUR,640.0,792.0,TUR,2.0,All,https://www.peaceagreements.org/tracker/all,https://www.peaceagreements.org/agreements/search/?search_type=basic-search&countries=139&match_any_issues=True&name=&text=&signed_after=&signed_before=,1,1,"<ul><li>The most recent agreement signed in Turkey was <a href=""https://www.peaceagreements.org/agreements/2755/"" target=""_blank"">Final declaration of the PKK's 12th Congress (12/05/2025)</a>, as part of the Turkey: PKK process.</li><li>There has been a total of 1 agreement in Turkey, since the first agreement was signed in 2025 (<a href=""https://www.peaceagreements.org/agreements/2755/"" target=""_blank"">Final declaration of the PKK's 12th Congress (12/05/2025)</a>), in 1 peace process (Turkey: PKK process).</li></ul>",,,,,,,,,,,,,,,,,,,,792.0,Turkey,16,44,0,1,0,1,42,190,0,0,-146,-26,0.0,0.0,-76.84210526315789,-61.904761904761905,2026-03-31,146.0,165,Turkiye ranked 146 out of 165 countries in the Global Peace Index (2025).,124.0,182,Turkey ranked 124 out of 182 countries in the Corruption Perception Index (2025).,,"In Turkey, there were no reported displacements in 2024 [<a href='https://data.humdata.org/dataset/idmc-internal-displacements-new-displacements-idps', target='_blank'>IDMC</a>].","There are 4 current crises and severity categories listed in the <a href=""https://www.acaps.org/en/thematics/all-topics/inform-severity-index"" target=""_blank"">INFORM Severity Index</a> for Türkiye: Displacement from Syria to Türkiye (High), International Displacement to Türkiye (Medium), Multiple Crises in Türkiye (High), Türkiye / Syria earthquake in Türkiye (Medium), as of 27/03/26.",,"<ul><li>In Turkey, there were no reported displacements in 2024 [<a href='https://data.humdata.org/dataset/idmc-internal-displacements-new-displacements-idps', target='_blank'>IDMC</a>].</li><li>There are 4 current crises and severity categories listed in the <a href=""https://www.acaps.org/en/thematics/all-topics/inform-severity-index"" target=""_blank"">INFORM Severity Index</a> for Türkiye: Displacement from Syria to Türkiye (High), International Displacement to Türkiye (Medium), Multiple Crises in Türkiye (High), Türkiye / Syria earthquake in Türkiye (Medium), as of 27/03/26.</li></ul>","<ul><li>Turkiye ranked 146 out of 165 countries in the Global Peace Index (2025).</li><li>Turkey ranked 124 out of 182 countries in the Corruption Perception Index (2025).</li><li>In Turkey, there were no reported displacements in 2024 [<a href='https://data.humdata.org/dataset/idmc-internal-displacements-new-displacements-idps', target='_blank'>IDMC</a>].</li><li>There are 4 current crises and severity categories listed in the <a href=""https://www.acaps.org/en/thematics/all-topics/inform-severity-index"" target=""_blank"">INFORM Severity Index</a> for Türkiye: Displacement from Syria to Türkiye (High), International Displacement to Türkiye (Medium), Multiple Crises in Türkiye (High), Türkiye / Syria earthquake in Türkiye (Medium), as of 27/03/26.</li></ul>"
pax,Turkey,139.0,TUR,640.0,792.0,TUR,2.0,All,https://www.peaceagreements.org/tracker/all,https://www.peaceagreements.org/agreements/search/?search_type=basic-search&countries=139&match_any_issues=True&name=&text=&signed_after=&signed_before=,1,1,"<ul><li>The most recent agreement signed in Turkey was <a href=""https://www.peaceagreements.org/agreements/2755/"" target=""_blank"">Final declaration of the PKK's 12th Congress (12/05/2025)</a>, as part of the Turkey: PKK process.</li><li>There has been a total of 1 agreement in Turkey, since the first agreement was signed in 2025 (<a href=""https://www.peaceagreements.org/agreements/2755/"" target=""_blank"">Final declaration of the PKK's 12th Congress (12/05/2025)</a>), in 1 peace process (Turkey: PKK process).</li></ul>",,,,,,,,,,,,,,,,,,,,792.0,Turkey,16,44,0,1,0,1,42,190,0,0,-146,-26,0.0,0.0,-76.84210526315789,-61.904761904761905,2026-03-31,2.852,165,Turkiye ranked 2 out of 165 countries in the Global Peace Index (2025).,124.0,182,Turkey ranked 124 out of 182 countries in the Corruption Perception Index (2025).,,"In Turkey, there were no reported displacements in 2024 [<a href='https://data.humdata.org/dataset/idmc-internal-displacements-new-displacements-idps', target='_blank'>IDMC</a>].","There are 4 current crises and severity categories listed in the <a href=""https://www.acaps.org/en/thematics/all-topics/inform-severity-index"" target=""_blank"">INFORM Severity Index</a> for Türkiye: Displacement from Syria to Türkiye (High), International Displacement to Türkiye (Medium), Multiple Crises in Türkiye (High), Türkiye / Syria earthquake in Türkiye (Medium), as of 27/03/26.",,"<ul><li>In Turkey, there were no reported displacements in 2024 [<a href='https://data.humdata.org/dataset/idmc-internal-displacements-new-displacements-idps', target='_blank'>IDMC</a>].</li><li>There are 4 current crises and severity categories listed in the <a href=""https://www.acaps.org/en/thematics/all-topics/inform-severity-index"" target=""_blank"">INFORM Severity Index</a> for Türkiye: Displacement from Syria to Türkiye (High), International Displacement to Türkiye (Medium), Multiple Crises in Türkiye (High), Türkiye / Syria earthquake in Türkiye (Medium), as of 27/03/26.</li></ul>","<ul><li>Turkiye ranked 2 out of 165 countries in the Global Peace Index (2025).</li><li>Turkey ranked 124 out of 182 countries in the Corruption Perception Index (2025).</li><li>In Turkey, there were no reported displacements in 2024 [<a href='https://data.humdata.org/dataset/idmc-internal-displacements-new-displacements-idps', target='_blank'>IDMC</a>].</li><li>There are 4 current crises and severity categories listed in the <a href=""https://www.acaps.org/en/thematics/all-topics/inform-severity-index"" target=""_blank"">INFORM Severity Index</a> for Türkiye: Displacement from Syria to Türkiye (High), International Displacement to Türkiye (Medium), Multiple Crises in Türkiye (High), Türkiye / Syria earthquake in Türkiye (Medium), as of 27/03/26.</li></ul>"
pax,Uganda,141.0,UGA,500.0,800.0,UGA,2.0,All,https://www.peaceagreements.org/tracker/all,https://www.peaceagreements.org/agreements/search/?search_type=basic-search&countries=141&match_any_issues=True&name=&text=&signed_after=&signed_before=,19,3,"<ul><li>The most recent agreement signed in Uganda was <a href=""https://www.peaceagreements.org/agreements/684/"" target=""_blank"">Cessation of Hostilities Agreement between the Government of the Republic of Uganda and the Lord's Resistance Army, Juba, Suda, Addendum 6 (01/03/2008)</a>, as part of the Uganda peace process.</li><li>There has been a total of 19 agreements in Uganda, since the first agreement was signed in 1994 (<a href=""https://www.peaceagreements.org/agreements/397/"" target=""_blank"">The Agreement between the Uganda Government and the Lord's Resistance Army ('Gulu Ceasefire') (02/02/1994)</a>), in 3 peace processes (Uganda peace process, Sudanese (North-South) peace process, Rwanda-1990s international agreements).</li></ul>",,,,,,,,,,,,,,,,,,,,800.0,Uganda,207,282,15,17,22,30,248,322,-13,-7,-40,-41,-43.333333333333336,-31.818181818181817,-12.422360248447205,-16.532258064516128,2026-03-31,113.0,165,Uganda ranked 113 out of 165 countries in the Global Peace Index (2025).,148.0,182,Uganda ranked 148 out of 182 countries in the Corruption Perception Index (2025).,"In the current period of analysis (Jul 2025) by the <a href='https://data.humdata.org/dataset/global-acute-food-insecurity-country-data', target='_blank'>IPC</a>, 48% of the population of Uganda are in IPC Phase 3+ (in food crisis), an estimated 919840 people. 4% (75733 people) are estimated to be in Phase 4 (emergency).","In Uganda there has been a total of 1,715 people displaced, with 1,851 new displacements in 2024 [<a href='https://data.humdata.org/dataset/idmc-internal-displacements-new-displacements-idps', target='_blank'>IDMC</a>].","There is 1 current crisis and severity category listed in the <a href=""https://www.acaps.org/en/thematics/all-topics/inform-severity-index"" target=""_blank"">INFORM Severity Index</a> for Uganda: International Displacement to Uganda (Medium), as of 27/03/26.",,"<ul><li>In the current period of analysis (Jul 2025) by the <a href='https://data.humdata.org/dataset/global-acute-food-insecurity-country-data', target='_blank'>IPC</a>, 48% of the population of Uganda are in IPC Phase 3+ (in food crisis), an estimated 919840 people. 4% (75733 people) are estimated to be in Phase 4 (emergency).</li><li>In Uganda there has been a total of 1,715 people displaced, with 1,851 new displacements in 2024 [<a href='https://data.humdata.org/dataset/idmc-internal-displacements-new-displacements-idps', target='_blank'>IDMC</a>].</li><li>There is 1 current crisis and severity category listed in the <a href=""https://www.acaps.org/en/thematics/all-topics/inform-severity-index"" target=""_blank"">INFORM Severity Index</a> for Uganda: International Displacement to Uganda (Medium), as of 27/03/26.</li></ul>","<ul><li>Uganda ranked 113 out of 165 countries in the Global Peace Index (2025).</li><li>Uganda ranked 148 out of 182 countries in the Corruption Perception Index (2025).</li><li>In the current period of analysis (Jul 2025) by the <a href='https://data.humdata.org/dataset/global-acute-food-insecurity-country-data', target='_blank'>IPC</a>, 48% of the population of Uganda are in IPC Phase 3+ (in food crisis), an estimated 919840 people. 4% (75733 people) are estimated to be in Phase 4 (emergency).</li><li>In Uganda there has been a total of 1,715 people displaced, with 1,851 new displacements in 2024 [<a href='https://data.humdata.org/dataset/idmc-internal-displacements-new-displacements-idps', target='_blank'>IDMC</a>].</li><li>There is 1 current crisis and severity category listed in the <a href=""https://www.acaps.org/en/thematics/all-topics/inform-severity-index"" target=""_blank"">INFORM Severity Index</a> for Uganda: International Displacement to Uganda (Medium), as of 27/03/26.</li></ul>"
pax,Uganda,141.0,UGA,500.0,800.0,UGA,2.0,All,https://www.peaceagreements.org/tracker/all,https://www.peaceagreements.org/agreements/search/?search_type=basic-search&countries=141&match_any_issues=True&name=&text=&signed_after=&signed_before=,19,3,"<ul><li>The most recent agreement signed in Uganda was <a href=""https://www.peaceagreements.org/agreements/684/"" target=""_blank"">Cessation of Hostilities Agreement between the Government of the Republic of Uganda and the Lord's Resistance Army, Juba, Suda, Addendum 6 (01/03/2008)</a>, as part of the Uganda peace process.</li><li>There has been a total of 19 agreements in Uganda, since the first agreement was signed in 1994 (<a href=""https://www.peaceagreements.org/agreements/397/"" target=""_blank"">The Agreement between the Uganda Government and the Lord's Resistance Army ('Gulu Ceasefire') (02/02/1994)</a>), in 3 peace processes (Uganda peace process, Sudanese (North-South) peace process, Rwanda-1990s international agreements).</li></ul>",,,,,,,,,,,,,,,,,,,,800.0,Uganda,207,282,15,17,22,30,248,322,-13,-7,-40,-41,-43.333333333333336,-31.818181818181817,-12.422360248447205,-16.532258064516128,2026-03-31,2.217,165,Uganda ranked 2 out of 165 countries in the Global Peace Index (2025).,148.0,182,Uganda ranked 148 out of 182 countries in the Corruption Perception Index (2025).,"In the current period of analysis (Jul 2025) by the <a href='https://data.humdata.org/dataset/global-acute-food-insecurity-country-data', target='_blank'>IPC</a>, 48% of the population of Uganda are in IPC Phase 3+ (in food crisis), an estimated 919840 people. 4% (75733 people) are estimated to be in Phase 4 (emergency).","In Uganda there has been a total of 1,715 people displaced, with 1,851 new displacements in 2024 [<a href='https://data.humdata.org/dataset/idmc-internal-displacements-new-displacements-idps', target='_blank'>IDMC</a>].","There is 1 current crisis and severity category listed in the <a href=""https://www.acaps.org/en/thematics/all-topics/inform-severity-index"" target=""_blank"">INFORM Severity Index</a> for Uganda: International Displacement to Uganda (Medium), as of 27/03/26.",,"<ul><li>In the current period of analysis (Jul 2025) by the <a href='https://data.humdata.org/dataset/global-acute-food-insecurity-country-data', target='_blank'>IPC</a>, 48% of the population of Uganda are in IPC Phase 3+ (in food crisis), an estimated 919840 people. 4% (75733 people) are estimated to be in Phase 4 (emergency).</li><li>In Uganda there has been a total of 1,715 people displaced, with 1,851 new displacements in 2024 [<a href='https://data.humdata.org/dataset/idmc-internal-displacements-new-displacements-idps', target='_blank'>IDMC</a>].</li><li>There is 1 current crisis and severity category listed in the <a href=""https://www.acaps.org/en/thematics/all-topics/inform-severity-index"" target=""_blank"">INFORM Severity Index</a> for Uganda: International Displacement to Uganda (Medium), as of 27/03/26.</li></ul>","<ul><li>Uganda ranked 2 out of 165 countries in the Global Peace Index (2025).</li><li>Uganda ranked 148 out of 182 countries in the Corruption Perception Index (2025).</li><li>In the current period of analysis (Jul 2025) by the <a href='https://data.humdata.org/dataset/global-acute-food-insecurity-country-data', target='_blank'>IPC</a>, 48% of the population of Uganda are in IPC Phase 3+ (in food crisis), an estimated 919840 people. 4% (75733 people) are estimated to be in Phase 4 (emergency).</li><li>In Uganda there has been a total of 1,715 people displaced, with 1,851 new displacements in 2024 [<a href='https://data.humdata.org/dataset/idmc-internal-displacements-new-displacements-idps', target='_blank'>IDMC</a>].</li><li>There is 1 current crisis and severity category listed in the <a href=""https://www.acaps.org/en/thematics/all-topics/inform-severity-index"" target=""_blank"">INFORM Severity Index</a> for Uganda: International Displacement to Uganda (Medium), as of 27/03/26.</li></ul>"
pax,Ukraine,142.0,UKR,369.0,804.0,UKR,1.0,Ukraine,https://www.peaceagreements.org/tracker/ukraine,https://www.peaceagreements.org/agreements/search/?search_type=basic-search&countries=142&match_any_issues=True&name=&text=&signed_after=&signed_before=,11,2,"<ul><li>The most recent agreement signed in Ukraine was <a href=""https://www.peaceagreements.org/agreements/2828/"" target=""_blank"">Agreement between the Government of Ukraine and the Government of the United States of America on the Establishment of a United States-Ukraine Reconstruction Investment Fund (30/04/2025)</a>, as part of the Ukraine - Russia: interstate agreements.</li><li>There has been a total of 11 agreements in Ukraine, since the first agreement was signed in 2014 (<a href=""https://www.peaceagreements.org/agreements/930/"" target=""_blank"">On Peaceful Settlement of Situation in the Eastern Regions of Ukraine (20/06/2014)</a>), in 2 peace processes (Ukraine peace process, Ukraine - Russia: interstate agreements).</li></ul>",369.0,Ukraine,26816.0,2708.0,8438.0,207.0,20.0,11.0,65785.0,9538.0,196.0,8418.0,-6830.0,-38969.0,1781.8181818181818,42090.0,-71.60830362759488,-59.23690810975146,2026-01-31,804.0,Ukraine,73265,78990,5435,7506,4536,6421,78481,55720,1085,899,23270,-5216,16.89767948917614,19.819223985890652,41.76238334529791,-6.64619462035397,2026-03-31,162.0,165,Ukraine ranked 162 out of 165 countries in the Global Peace Index (2025).,104.0,182,Ukraine ranked 104 out of 182 countries in the Corruption Perception Index (2025).,,"In Ukraine there has been a total of 3,665,165 people displaced, with 306,044 new displacements in 2024 [<a href='https://data.humdata.org/dataset/idmc-internal-displacements-new-displacements-idps', target='_blank'>IDMC</a>].","There is 1 current crisis and severity category listed in the <a href=""https://www.acaps.org/en/thematics/all-topics/inform-severity-index"" target=""_blank"">INFORM Severity Index</a> for Ukraine: Conflict in Ukraine (Very High), as of 29/03/26.","Ukraine is one of 12 focus countries in the UK's WPS <a href='https://assets.publishing.service.gov.uk/government/uploads/system/uploads/attachment_data/file/1156085/uk-women-peace-security-national-action-plan-2023-2027.pdf', target='_blank'>National Action Plan</a> for 2023-2027. ","<ul><li>In Ukraine there has been a total of 3,665,165 people displaced, with 306,044 new displacements in 2024 [<a href='https://data.humdata.org/dataset/idmc-internal-displacements-new-displacements-idps', target='_blank'>IDMC</a>].</li><li>There is 1 current crisis and severity category listed in the <a href=""https://www.acaps.org/en/thematics/all-topics/inform-severity-index"" target=""_blank"">INFORM Severity Index</a> for Ukraine: Conflict in Ukraine (Very High), as of 29/03/26.</li><li>Ukraine is one of 12 focus countries in the UK's WPS <a href='https://assets.publishing.service.gov.uk/government/uploads/system/uploads/attachment_data/file/1156085/uk-women-peace-security-national-action-plan-2023-2027.pdf', target='_blank'>National Action Plan</a> for 2023-2027.</li></ul>","<ul><li>Ukraine ranked 162 out of 165 countries in the Global Peace Index (2025).</li><li>Ukraine ranked 104 out of 182 countries in the Corruption Perception Index (2025).</li><li>In Ukraine there has been a total of 3,665,165 people displaced, with 306,044 new displacements in 2024 [<a href='https://data.humdata.org/dataset/idmc-internal-displacements-new-displacements-idps', target='_blank'>IDMC</a>].</li><li>There is 1 current crisis and severity category listed in the <a href=""https://www.acaps.org/en/thematics/all-topics/inform-severity-index"" target=""_blank"">INFORM Severity Index</a> for Ukraine: Conflict in Ukraine (Very High), as of 29/03/26.</li><li>Ukraine is one of 12 focus countries in the UK's WPS <a href='https://assets.publishing.service.gov.uk/government/uploads/system/uploads/attachment_data/file/1156085/uk-women-peace-security-national-action-plan-2023-2027.pdf', target='_blank'>National Action Plan</a> for 2023-2027.</li></ul>"
pax,Ukraine,142.0,UKR,369.0,804.0,UKR,1.0,Ukraine,https://www.peaceagreements.org/tracker/ukraine,https://www.peaceagreements.org/agreements/search/?search_type=basic-search&countries=142&match_any_issues=True&name=&text=&signed_after=&signed_before=,11,2,"<ul><li>The most recent agreement signed in Ukraine was <a href=""https://www.peaceagreements.org/agreements/2828/"" target=""_blank"">Agreement between the Government of Ukraine and the Government of the United States of America on the Establishment of a United States-Ukraine Reconstruction Investment Fund (30/04/2025)</a>, as part of the Ukraine - Russia: interstate agreements.</li><li>There has been a total of 11 agreements in Ukraine, since the first agreement was signed in 2014 (<a href=""https://www.peaceagreements.org/agreements/930/"" target=""_blank"">On Peaceful Settlement of Situation in the Eastern Regions of Ukraine (20/06/2014)</a>), in 2 peace processes (Ukraine peace process, Ukraine - Russia: interstate agreements).</li></ul>",369.0,Ukraine,26816.0,2708.0,8438.0,207.0,20.0,11.0,65785.0,9538.0,196.0,8418.0,-6830.0,-38969.0,1781.8181818181818,42090.0,-71.60830362759488,-59.23690810975146,2026-01-31,804.0,Ukraine,73265,78990,5435,7506,4536,6421,78481,55720,1085,899,23270,-5216,16.89767948917614,19.819223985890652,41.76238334529791,-6.64619462035397,2026-03-31,3.434,165,Ukraine ranked 3 out of 165 countries in the Global Peace Index (2025).,104.0,182,Ukraine ranked 104 out of 182 countries in the Corruption Perception Index (2025).,,"In Ukraine there has been a total of 3,665,165 people displaced, with 306,044 new displacements in 2024 [<a href='https://data.humdata.org/dataset/idmc-internal-displacements-new-displacements-idps', target='_blank'>IDMC</a>].","There is 1 current crisis and severity category listed in the <a href=""https://www.acaps.org/en/thematics/all-topics/inform-severity-index"" target=""_blank"">INFORM Severity Index</a> for Ukraine: Conflict in Ukraine (Very High), as of 29/03/26.","Ukraine is one of 12 focus countries in the UK's WPS <a href='https://assets.publishing.service.gov.uk/government/uploads/system/uploads/attachment_data/file/1156085/uk-women-peace-security-national-action-plan-2023-2027.pdf', target='_blank'>National Action Plan</a> for 2023-2027. ","<ul><li>In Ukraine there has been a total of 3,665,165 people displaced, with 306,044 new displacements in 2024 [<a href='https://data.humdata.org/dataset/idmc-internal-displacements-new-displacements-idps', target='_blank'>IDMC</a>].</li><li>There is 1 current crisis and severity category listed in the <a href=""https://www.acaps.org/en/thematics/all-topics/inform-severity-index"" target=""_blank"">INFORM Severity Index</a> for Ukraine: Conflict in Ukraine (Very High), as of 29/03/26.</li><li>Ukraine is one of 12 focus countries in the UK's WPS <a href='https://assets.publishing.service.gov.uk/government/uploads/system/uploads/attachment_data/file/1156085/uk-women-peace-security-national-action-plan-2023-2027.pdf', target='_blank'>National Action Plan</a> for 2023-2027.</li></ul>","<ul><li>Ukraine ranked 3 out of 165 countries in the Global Peace Index (2025).</li><li>Ukraine ranked 104 out of 182 countries in the Corruption Perception Index (2025).</li><li>In Ukraine there has been a total of 3,665,165 people displaced, with 306,044 new displacements in 2024 [<a href='https://data.humdata.org/dataset/idmc-internal-displacements-new-displacements-idps', target='_blank'>IDMC</a>].</li><li>There is 1 current crisis and severity category listed in the <a href=""https://www.acaps.org/en/thematics/all-topics/inform-severity-index"" target=""_blank"">INFORM Severity Index</a> for Ukraine: Conflict in Ukraine (Very High), as of 29/03/26.</li><li>Ukraine is one of 12 focus countries in the UK's WPS <a href='https://assets.publishing.service.gov.uk/government/uploads/system/uploads/attachment_data/file/1156085/uk-women-peace-security-national-action-plan-2023-2027.pdf', target='_blank'>National Action Plan</a> for 2023-2027.</li></ul>"
pax,United Kingdom,143.0,GBR,200.0,826.0,UKG,2.0,All,https://www.peaceagreements.org/tracker/all,https://www.peaceagreements.org/agreements/search/?search_type=basic-search&countries=143&match_any_issues=True&name=&text=&signed_after=&signed_before=,38,2,"<ul><li>The most recent agreement signed in United Kingdom was <a href=""https://www.peaceagreements.org/agreements/2842/"" target=""_blank"">A Joint Framework between the Government of the United Kingdom of Great Britain and Northern Ireland and the Government of Ireland (19/09/2025)</a>, as part of the Northern Ireland peace process.</li><li>There has been a total of 38 agreements in United Kingdom, since the first agreement was signed in 1990 (<a href=""https://www.peaceagreements.org/agreements/431/"" target=""_blank"">Joint Statement of Confidence-Building Measures, including an Information and Consultation System and Safety Measures for Air and Maritime Navigation (15/02/1990)</a>), in 2 peace processes (Northern Ireland peace process, Argentina-UK: Falklands process).</li></ul>",,,,,,,,,,,,,,,,,,,,826.0,United Kingdom,3,16,0,1,0,0,0,24,1,0,-8,3,0.0,0.0,-33.33333333333333,0.0,2026-03-31,1.634,165,United Kingdom ranked 1 out of 165 countries in the Global Peace Index (2025).,20.0,182,United Kingdom ranked 20 out of 182 countries in the Corruption Perception Index (2025).,,,,, ,<ul><li>United Kingdom ranked 1 out of 165 countries in the Global Peace Index (2025).</li><li>United Kingdom ranked 20 out of 182 countries in the Corruption Perception Index (2025).</li></ul>
pax,United Kingdom,143.0,GBR,200.0,826.0,UKG,2.0,All,https://www.peaceagreements.org/tracker/all,https://www.peaceagreements.org/agreements/search/?search_type=basic-search&countries=143&match_any_issues=True&name=&text=&signed_after=&signed_before=,38,2,"<ul><li>The most recent agreement signed in United Kingdom was <a href=""https://www.peaceagreements.org/agreements/2842/"" target=""_blank"">A Joint Framework between the Government of the United Kingdom of Great Britain and Northern Ireland and the Government of Ireland (19/09/2025)</a>, as part of the Northern Ireland peace process.</li><li>There has been a total of 38 agreements in United Kingdom, since the first agreement was signed in 1990 (<a href=""https://www.peaceagreements.org/agreements/431/"" target=""_blank"">Joint Statement of Confidence-Building Measures, including an Information and Consultation System and Safety Measures for Air and Maritime Navigation (15/02/1990)</a>), in 2 peace processes (Northern Ireland peace process, Argentina-UK: Falklands process).</li></ul>",,,,,,,,,,,,,,,,,,,,826.0,United Kingdom,3,16,0,1,0,0,0,24,1,0,-8,3,0.0,0.0,-33.33333333333333,0.0,2026-03-31,30.0,165,United Kingdom ranked 30 out of 165 countries in the Global Peace Index (2025).,20.0,182,United Kingdom ranked 20 out of 182 countries in the Corruption Perception Index (2025).,,,,, ,<ul><li>United Kingdom ranked 30 out of 165 countries in the Global Peace Index (2025).</li><li>United Kingdom ranked 20 out of 182 countries in the Corruption Perception Index (2025).</li></ul>
pax,United States of America,145.0,USA,2.0,840.0,USA,2.0,All,https://www.peaceagreements.org/tracker/all,https://www.peaceagreements.org/agreements/search/?search_type=basic-search&countries=145&match_any_issues=True&name=&text=&signed_after=&signed_before=,4,3,"<ul><li>The most recent agreement signed in United States of America was <a href=""https://www.peaceagreements.org/agreements/2106/"" target=""_blank"">Joint Statement of President Donald J. Trump of the United States of America and Chairman Kim Jong Un of the Democratic People's Republic of Korea at the Singapore Summit (12/06/2018)</a>, as part of the North Korea - South Korea interstate process.</li><li>There has been a total of 4 agreements in United States of America, since the first agreement was signed in 1993 (<a href=""https://www.peaceagreements.org/agreements/1960/"" target=""_blank"">Joint Statement of the Democratic People's Republic of Korea and the United States of America (11/06/1993)</a>), in 3 peace processes (North Korea - South Korea interstate process, US-North Korea interstate process, Iraq peace process - second Iraq war).</li></ul>",,,,,,,,,,,,,,,,,,,,840.0,United States,50,124,7,11,3,8,45,124,3,4,0,5,37.5,133.33333333333331,0.0,11.11111111111111,2026-03-31,2.443,165,United States of America ranked 2 out of 165 countries in the Global Peace Index (2025).,29.0,182,United States of America ranked 29 out of 182 countries in the Corruption Perception Index (2025).,,,,, ,<ul><li>United States of America ranked 2 out of 165 countries in the Global Peace Index (2025).</li><li>United States of America ranked 29 out of 182 countries in the Corruption Perception Index (2025).</li></ul>
pax,United States of America,145.0,USA,2.0,840.0,USA,2.0,All,https://www.peaceagreements.org/tracker/all,https://www.peaceagreements.org/agreements/search/?search_type=basic-search&countries=145&match_any_issues=True&name=&text=&signed_after=&signed_before=,4,3,"<ul><li>The most recent agreement signed in United States of America was <a href=""https://www.peaceagreements.org/agreements/2106/"" target=""_blank"">Joint Statement of President Donald J. Trump of the United States of America and Chairman Kim Jong Un of the Democratic People's Republic of Korea at the Singapore Summit (12/06/2018)</a>, as part of the North Korea - South Korea interstate process.</li><li>There has been a total of 4 agreements in United States of America, since the first agreement was signed in 1993 (<a href=""https://www.peaceagreements.org/agreements/1960/"" target=""_blank"">Joint Statement of the Democratic People's Republic of Korea and the United States of America (11/06/1993)</a>), in 3 peace processes (North Korea - South Korea interstate process, US-North Korea interstate process, Iraq peace process - second Iraq war).</li></ul>",,,,,,,,,,,,,,,,,,,,840.0,United States,50,124,7,11,3,8,45,124,3,4,0,5,37.5,133.33333333333331,0.0,11.11111111111111,2026-03-31,128.0,165,United States of America ranked 128 out of 165 countries in the Global Peace Index (2025).,29.0,182,United States of America ranked 29 out of 182 countries in the Corruption Perception Index (2025).,,,,, ,<ul><li>United States of America ranked 128 out of 165 countries in the Global Peace Index (2025).</li><li>United States of America ranked 29 out of 182 countries in the Corruption Perception Index (2025).</li></ul>
pax,Venezuela,150.0,VEN,101.0,862.0,VEN,2.0,All,https://www.peaceagreements.org/tracker/all,https://www.peaceagreements.org/agreements/search/?search_type=basic-search&countries=150&match_any_issues=True&name=&text=&signed_after=&signed_before=,1,1,"<ul><li>The most recent agreement signed in Venezuela was <a href=""https://www.peaceagreements.org/agreements/1083/"" target=""_blank"">Declaración de Principios y Mecanismo de Cooperación entre Colombia y Venezuela (10/08/2010)</a>, as part of the Colombia V - Santos.</li><li>There has been a total of 1 agreement in Venezuela, since the first agreement was signed in 2010 (<a href=""https://www.peaceagreements.org/agreements/1083/"" target=""_blank"">Declaración de Principios y Mecanismo de Cooperación entre Colombia y Venezuela (10/08/2010)</a>), in 1 peace process (Colombia V - Santos).</li></ul>",,,,,,,,,,,,,,,,,,,,862.0,Venezuela,431,331,38,38,29,28,522,470,10,9,-139,-91,35.714285714285715,31.03448275862069,-29.574468085106382,-17.43295019157088,2026-03-31,139.0,165,Venezuela ranked 139 out of 165 countries in the Global Peace Index (2025).,180.0,182,Venezuela ranked 180 out of 182 countries in the Corruption Perception Index (2025).,,,"There is 1 current crisis and severity category listed in the <a href=""https://www.acaps.org/en/thematics/all-topics/inform-severity-index"" target=""_blank"">INFORM Severity Index</a> for Venezuela: Political and Economic crisis in Venezuela (High), as of 31/03/26.",,"<ul><li>There is 1 current crisis and severity category listed in the <a href=""https://www.acaps.org/en/thematics/all-topics/inform-severity-index"" target=""_blank"">INFORM Severity Index</a> for Venezuela: Political and Economic crisis in Venezuela (High), as of 31/03/26.</li></ul>","<ul><li>Venezuela ranked 139 out of 165 countries in the Global Peace Index (2025).</li><li>Venezuela ranked 180 out of 182 countries in the Corruption Perception Index (2025).</li><li>There is 1 current crisis and severity category listed in the <a href=""https://www.acaps.org/en/thematics/all-topics/inform-severity-index"" target=""_blank"">INFORM Severity Index</a> for Venezuela: Political and Economic crisis in Venezuela (High), as of 31/03/26.</li></ul>"
pax,Venezuela,150.0,VEN,101.0,862.0,VEN,2.0,All,https://www.peaceagreements.org/tracker/all,https://www.peaceagreements.org/agreements/search/?search_type=basic-search&countries=150&match_any_issues=True&name=&text=&signed_after=&signed_before=,1,1,"<ul><li>The most recent agreement signed in Venezuela was <a href=""https://www.peaceagreements.org/agreements/1083/"" target=""_blank"">Declaración de Principios y Mecanismo de Cooperación entre Colombia y Venezuela (10/08/2010)</a>, as part of the Colombia V - Santos.</li><li>There has been a total of 1 agreement in Venezuela, since the first agreement was signed in 2010 (<a href=""https://www.peaceagreements.org/agreements/1083/"" target=""_blank"">Declaración de Principios y Mecanismo de Cooperación entre Colombia y Venezuela (10/08/2010)</a>), in 1 peace process (Colombia V - Santos).</li></ul>",,,,,,,,,,,,,,,,,,,,862.0,Venezuela,431,331,38,38,29,28,522,470,10,9,-139,-91,35.714285714285715,31.03448275862069,-29.574468085106382,-17.43295019157088,2026-03-31,2.692,165,Venezuela ranked 2 out of 165 countries in the Global Peace Index (2025).,180.0,182,Venezuela ranked 180 out of 182 countries in the Corruption Perception Index (2025).,,,"There is 1 current crisis and severity category listed in the <a href=""https://www.acaps.org/en/thematics/all-topics/inform-severity-index"" target=""_blank"">INFORM Severity Index</a> for Venezuela: Political and Economic crisis in Venezuela (High), as of 31/03/26.",,"<ul><li>There is 1 current crisis and severity category listed in the <a href=""https://www.acaps.org/en/thematics/all-topics/inform-severity-index"" target=""_blank"">INFORM Severity Index</a> for Venezuela: Political and Economic crisis in Venezuela (High), as of 31/03/26.</li></ul>","<ul><li>Venezuela ranked 2 out of 165 countries in the Global Peace Index (2025).</li><li>Venezuela ranked 180 out of 182 countries in the Corruption Perception Index (2025).</li><li>There is 1 current crisis and severity category listed in the <a href=""https://www.acaps.org/en/thematics/all-topics/inform-severity-index"" target=""_blank"">INFORM Severity Index</a> for Venezuela: Political and Economic crisis in Venezuela (High), as of 31/03/26.</li></ul>"
pax,Yemen,148.0,YEM,678.0,887.0,YEM,1.0,Yemen,https://www.peaceagreements.org/tracker/yemen,https://www.peaceagreements.org/agreements/search/?search_type=basic-search&countries=148&match_any_issues=True&name=&text=&signed_after=&signed_before=,60,4,"<ul><li>The most recent agreement signed in Yemen was <a href=""https://www.peaceagreements.org/agreements/2697/"" target=""_blank"">Statement by the Office of the UN Special Envoy for Yemen (22/07/2024)</a>, as part of the Yemen peace process.</li><li>There has been a total of 60 agreements in Yemen, since the first agreement was signed in 1990 (<a href=""https://www.peaceagreements.org/agreements/264/"" target=""_blank"">Agreement Establishing a Union between the State of the Yemen Arab Republic and the State of the People's Democratic Republic of Yemen (22/04/1990)</a>), in 4 peace processes (Yemen unification process, Saudi Arabia - Yemen Border process, Yemen peace process, Yemen Inter-group Agreements).</li></ul>",678.0,Yemen (North Yemen),1053.0,191.0,0.0,0.0,0.0,0.0,795.0,164.0,0.0,0.0,27.0,258.0,0.0,0.0,16.463414634146343,32.45283018867924,2026-01-31,887.0,Yemen,2452,3076,177,146,147,155,3161,3864,-9,30,-788,-709,-5.806451612903226,20.408163265306122,-20.39337474120083,-22.42961088263208,2026-03-31,3.262,165,Yemen ranked 3 out of 165 countries in the Global Peace Index (2025).,177.0,182,Yemen ranked 177 out of 182 countries in the Corruption Perception Index (2025).,"In the current period of analysis (Jun 2025) by the <a href='https://data.humdata.org/dataset/global-acute-food-insecurity-country-data', target='_blank'>IPC</a>, 49% of the population of Yemen are in IPC Phase 3+ (in food crisis), an estimated 17145484 people. 15% (5220058 people) are estimated to be in Phase 4 (emergency).","In Yemen there has been a total of 4,795,983 people displaced, with 36,442 new displacements in 2024 [<a href='https://data.humdata.org/dataset/idmc-internal-displacements-new-displacements-idps', target='_blank'>IDMC</a>].","There are 3 current crises and severity categories listed in the <a href=""https://www.acaps.org/en/thematics/all-topics/inform-severity-index"" target=""_blank"">INFORM Severity Index</a> for Yemen: Complex crisis in Yemen (Very High), Floods in Yemen (Medium), International Displacement to Yemen (Medium), as of 27/03/26.","Yemen is one of 12 focus countries in the UK's WPS <a href='https://assets.publishing.service.gov.uk/government/uploads/system/uploads/attachment_data/file/1156085/uk-women-peace-security-national-action-plan-2023-2027.pdf', target='_blank'>National Action Plan</a> for 2023-2027. ","<ul><li>In the current period of analysis (Jun 2025) by the <a href='https://data.humdata.org/dataset/global-acute-food-insecurity-country-data', target='_blank'>IPC</a>, 49% of the population of Yemen are in IPC Phase 3+ (in food crisis), an estimated 17145484 people. 15% (5220058 people) are estimated to be in Phase 4 (emergency).</li><li>In Yemen there has been a total of 4,795,983 people displaced, with 36,442 new displacements in 2024 [<a href='https://data.humdata.org/dataset/idmc-internal-displacements-new-displacements-idps', target='_blank'>IDMC</a>].</li><li>There are 3 current crises and severity categories listed in the <a href=""https://www.acaps.org/en/thematics/all-topics/inform-severity-index"" target=""_blank"">INFORM Severity Index</a> for Yemen: Complex crisis in Yemen (Very High), Floods in Yemen (Medium), International Displacement to Yemen (Medium), as of 27/03/26.</li><li>Yemen is one of 12 focus countries in the UK's WPS <a href='https://assets.publishing.service.gov.uk/government/uploads/system/uploads/attachment_data/file/1156085/uk-women-peace-security-national-action-plan-2023-2027.pdf', target='_blank'>National Action Plan</a> for 2023-2027.</li></ul>","<ul><li>Yemen ranked 3 out of 165 countries in the Global Peace Index (2025).</li><li>Yemen ranked 177 out of 182 countries in the Corruption Perception Index (2025).</li><li>In the current period of analysis (Jun 2025) by the <a href='https://data.humdata.org/dataset/global-acute-food-insecurity-country-data', target='_blank'>IPC</a>, 49% of the population of Yemen are in IPC Phase 3+ (in food crisis), an estimated 17145484 people. 15% (5220058 people) are estimated to be in Phase 4 (emergency).</li><li>In Yemen there has been a total of 4,795,983 people displaced, with 36,442 new displacements in 2024 [<a href='https://data.humdata.org/dataset/idmc-internal-displacements-new-displacements-idps', target='_blank'>IDMC</a>].</li><li>There are 3 current crises and severity categories listed in the <a href=""https://www.acaps.org/en/thematics/all-topics/inform-severity-index"" target=""_blank"">INFORM Severity Index</a> for Yemen: Complex crisis in Yemen (Very High), Floods in Yemen (Medium), International Displacement to Yemen (Medium), as of 27/03/26.</li><li>Yemen is one of 12 focus countries in the UK's WPS <a href='https://assets.publishing.service.gov.uk/government/uploads/system/uploads/attachment_data/file/1156085/uk-women-peace-security-national-action-plan-2023-2027.pdf', target='_blank'>National Action Plan</a> for 2023-2027.</li></ul>"
pax,Yemen,148.0,YEM,678.0,887.0,YEM,1.0,Yemen,https://www.peaceagreements.org/tracker/yemen,https://www.peaceagreements.org/agreements/search/?search_type=basic-search&countries=148&match_any_issues=True&name=&text=&signed_after=&signed_before=,60,4,"<ul><li>The most recent agreement signed in Yemen was <a href=""https://www.peaceagreements.org/agreements/2697/"" target=""_blank"">Statement by the Office of the UN Special Envoy for Yemen (22/07/2024)</a>, as part of the Yemen peace process.</li><li>There has been a total of 60 agreements in Yemen, since the first agreement was signed in 1990 (<a href=""https://www.peaceagreements.org/agreements/264/"" target=""_blank"">Agreement Establishing a Union between the State of the Yemen Arab Republic and the State of the People's Democratic Republic of Yemen (22/04/1990)</a>), in 4 peace processes (Yemen unification process, Saudi Arabia - Yemen Border process, Yemen peace process, Yemen Inter-group Agreements).</li></ul>",678.0,Yemen (North Yemen),1053.0,191.0,0.0,0.0,0.0,0.0,795.0,164.0,0.0,0.0,27.0,258.0,0.0,0.0,16.463414634146343,32.45283018867924,2026-01-31,887.0,Yemen,2452,3076,177,146,147,155,3161,3864,-9,30,-788,-709,-5.806451612903226,20.408163265306122,-20.39337474120083,-22.42961088263208,2026-03-31,159.0,165,Yemen ranked 159 out of 165 countries in the Global Peace Index (2025).,177.0,182,Yemen ranked 177 out of 182 countries in the Corruption Perception Index (2025).,"In the current period of analysis (Jun 2025) by the <a href='https://data.humdata.org/dataset/global-acute-food-insecurity-country-data', target='_blank'>IPC</a>, 49% of the population of Yemen are in IPC Phase 3+ (in food crisis), an estimated 17145484 people. 15% (5220058 people) are estimated to be in Phase 4 (emergency).","In Yemen there has been a total of 4,795,983 people displaced, with 36,442 new displacements in 2024 [<a href='https://data.humdata.org/dataset/idmc-internal-displacements-new-displacements-idps', target='_blank'>IDMC</a>].","There are 3 current crises and severity categories listed in the <a href=""https://www.acaps.org/en/thematics/all-topics/inform-severity-index"" target=""_blank"">INFORM Severity Index</a> for Yemen: Complex crisis in Yemen (Very High), Floods in Yemen (Medium), International Displacement to Yemen (Medium), as of 27/03/26.","Yemen is one of 12 focus countries in the UK's WPS <a href='https://assets.publishing.service.gov.uk/government/uploads/system/uploads/attachment_data/file/1156085/uk-women-peace-security-national-action-plan-2023-2027.pdf', target='_blank'>National Action Plan</a> for 2023-2027. ","<ul><li>In the current period of analysis (Jun 2025) by the <a href='https://data.humdata.org/dataset/global-acute-food-insecurity-country-data', target='_blank'>IPC</a>, 49% of the population of Yemen are in IPC Phase 3+ (in food crisis), an estimated 17145484 people. 15% (5220058 people) are estimated to be in Phase 4 (emergency).</li><li>In Yemen there has been a total of 4,795,983 people displaced, with 36,442 new displacements in 2024 [<a href='https://data.humdata.org/dataset/idmc-internal-displacements-new-displacements-idps', target='_blank'>IDMC</a>].</li><li>There are 3 current crises and severity categories listed in the <a href=""https://www.acaps.org/en/thematics/all-topics/inform-severity-index"" target=""_blank"">INFORM Severity Index</a> for Yemen: Complex crisis in Yemen (Very High), Floods in Yemen (Medium), International Displacement to Yemen (Medium), as of 27/03/26.</li><li>Yemen is one of 12 focus countries in the UK's WPS <a href='https://assets.publishing.service.gov.uk/government/uploads/system/uploads/attachment_data/file/1156085/uk-women-peace-security-national-action-plan-2023-2027.pdf', target='_blank'>National Action Plan</a> for 2023-2027.</li></ul>","<ul><li>Yemen ranked 159 out of 165 countries in the Global Peace Index (2025).</li><li>Yemen ranked 177 out of 182 countries in the Corruption Perception Index (2025).</li><li>In the current period of analysis (Jun 2025) by the <a href='https://data.humdata.org/dataset/global-acute-food-insecurity-country-data', target='_blank'>IPC</a>, 49% of the population of Yemen are in IPC Phase 3+ (in food crisis), an estimated 17145484 people. 15% (5220058 people) are estimated to be in Phase 4 (emergency).</li><li>In Yemen there has been a total of 4,795,983 people displaced, with 36,442 new displacements in 2024 [<a href='https://data.humdata.org/dataset/idmc-internal-displacements-new-displacements-idps', target='_blank'>IDMC</a>].</li><li>There are 3 current crises and severity categories listed in the <a href=""https://www.acaps.org/en/thematics/all-topics/inform-severity-index"" target=""_blank"">INFORM Severity Index</a> for Yemen: Complex crisis in Yemen (Very High), Floods in Yemen (Medium), International Displacement to Yemen (Medium), as of 27/03/26.</li><li>Yemen is one of 12 focus countries in the UK's WPS <a href='https://assets.publishing.service.gov.uk/government/uploads/system/uploads/attachment_data/file/1156085/uk-women-peace-security-national-action-plan-2023-2027.pdf', target='_blank'>National Action Plan</a> for 2023-2027.</li></ul>"
pax,Zimbabwe,152.0,ZWE,552.0,716.0,ZIM,2.0,All,https://www.peaceagreements.org/tracker/all,https://www.peaceagreements.org/agreements/search/?search_type=basic-search&countries=152&match_any_issues=True&name=&text=&signed_after=&signed_before=,3,1,"<ul><li>The most recent agreement signed in Zimbabwe was <a href=""https://www.peaceagreements.org/agreements/1340/"" target=""_blank"">Constitution of Zimbabwe Amendment (No 20) 2013 (19/03/2013)</a>, as part of the Zimbabwe post-election process.</li><li>There has been a total of 3 agreements in Zimbabwe, since the first agreement was signed in 2008 (<a href=""https://www.peaceagreements.org/agreements/828/"" target=""_blank"">Memorandum of Understanding between the Zimbabwe African National Union (Patriotic Front) and the two Movement for the Democratic Change Formations (21/07/2008)</a>), in 1 peace process (Zimbabwe post-election process).</li></ul>",,,,,,,,,,,,,,,,,,,,716.0,Zimbabwe,7,36,0,7,2,8,16,41,-1,-2,-5,-9,-12.5,-100.0,-12.195121951219512,-56.25,2026-03-31,2.223,165,Zimbabwe ranked 2 out of 165 countries in the Global Peace Index (2025).,157.0,182,Zimbabwe ranked 157 out of 182 countries in the Corruption Perception Index (2025).,"In the current period of analysis (Oct 2020) by the <a href='https://data.humdata.org/dataset/global-acute-food-insecurity-country-data', target='_blank'>IPC</a>, 27% of the population of Zimbabwe are in IPC Phase 3+ (in food crisis), an estimated 2605477 people. 6% (588235 people) are estimated to be in Phase 4 (emergency).","In Zimbabwe there has been a total of 401 people displaced, with 140 new displacements in 2024 [<a href='https://data.humdata.org/dataset/idmc-internal-displacements-new-displacements-idps', target='_blank'>IDMC</a>].","There is 1 current crisis and severity category listed in the <a href=""https://www.acaps.org/en/thematics/all-topics/inform-severity-index"" target=""_blank"">INFORM Severity Index</a> for Zimbabwe: Drought and political economic crisis in Zimbabwe (High), as of 25/02/26.",,"<ul><li>In the current period of analysis (Oct 2020) by the <a href='https://data.humdata.org/dataset/global-acute-food-insecurity-country-data', target='_blank'>IPC</a>, 27% of the population of Zimbabwe are in IPC Phase 3+ (in food crisis), an estimated 2605477 people. 6% (588235 people) are estimated to be in Phase 4 (emergency).</li><li>In Zimbabwe there has been a total of 401 people displaced, with 140 new displacements in 2024 [<a href='https://data.humdata.org/dataset/idmc-internal-displacements-new-displacements-idps', target='_blank'>IDMC</a>].</li><li>There is 1 current crisis and severity category listed in the <a href=""https://www.acaps.org/en/thematics/all-topics/inform-severity-index"" target=""_blank"">INFORM Severity Index</a> for Zimbabwe: Drought and political economic crisis in Zimbabwe (High), as of 25/02/26.</li></ul>","<ul><li>Zimbabwe ranked 2 out of 165 countries in the Global Peace Index (2025).</li><li>Zimbabwe ranked 157 out of 182 countries in the Corruption Perception Index (2025).</li><li>In the current period of analysis (Oct 2020) by the <a href='https://data.humdata.org/dataset/global-acute-food-insecurity-country-data', target='_blank'>IPC</a>, 27% of the population of Zimbabwe are in IPC Phase 3+ (in food crisis), an estimated 2605477 people. 6% (588235 people) are estimated to be in Phase 4 (emergency).</li><li>In Zimbabwe there has been a total of 401 people displaced, with 140 new displacements in 2024 [<a href='https://data.humdata.org/dataset/idmc-internal-displacements-new-displacements-idps', target='_blank'>IDMC</a>].</li><li>There is 1 current crisis and severity category listed in the <a href=""https://www.acaps.org/en/thematics/all-topics/inform-severity-index"" target=""_blank"">INFORM Severity Index</a> for Zimbabwe: Drought and political economic crisis in Zimbabwe (High), as of 25/02/26.</li></ul>"
pax,Zimbabwe,152.0,ZWE,552.0,716.0,ZIM,2.0,All,https://www.peaceagreements.org/tracker/all,https://www.peaceagreements.org/agreements/search/?search_type=basic-search&countries=152&match_any_issues=True&name=&text=&signed_after=&signed_before=,3,1,"<ul><li>The most recent agreement signed in Zimbabwe was <a href=""https://www.peaceagreements.org/agreements/1340/"" target=""_blank"">Constitution of Zimbabwe Amendment (No 20) 2013 (19/03/2013)</a>, as part of the Zimbabwe post-election process.</li><li>There has been a total of 3 agreements in Zimbabwe, since the first agreement was signed in 2008 (<a href=""https://www.peaceagreements.org/agreements/828/"" target=""_blank"">Memorandum of Understanding between the Zimbabwe African National Union (Patriotic Front) and the two Movement for the Democratic Change Formations (21/07/2008)</a>), in 1 peace process (Zimbabwe post-election process).</li></ul>",,,,,,,,,,,,,,,,,,,,716.0,Zimbabwe,7,36,0,7,2,8,16,41,-1,-2,-5,-9,-12.5,-100.0,-12.195121951219512,-56.25,2026-03-31,114.0,165,Zimbabwe ranked 114 out of 165 countries in the Global Peace Index (2025).,157.0,182,Zimbabwe ranked 157 out of 182 countries in the Corruption Perception Index (2025).,"In the current period of analysis (Oct 2020) by the <a href='https://data.humdata.org/dataset/global-acute-food-insecurity-country-data', target='_blank'>IPC</a>, 27% of the population of Zimbabwe are in IPC Phase 3+ (in food crisis), an estimated 2605477 people. 6% (588235 people) are estimated to be in Phase 4 (emergency).","In Zimbabwe there has been a total of 401 people displaced, with 140 new displacements in 2024 [<a href='https://data.humdata.org/dataset/idmc-internal-displacements-new-displacements-idps', target='_blank'>IDMC</a>].","There is 1 current crisis and severity category listed in the <a href=""https://www.acaps.org/en/thematics/all-topics/inform-severity-index"" target=""_blank"">INFORM Severity Index</a> for Zimbabwe: Drought and political economic crisis in Zimbabwe (High), as of 25/02/26.",,"<ul><li>In the current period of analysis (Oct 2020) by the <a href='https://data.humdata.org/dataset/global-acute-food-insecurity-country-data', target='_blank'>IPC</a>, 27% of the population of Zimbabwe are in IPC Phase 3+ (in food crisis), an estimated 2605477 people. 6% (588235 people) are estimated to be in Phase 4 (emergency).</li><li>In Zimbabwe there has been a total of 401 people displaced, with 140 new displacements in 2024 [<a href='https://data.humdata.org/dataset/idmc-internal-displacements-new-displacements-idps', target='_blank'>IDMC</a>].</li><li>There is 1 current crisis and severity category listed in the <a href=""https://www.acaps.org/en/thematics/all-topics/inform-severity-index"" target=""_blank"">INFORM Severity Index</a> for Zimbabwe: Drought and political economic crisis in Zimbabwe (High), as of 25/02/26.</li></ul>","<ul><li>Zimbabwe ranked 114 out of 165 countries in the Global Peace Index (2025).</li><li>Zimbabwe ranked 157 out of 182 countries in the Corruption Perception Index (2025).</li><li>In the current period of analysis (Oct 2020) by the <a href='https://data.humdata.org/dataset/global-acute-food-insecurity-country-data', target='_blank'>IPC</a>, 27% of the population of Zimbabwe are in IPC Phase 3+ (in food crisis), an estimated 2605477 people. 6% (588235 people) are estimated to be in Phase 4 (emergency).</li><li>In Zimbabwe there has been a total of 401 people displaced, with 140 new displacements in 2024 [<a href='https://data.humdata.org/dataset/idmc-internal-displacements-new-displacements-idps', target='_blank'>IDMC</a>].</li><li>There is 1 current crisis and severity category listed in the <a href=""https://www.acaps.org/en/thematics/all-topics/inform-severity-index"" target=""_blank"">INFORM Severity Index</a> for Zimbabwe: Drought and political economic crisis in Zimbabwe (High), as of 25/02/26.</li></ul>"
conflict,Brazil,,BRA,140.0,76.0,BRA,0.0,Home,https://www.peaceagreements.org/tracker/,https://www.peaceagreements.org/agreements/search/,0,0,We found no agreements in PA-X for conflicts with Brazil,140.0,Brazil,24.0,24.0,0.0,0.0,0.0,0.0,1123.0,1009.0,0.0,0.0,-985.0,-1099.0,0.0,0.0,-97.62140733399404,-97.86286731967942,2026-01-31,76.0,Brazil,8055,9363,575,662,693,796,7478,8666,-134,-118,697,577,-16.834170854271356,-17.027417027417027,8.042926378952227,7.715966836052421,2026-03-31,130.0,165,Brazil ranked 130 out of 165 countries in the Global Peace Index (2025).,107.0,182,Brazil ranked 107 out of 182 countries in the Corruption Perception Index (2025).,,"In Brazil there has been a total of 19,043 people displaced, with 19,043 new displacements in 2024 [<a href='https://data.humdata.org/dataset/idmc-internal-displacements-new-displacements-idps', target='_blank'>IDMC</a>].","There are 3 current crises and severity categories listed in the <a href=""https://www.acaps.org/en/thematics/all-topics/inform-severity-index"" target=""_blank"">INFORM Severity Index</a> for Brazil: Country level Brazil (Medium), Displacement from Venezuela to Brazil (Medium), Drought in the Amazonas (Medium), as of 30/03/26.",,"<ul><li>In Brazil there has been a total of 19,043 people displaced, with 19,043 new displacements in 2024 [<a href='https://data.humdata.org/dataset/idmc-internal-displacements-new-displacements-idps', target='_blank'>IDMC</a>].</li><li>There are 3 current crises and severity categories listed in the <a href=""https://www.acaps.org/en/thematics/all-topics/inform-severity-index"" target=""_blank"">INFORM Severity Index</a> for Brazil: Country level Brazil (Medium), Displacement from Venezuela to Brazil (Medium), Drought in the Amazonas (Medium), as of 30/03/26.</li></ul>","<ul><li>Brazil ranked 130 out of 165 countries in the Global Peace Index (2025).</li><li>Brazil ranked 107 out of 182 countries in the Corruption Perception Index (2025).</li><li>In Brazil there has been a total of 19,043 people displaced, with 19,043 new displacements in 2024 [<a href='https://data.humdata.org/dataset/idmc-internal-displacements-new-displacements-idps', target='_blank'>IDMC</a>].</li><li>There are 3 current crises and severity categories listed in the <a href=""https://www.acaps.org/en/thematics/all-topics/inform-severity-index"" target=""_blank"">INFORM Severity Index</a> for Brazil: Country level Brazil (Medium), Displacement from Venezuela to Brazil (Medium), Drought in the Amazonas (Medium), as of 30/03/26.</li></ul>"
conflict,Brazil,,BRA,140.0,76.0,BRA,0.0,Home,https://www.peaceagreements.org/tracker/,https://www.peaceagreements.org/agreements/search/,0,0,We found no agreements in PA-X for conflicts with Brazil,140.0,Brazil,24.0,24.0,0.0,0.0,0.0,0.0,1123.0,1009.0,0.0,0.0,-985.0,-1099.0,0.0,0.0,-97.62140733399404,-97.86286731967942,2026-01-31,76.0,Brazil,8055,9363,575,662,693,796,7478,8666,-134,-118,697,577,-16.834170854271356,-17.027417027417027,8.042926378952227,7.715966836052421,2026-03-31,2.472,165,Brazil ranked 2 out of 165 countries in the Global Peace Index (2025).,107.0,182,Brazil ranked 107 out of 182 countries in the Corruption Perception Index (2025).,,"In Brazil there has been a total of 19,043 people displaced, with 19,043 new displacements in 2024 [<a href='https://data.humdata.org/dataset/idmc-internal-displacements-new-displacements-idps', target='_blank'>IDMC</a>].","There are 3 current crises and severity categories listed in the <a href=""https://www.acaps.org/en/thematics/all-topics/inform-severity-index"" target=""_blank"">INFORM Severity Index</a> for Brazil: Country level Brazil (Medium), Displacement from Venezuela to Brazil (Medium), Drought in the Amazonas (Medium), as of 30/03/26.",,"<ul><li>In Brazil there has been a total of 19,043 people displaced, with 19,043 new displacements in 2024 [<a href='https://data.humdata.org/dataset/idmc-internal-displacements-new-displacements-idps', target='_blank'>IDMC</a>].</li><li>There are 3 current crises and severity categories listed in the <a href=""https://www.acaps.org/en/thematics/all-topics/inform-severity-index"" target=""_blank"">INFORM Severity Index</a> for Brazil: Country level Brazil (Medium), Displacement from Venezuela to Brazil (Medium), Drought in the Amazonas (Medium), as of 30/03/26.</li></ul>","<ul><li>Brazil ranked 2 out of 165 countries in the Global Peace Index (2025).</li><li>Brazil ranked 107 out of 182 countries in the Corruption Perception Index (2025).</li><li>In Brazil there has been a total of 19,043 people displaced, with 19,043 new displacements in 2024 [<a href='https://data.humdata.org/dataset/idmc-internal-displacements-new-displacements-idps', target='_blank'>IDMC</a>].</li><li>There are 3 current crises and severity categories listed in the <a href=""https://www.acaps.org/en/thematics/all-topics/inform-severity-index"" target=""_blank"">INFORM Severity Index</a> for Brazil: Country level Brazil (Medium), Displacement from Venezuela to Brazil (Medium), Drought in the Amazonas (Medium), as of 30/03/26.</li></ul>"
conflict,Benin,,BEN,434.0,204.0,BEN,0.0,Home,https://www.peaceagreements.org/tracker/,https://www.peaceagreements.org/agreements/search/,0,0,We found no agreements in PA-X for conflicts with Benin,434.0,Benin,100.0,13.0,0.0,0.0,0.0,0.0,101.0,27.0,0.0,0.0,-14.0,-1.0,0.0,0.0,-51.85185185185185,-0.9900990099009901,2026-01-31,204.0,Benin,272,110,42,3,5,5,381,254,-2,37,-144,-109,-40.0,740.0,-56.69291338582677,-28.608923884514436,2026-03-31,2.211,165,Benin ranked 2 out of 165 countries in the Global Peace Index (2025).,70.0,182,Benin ranked 70 out of 182 countries in the Corruption Perception Index (2025).,"In the current period of analysis (Nov 2025) by the <a href='https://data.humdata.org/dataset/global-acute-food-insecurity-country-data', target='_blank'>IPC</a>, 7% of the population of Benin are in IPC Phase 3+ (in food crisis), an estimated 191108 people. 0% (2960 people) are estimated to be in Phase 4 (emergency).","In Benin, there has been a total of 12,501 people displaced as of end of 2024 [<a href='https://data.humdata.org/dataset/idmc-internal-displacements-new-displacements-idps', target='_blank'>IDMC</a>].","There is 1 current crisis and severity category listed in the <a href=""https://www.acaps.org/en/thematics/all-topics/inform-severity-index"" target=""_blank"">INFORM Severity Index</a> for Benin: Conflict in northern region of Benin (Medium), as of 23/03/26.",,"<ul><li>In the current period of analysis (Nov 2025) by the <a href='https://data.humdata.org/dataset/global-acute-food-insecurity-country-data', target='_blank'>IPC</a>, 7% of the population of Benin are in IPC Phase 3+ (in food crisis), an estimated 191108 people. 0% (2960 people) are estimated to be in Phase 4 (emergency).</li><li>In Benin, there has been a total of 12,501 people displaced as of end of 2024 [<a href='https://data.humdata.org/dataset/idmc-internal-displacements-new-displacements-idps', target='_blank'>IDMC</a>].</li><li>There is 1 current crisis and severity category listed in the <a href=""https://www.acaps.org/en/thematics/all-topics/inform-severity-index"" target=""_blank"">INFORM Severity Index</a> for Benin: Conflict in northern region of Benin (Medium), as of 23/03/26.</li></ul>","<ul><li>Benin ranked 2 out of 165 countries in the Global Peace Index (2025).</li><li>Benin ranked 70 out of 182 countries in the Corruption Perception Index (2025).</li><li>In the current period of analysis (Nov 2025) by the <a href='https://data.humdata.org/dataset/global-acute-food-insecurity-country-data', target='_blank'>IPC</a>, 7% of the population of Benin are in IPC Phase 3+ (in food crisis), an estimated 191108 people. 0% (2960 people) are estimated to be in Phase 4 (emergency).</li><li>In Benin, there has been a total of 12,501 people displaced as of end of 2024 [<a href='https://data.humdata.org/dataset/idmc-internal-displacements-new-displacements-idps', target='_blank'>IDMC</a>].</li><li>There is 1 current crisis and severity category listed in the <a href=""https://www.acaps.org/en/thematics/all-topics/inform-severity-index"" target=""_blank"">INFORM Severity Index</a> for Benin: Conflict in northern region of Benin (Medium), as of 23/03/26.</li></ul>"
conflict,Benin,,BEN,434.0,204.0,BEN,0.0,Home,https://www.peaceagreements.org/tracker/,https://www.peaceagreements.org/agreements/search/,0,0,We found no agreements in PA-X for conflicts with Benin,434.0,Benin,100.0,13.0,0.0,0.0,0.0,0.0,101.0,27.0,0.0,0.0,-14.0,-1.0,0.0,0.0,-51.85185185185185,-0.9900990099009901,2026-01-31,204.0,Benin,272,110,42,3,5,5,381,254,-2,37,-144,-109,-40.0,740.0,-56.69291338582677,-28.608923884514436,2026-03-31,112.0,165,Benin ranked 112 out of 165 countries in the Global Peace Index (2025).,70.0,182,Benin ranked 70 out of 182 countries in the Corruption Perception Index (2025).,"In the current period of analysis (Nov 2025) by the <a href='https://data.humdata.org/dataset/global-acute-food-insecurity-country-data', target='_blank'>IPC</a>, 7% of the population of Benin are in IPC Phase 3+ (in food crisis), an estimated 191108 people. 0% (2960 people) are estimated to be in Phase 4 (emergency).","In Benin, there has been a total of 12,501 people displaced as of end of 2024 [<a href='https://data.humdata.org/dataset/idmc-internal-displacements-new-displacements-idps', target='_blank'>IDMC</a>].","There is 1 current crisis and severity category listed in the <a href=""https://www.acaps.org/en/thematics/all-topics/inform-severity-index"" target=""_blank"">INFORM Severity Index</a> for Benin: Conflict in northern region of Benin (Medium), as of 23/03/26.",,"<ul><li>In the current period of analysis (Nov 2025) by the <a href='https://data.humdata.org/dataset/global-acute-food-insecurity-country-data', target='_blank'>IPC</a>, 7% of the population of Benin are in IPC Phase 3+ (in food crisis), an estimated 191108 people. 0% (2960 people) are estimated to be in Phase 4 (emergency).</li><li>In Benin, there has been a total of 12,501 people displaced as of end of 2024 [<a href='https://data.humdata.org/dataset/idmc-internal-displacements-new-displacements-idps', target='_blank'>IDMC</a>].</li><li>There is 1 current crisis and severity category listed in the <a href=""https://www.acaps.org/en/thematics/all-topics/inform-severity-index"" target=""_blank"">INFORM Severity Index</a> for Benin: Conflict in northern region of Benin (Medium), as of 23/03/26.</li></ul>","<ul><li>Benin ranked 112 out of 165 countries in the Global Peace Index (2025).</li><li>Benin ranked 70 out of 182 countries in the Corruption Perception Index (2025).</li><li>In the current period of analysis (Nov 2025) by the <a href='https://data.humdata.org/dataset/global-acute-food-insecurity-country-data', target='_blank'>IPC</a>, 7% of the population of Benin are in IPC Phase 3+ (in food crisis), an estimated 191108 people. 0% (2960 people) are estimated to be in Phase 4 (emergency).</li><li>In Benin, there has been a total of 12,501 people displaced as of end of 2024 [<a href='https://data.humdata.org/dataset/idmc-internal-displacements-new-displacements-idps', target='_blank'>IDMC</a>].</li><li>There is 1 current crisis and severity category listed in the <a href=""https://www.acaps.org/en/thematics/all-topics/inform-severity-index"" target=""_blank"">INFORM Severity Index</a> for Benin: Conflict in northern region of Benin (Medium), as of 23/03/26.</li></ul>"
conflict,Burkina Faso,,BFA,439.0,854.0,BFO,0.0,Home,https://www.peaceagreements.org/tracker/,https://www.peaceagreements.org/agreements/search/,0,0,We found no agreements in PA-X for conflicts with Burkina Faso,439.0,Burkina Faso,2227.0,296.0,162.0,65.0,0.0,0.0,4031.0,352.0,0.0,0.0,-56.0,-1804.0,0.0,0.0,-15.909090909090908,-44.7531629868519,2026-01-31,854.0,Burkina Faso,4554,1339,314,155,474,106,7418,1406,49,-160,-67,-2864,46.22641509433962,-33.755274261603375,-4.76529160739687,-38.60878943111351,2026-03-31,152.0,165,Burkina Faso ranked 152 out of 165 countries in the Global Peace Index (2025).,84.0,182,Burkina Faso ranked 84 out of 182 countries in the Corruption Perception Index (2025).,"In the current period of analysis (Mar 2024) by the <a href='https://data.humdata.org/dataset/global-acute-food-insecurity-country-data', target='_blank'>IPC</a>, 7% of the population of Burkina Faso are in IPC Phase 3+ (in food crisis), an estimated 1749437 people. 0% (76124 people) are estimated to be in Phase 4 (emergency).","In Burkina Faso there has been a total of 2,062,534 people displaced, with 379,980 new displacements in 2024 [<a href='https://data.humdata.org/dataset/idmc-internal-displacements-new-displacements-idps', target='_blank'>IDMC</a>].","There is 1 current crisis and severity category listed in the <a href=""https://www.acaps.org/en/thematics/all-topics/inform-severity-index"" target=""_blank"">INFORM Severity Index</a> for Burkina Faso: Conflict and Climatic Shocks in Burkina Faso (Very High), as of 23/03/26.",,"<ul><li>In the current period of analysis (Mar 2024) by the <a href='https://data.humdata.org/dataset/global-acute-food-insecurity-country-data', target='_blank'>IPC</a>, 7% of the population of Burkina Faso are in IPC Phase 3+ (in food crisis), an estimated 1749437 people. 0% (76124 people) are estimated to be in Phase 4 (emergency).</li><li>In Burkina Faso there has been a total of 2,062,534 people displaced, with 379,980 new displacements in 2024 [<a href='https://data.humdata.org/dataset/idmc-internal-displacements-new-displacements-idps', target='_blank'>IDMC</a>].</li><li>There is 1 current crisis and severity category listed in the <a href=""https://www.acaps.org/en/thematics/all-topics/inform-severity-index"" target=""_blank"">INFORM Severity Index</a> for Burkina Faso: Conflict and Climatic Shocks in Burkina Faso (Very High), as of 23/03/26.</li></ul>","<ul><li>Burkina Faso ranked 152 out of 165 countries in the Global Peace Index (2025).</li><li>Burkina Faso ranked 84 out of 182 countries in the Corruption Perception Index (2025).</li><li>In the current period of analysis (Mar 2024) by the <a href='https://data.humdata.org/dataset/global-acute-food-insecurity-country-data', target='_blank'>IPC</a>, 7% of the population of Burkina Faso are in IPC Phase 3+ (in food crisis), an estimated 1749437 people. 0% (76124 people) are estimated to be in Phase 4 (emergency).</li><li>In Burkina Faso there has been a total of 2,062,534 people displaced, with 379,980 new displacements in 2024 [<a href='https://data.humdata.org/dataset/idmc-internal-displacements-new-displacements-idps', target='_blank'>IDMC</a>].</li><li>There is 1 current crisis and severity category listed in the <a href=""https://www.acaps.org/en/thematics/all-topics/inform-severity-index"" target=""_blank"">INFORM Severity Index</a> for Burkina Faso: Conflict and Climatic Shocks in Burkina Faso (Very High), as of 23/03/26.</li></ul>"
conflict,Burkina Faso,,BFA,439.0,854.0,BFO,0.0,Home,https://www.peaceagreements.org/tracker/,https://www.peaceagreements.org/agreements/search/,0,0,We found no agreements in PA-X for conflicts with Burkina Faso,439.0,Burkina Faso,2227.0,296.0,162.0,65.0,0.0,0.0,4031.0,352.0,0.0,0.0,-56.0,-1804.0,0.0,0.0,-15.909090909090908,-44.7531629868519,2026-01-31,854.0,Burkina Faso,4554,1339,314,155,474,106,7418,1406,49,-160,-67,-2864,46.22641509433962,-33.755274261603375,-4.76529160739687,-38.60878943111351,2026-03-31,3.016,165,Burkina Faso ranked 3 out of 165 countries in the Global Peace Index (2025).,84.0,182,Burkina Faso ranked 84 out of 182 countries in the Corruption Perception Index (2025).,"In the current period of analysis (Mar 2024) by the <a href='https://data.humdata.org/dataset/global-acute-food-insecurity-country-data', target='_blank'>IPC</a>, 7% of the population of Burkina Faso are in IPC Phase 3+ (in food crisis), an estimated 1749437 people. 0% (76124 people) are estimated to be in Phase 4 (emergency).","In Burkina Faso there has been a total of 2,062,534 people displaced, with 379,980 new displacements in 2024 [<a href='https://data.humdata.org/dataset/idmc-internal-displacements-new-displacements-idps', target='_blank'>IDMC</a>].","There is 1 current crisis and severity category listed in the <a href=""https://www.acaps.org/en/thematics/all-topics/inform-severity-index"" target=""_blank"">INFORM Severity Index</a> for Burkina Faso: Conflict and Climatic Shocks in Burkina Faso (Very High), as of 23/03/26.",,"<ul><li>In the current period of analysis (Mar 2024) by the <a href='https://data.humdata.org/dataset/global-acute-food-insecurity-country-data', target='_blank'>IPC</a>, 7% of the population of Burkina Faso are in IPC Phase 3+ (in food crisis), an estimated 1749437 people. 0% (76124 people) are estimated to be in Phase 4 (emergency).</li><li>In Burkina Faso there has been a total of 2,062,534 people displaced, with 379,980 new displacements in 2024 [<a href='https://data.humdata.org/dataset/idmc-internal-displacements-new-displacements-idps', target='_blank'>IDMC</a>].</li><li>There is 1 current crisis and severity category listed in the <a href=""https://www.acaps.org/en/thematics/all-topics/inform-severity-index"" target=""_blank"">INFORM Severity Index</a> for Burkina Faso: Conflict and Climatic Shocks in Burkina Faso (Very High), as of 23/03/26.</li></ul>","<ul><li>Burkina Faso ranked 3 out of 165 countries in the Global Peace Index (2025).</li><li>Burkina Faso ranked 84 out of 182 countries in the Corruption Perception Index (2025).</li><li>In the current period of analysis (Mar 2024) by the <a href='https://data.humdata.org/dataset/global-acute-food-insecurity-country-data', target='_blank'>IPC</a>, 7% of the population of Burkina Faso are in IPC Phase 3+ (in food crisis), an estimated 1749437 people. 0% (76124 people) are estimated to be in Phase 4 (emergency).</li><li>In Burkina Faso there has been a total of 2,062,534 people displaced, with 379,980 new displacements in 2024 [<a href='https://data.humdata.org/dataset/idmc-internal-displacements-new-displacements-idps', target='_blank'>IDMC</a>].</li><li>There is 1 current crisis and severity category listed in the <a href=""https://www.acaps.org/en/thematics/all-topics/inform-severity-index"" target=""_blank"">INFORM Severity Index</a> for Burkina Faso: Conflict and Climatic Shocks in Burkina Faso (Very High), as of 23/03/26.</li></ul>"
